asin,title,brand,category,image_url,product_url,search_text,price,rating,review_count,bestseller_rank,avg_sentiment,n_reviews
B0B59BJG6Y,4/5 Pack Mens Polo Shirts Short Sleeve Quick Dry Moisture Wicking Casual Golf T Shirts for Men,MLYENX Store,Polos,https://m.media-amazon.com/images/I/41yUF65PmbL.jpg,https://www.amazon.com/dp/B0B59BJG6Y,4 5 pack mens polo shirts short sleeve quick dry moisture wicking casual golf t shirts for men premium comfort crafted from a high quality cotton blend these mens polo shirts are soft lightweight and breathable ensuring you stay comfortable whether at work on the golf course in your favorite golf shirts or out for a casual dayeffortless style designed with a timeless classic fit these polo shirts seamlessly transition from casual to smart casual pair them with jeans chinos or shorts for a polished look that s always in style perfect as polo t shirts for menexceptional value this 5 pack of polo shirts for men offers unbeatable value featuring a selection of classic and versatile colors great for updating your wardrobe with multiple mens polo shirts that suit any occasionperfect fit for every man available in a range of sizes from small to 3xl this 5 pack of polo shirts is designed to offer a comfortable and flattering fit for every body type making it the go to choice for any man s wardrobeeasy care made to withstand regular wear and washing these mens polo retain their shape color and softness simply machine wash with cold water fuss free maintenance,39.9926,4.6,1654.0,85.0,0.4659300595238095,10
B0DLGB4RYH,COOFANDY Men's Polo Shirts Short Sleeve Moisture Wicking Golf Shirt Fashion Casual Collared T-Shirt,COOFANDY Store,Polos,https://m.media-amazon.com/images/I/31a3mSs3paL.jpg,https://www.amazon.com/dp/B0DLGB4RYH,coofandy men s polo shirts short sleeve moisture wicking golf shirt fashion casual collared t shirt material men s polo shirt is made of soft polyester fabric moisture wicking stain resistant durable work shirts lightweight breathable and comfortable golf shirt for men keeps you cool and dry in all day design mens short sleeve polo shirts designed with 3 button closure solid color basic collared t shirt with split hem unrestricted movement during your golf swings fashion classic design golf polo shirt is great for spring summer and fall match polo shirts can be worn out or tucked tucked polos for business casual settings while untucked polos casual look ideal for everyday wear basic polo t shirts for men easy to match with slacks jeans suit pants shorts etc occasions polo shirts for men is suitable for casual golf business office work everyday wear school uniform travel meeting dating dinner street hiking camping tennis or other activities perfect valentine s day father s day christmas thanksgiving day birthday gift for father husband son boyfriends friends or yourself garment care machine washable easy to care and wash note men s golf polo shirt is in standard us size please choose your size refer to the size information under the description before ordering,19.992,4.4,20.0,199.0,0.2920238095238096,1
B0DRXF62JH,ZITY 3 Pack Men Polo Shirts Short Sleeve with Pocket Sport Wicking Shirts for Men Casual Athletic Collared T-Shirts,ZITY Store,Polos,https://m.media-amazon.com/images/I/41J5q-Ua0KL.jpg,https://www.amazon.com/dp/B0DRXF62JH,zity 3 pack men polo shirts short sleeve with pocket sport wicking shirts for men casual athletic collared t shirts performance these men polo shirts are soft lightweight and moisture wicking keep you cool and breathablemultipack 3 pack men short sleeved polo shirts offering various colors and sizes can be used on multiple combinationsfeature three buttons polo shirts easy to wear front pocket design classic striped color contrast just for your comfortoccasion suit for any casual occasions such as daily wear business sports outdoor date golf party hiking camping street etc tips this mens shirts short sleeve can be machine washed and easy to maintain not easy to deform and will not pilling they are available in sizes m l xl 2xl 3xl,29.995,4.6,5.0,111.0,0.32031043956043953,5
B0DK5FZ325,Rouen Mens Golf Shirt Moisture Wicking Dry Fit Performance Stripe Casual Collared Short Sleeve Golf Polo Shirts for Men,Rouen Store,Polos,https://m.media-amazon.com/images/I/31J1ttvfybL.jpg,https://www.amazon.com/dp/B0DK5FZ325,rouen mens golf shirt moisture wicking dry fit performance stripe casual collared short sleeve golf polo shirts for men material these golf shirts for men are made of quality polyester and spandx fabric providing you with lightweight soft smooth and skin friendly feeling ensuring optimum comfort throughout the day properties carefully selected fabric for our polo shirts to provide optimal moisture wicking and 4 way stretch properties keeping you dry and cool throughout your game meanwhile offering great range of motion when you swing the club design the three tones stripe adds a stylish touch for our men s golf shirts effortlessly blends classic elements with modern trends feature with button closure and no curl collar keep good shape well made stitching easy care multiple colorways the variety of colorways available in our mens polo collection allows you to express your personal style choose from bold and vibrant hues for a statement look or opt for more subtle tones for a refined and understated appearance occasion our men s polo shirts short sleeve perfect for golf tennis and other outdoor sports activities also it can be a business or daily casual shirts great gifts for dad families friends or boyfriends,32.95,4.8,22.0,266.0,0.3399999999999999,1
B0BGXTC1FR,V VALANCH Mens Polo Shirts Short Sleeve Moisture Wicking Golf Polo Athletic Collared Shirt Tennis T-Shirt Tops,V VALANCH Store,Polos,https://m.media-amazon.com/images/I/31Ff+3IbUCL.jpg,https://www.amazon.com/dp/B0BGXTC1FR,v valanch mens polo shirts short sleeve moisture wicking golf polo athletic collared shirt tennis t shirt tops moisture wicking the fabric of the summer golf shirt absorbs moisture and sweat from the skin and quickly diffuses into the air to keep the skin dry and comfortable away from the swelter and odorslightweight flexible anti wrinkle soft breathable fabric slips on the body fine flexible fit this men s golf polo provides enhanced mobility during the golf swing and outdoor activity designs right sleeve with a pocket of the tennis shirt for carrying your small accessories a hook under the button suitable for diagonally hanging sunglasses or pensoccasion the polo shirt is a great idea for golf bowling tennis outdoor activity daily wear and work wear and a great gift for yourself or your hubby son brothers friendseasy care machine wash hand wash medium heat dry don t bleach don t exposure gentle washing way can extend the life of the polo t shirt,26.9931,4.4,2175.0,11.0,0.4409642857142857,10
B07FMX9FSF,"POLO RALPH LAUREN Men's Slim Fit Cotton Crew Undershirts, 3 Pack",POLO Store,Undershirts,https://m.media-amazon.com/images/I/21+XaygRfPL.jpg,https://www.amazon.com/dp/B07FMX9FSF,polo ralph lauren men s slim fit cotton crew undershirts 3 pack length 29 25in 74cm chest 41in 104cm polo mens polo ralph lauren slim fit wicking crew undershirts 3 pack,49.5,4.6,11355.0,20.0,0.2695068027210884,1
B07FMYL9NR,"POLO RALPH LAUREN Men's Classic Fit Cotton Crew Undershirts, 3 Pack",POLO RALPH LAUREN Store,Undershirts,https://m.media-amazon.com/images/I/21RAf-kCcCL.jpg,https://www.amazon.com/dp/B07FMYL9NR,polo ralph lauren men s classic fit cotton crew undershirts 3 pack a quality polo ralph lauren staple for your wardrobe essentials soft ribbed cotton fabrication with a body hugging fit moisture wicking fabric for all day comfort crew neckline short sleeve design,49.5,4.5,13349.0,15.0,0.3481875,10
B0BGSDG377,TELALEO 4/5 Pack Mens Polo Shirts Quick Dry Short Sleeve Golf T Shirt Performance Moisture Wicking Casual Workout,TELALEO Store,Polos,https://m.media-amazon.com/images/I/41Y0ODeUo4L.jpg,https://www.amazon.com/dp/B0BGSDG377,telaleo 4 5 pack mens polo shirts quick dry short sleeve golf t shirt performance moisture wicking casual workout lightweight breathable quick dry fabric soft smooth fabric wicks moisture quickly keep you drytagless printed tag inside polo t shirt neck all works just for your comfortodor resistant 95 polyster 5 spandex 3 button down shirt quick dry stay cool fresh these polo shirts work great for sun protection performed as upf spf shirtsvarious use perfect for sports such as golf and tennis wearing to the office or lounging around homewarm tips to ensure that you get a right fit we recommend checking sizing chart before purchase if you are stronger and taller than other regular please choose a bigger size than you usually wear note these summer collared shirts are machine washable but need tumble dry low,42.997,4.5,3781.0,5.0,0.3478627082145989,11
B07FMZ31SR,"POLO RALPH LAUREN Men's Classic Fit Cotton V-Neck Undershirts, 3 Pack",POLO Store,Polos,https://m.media-amazon.com/images/I/21I4DJY-R-L.jpg,https://www.amazon.com/dp/B07FMZ31SR,polo ralph lauren men s classic fit cotton v neck undershirts 3 pack a quality polo ralph lauren staple for your wardrobe essentials soft ribbed cotton fabrication with a body hugging fit moisture wicking fabric for all day comfort v neckline short sleeve design polo mens classic fit cotton v neck undershirt 3 pack,49.5,4.5,2581.0,244.0,0.19026479567707164,10
B0CXDL2NP6,OYGSieg 6 Pack Mens Polo Shirts Performance Short Sleeve Golf Shirt Moisture Wicking Athletic Casual Collared T-Shirt,OYGSieg Store,Polos,https://m.media-amazon.com/images/I/41tX0+blTkL.jpg,https://www.amazon.com/dp/B0CXDL2NP6,oygsieg 6 pack mens polo shirts performance short sleeve golf shirt moisture wicking athletic casual collared t shirt performance fabric blend material blend of 95 polyester and 5 spandex ensuring our men s polo shirts are lightweight breathable and incredibly soft advanced moisture wicking technology stay cool and dry in any condition with our moisture wicking fabric this technology efficiently moves sweat away from your skin to the dry areas of the shirt ensuring quick drying while maintaining a soft and breathable feel upf 50 sun protection men s golf shirts made with light weight fabric boasts upf50 protect you from uv rays all day long stylish design elements elevate your appearance adding a touch of sophistication to your ensemble the lightweight tech fabric not only enhances style but ensures a quick dry making it the perfect companion for seasons like spring summer and autumn versatile occasions our men s quick dry golf polo is more than just a golf shirt it s perfect for daily wear work sports and the new work from home normal whether you re attending zoom calls or enjoying outdoor activities like golfing hiking or fishing this shirt is your go to companion share the comfort with family and friends it makes an ideal gift,48.99,4.5,1215.0,245.0,0.4115413330056187,10
B09MHPSWY2,ZITY 5 Pack Mens Polo Shirt Short Sleeve Sports Golf Tennis T-Shirt Moisture-Wicking Summer Shirts,ZITY Store,Polos,https://m.media-amazon.com/images/I/412gm7SmcBL.jpg,https://www.amazon.com/dp/B09MHPSWY2,zity 5 pack mens polo shirt short sleeve sports golf tennis t shirt moisture wicking summer shirts quality material this men s polo shirts short sleeve made from polyester spandex offering lightweight moisture wicking soft hand feel four way stretch keep you cool and breathablecolor and size our mens golf polo short sleeve based on us regular fit m l xl xxl 3xl and multiple colors for choice allowing for great mobility in any directions and making you have different look everydaystylish feature our mens casual shirts button placket and simple look that make this golf polo shirt a go to for the office or the vacationoccasion this mens shirts casual is easy to match for a daily look can be a business casual shirt also perfect for sport golf tennis and other outdoor activities great gift for husband friends or boyfriendswash tip machine wash anti fading and anti pilling do not bleach,68.3935,4.4,1278.0,16.0,0.24828368853368848,10
B0DPQC1NSV,M MAELREG Mens Golf Shirts Dry Fit Moisture Wicking Performance Sports Short Sleeve Striped Collared Polo Shirts for Men,M MAELREG Store,Polos,https://m.media-amazon.com/images/I/41HmHHvchRL.jpg,https://www.amazon.com/dp/B0DPQC1NSV,m maelreg mens golf shirts dry fit moisture wicking performance sports short sleeve striped collared polo shirts for men performance fabric this mens golf polo shirts is made from a polyester and spandex blend featuring moisture wicking quick drying 4 way stretch upf 30 offering a comfortable and breathable experience for golfstylish design maelreg collared men s polo shirt features a classic 3 tones striped fabric with a 3 button placket and side slit hem adding a stylish touch for both sports and daily wearexquisite craftsmanship resistant to fading the seamless size label ensures comfort against the skin and the double stitched sleeves and hem help maintain the shape meeting your expectations for a premium mens golf shirtsoccasion this striped mens polo shirts short sleeve offers a classic fit that suits for golf tennis other sports as well as business work or casual wear perfect gift for fathers boyfriends husbands family or friendsnote golf shirts for men dry fit is machine washable and easy to care for available in sizes s m l xl 2xl and 3xl standard us sizing please refer to the size chart in the product images or description before ordering,32.95,4.8,14.0,453.0,0.3143395234151813,10
B0DWXNDJPK,Men's Polo Shirts Performance Short Sleeve Golf Shirt Recycled Polyester Moisture-Wicking Dry Fit Solid Athletic Apparel,AULEEGAR Store,Polos,https://m.media-amazon.com/images/I/316fZY5RoYL.jpg,https://www.amazon.com/dp/B0DWXNDJPK,men s polo shirts performance short sleeve golf shirt recycled polyester moisture wicking dry fit solid athletic apparel recycled fabric golf t shirts for men crafted from high quality recycled materials these mens golf shirts are not only durable but also a step towards a greener planet the fabric is soft lightweight and perfect for all day comfort you can feel good about wearing a shirt that is kind to the environment while enjoying its premium quality whether you re on the golf course or other sports this shirt is a great choice breathable and quick dry these polo shirts men are all about breathability they re made to keep you cool and dry even when the heat is on the quick dry tech means sweat doesn t stick around so you stay fresh and comfortable whether you re on the golf course or out and about this shirt will keep you dry and focused the fabric breathes well letting air flow freely and stopping you from getting too hot it s a great feeling to wear featuring a classic design these men golf polo are equipped with a three button placket side vents and short sleeves the three button placket lends a clean and refined appearance while the side vents enhance mobility and comfort the short sleeves make them ideal for warm weather adding to their versatility for various occasions additionally the classic solid color design is highly versatile effortlessly pairing with any sports shorts or casual trousers ideal for gift giving these business casual polo shirts for men are perfect gifts for golf lovers on birthdays father s day or christmas they re stylish and practical showing you care about their interests and the environment a sustainable and high quality golf shirt is a thoughtful gift for special occasions your loved ones will value its thoughtfulness and quality making it a memorable present versatile use these men s golf polo shirts are versatile beyond golf they re suitable for fishing hiking tennis and other activities the comfortable and breathable fabric makes them ideal for outdoor adventures they re also great for daily wear whether at work or running errands the classic design and solid color make them easy to pair with any outfit a must have for your wardrobe,29.98,4.4,0.0,1308.0,0.0,0
B0DWFMDQBT,ZITY 3 Pack Mens Polo Shirts Short Sleeve Golf Polo Moisture Wicking Performance Collared Casual Tennis Athletic T-Shirt,ZITY Store,Polos,https://m.media-amazon.com/images/I/31oF8XGgvaL.jpg,https://www.amazon.com/dp/B0DWFMDQBT,zity 3 pack mens polo shirts short sleeve golf polo moisture wicking performance collared casual tennis athletic t shirt moisture wicking crafted from 94 polyester and 6 elastane this men s golf shirt is lightweight quick drying moisture wicking it keeps you dry and cool by absorbing sweat and allowing it to evaporate quickly make it perfect for active days performance fabric this golf polo is soft breathable stretchy and features a removable tag for added comfort its performance fabric ensures a comfortable fit during golf swings tennis hiking work duty or other activities casual fit designed with short sleeve a polo collar and a 3 button placket this shirt combines casual style with sporty functionality the high quality tailoring ensures a comfortable fit enhancing mobility for golf swing and outdoor activities perfect for ideal for golf hiking fishing tactical and more this active polo transitions seamlessly from outdoor adventures to daily wear its design makes it a must have for casual or semi formal occasions keeping you stylish and comfortable easy care maintain your shirt s quality with simple care machine or hand wash with low heat drying avoid bleach to preserve the fabric s integrity and extend the life of your shirt,42.99,4.4,0.0,1067.0,0.0,0
B0CQTCDJJ7,M MAELREG Golf Shirts for Men Dry fit Sports Jacquard Lightweight Performance Texture Short Sleeve Collared Polo Shirts,M MAELREG Store,Polos,https://m.media-amazon.com/images/I/313R6kkm9gL.jpg,https://www.amazon.com/dp/B0CQTCDJJ7,m maelreg golf shirts for men dry fit sports jacquard lightweight performance texture short sleeve collared polo shirts performance material this golf polo shirts for men are crafted from a blend of polyester spandex fabric offering the properties of lightweight upf30 moisture wicking quick dry 4 way stretch soft and breathable contribute to your overall comfort on the course fashion feature our mens polo shirts short sleeve are made from high end jacquard fabric exclusive texture and colour assortment will make you elegant and stylish non curling collars ensures maintain good shape well made stitching us size this classic fit mens polo shirts is designed to fit us regular size s m l xl 2xl 3xl it has a well constructed fit that will flatter your body shape whether you choose to tuck it in or leave it untucked you will achieve a fitted and comfortable look occasion our maelreg golf shirts for men dry fit are perfect for golf tennis business travel and other outdoor sports activities great gifts for husbands father families friends or boyfriends note the model in our collared mens casual shirts is 5 13 tall and weighs 170lbs wearing a size medium for reference to ensure the best fit please refer to the size chart provided in the product picture before placing your order,28.95,4.6,157.0,116.0,0.48044047619047614,10
B06VZ3RCYS,"Hanes Men’s X-Temp Short Sleeve Polo Shirt, Midweight Men's Shirt",Hanes Store,Polos,https://m.media-amazon.com/images/I/31qXtYl0PbL.jpg,https://www.amazon.com/dp/B06VZ3RCYS,hanes men s x temp short sleeve polo shirt midweight men s shirt so soft midweight pique fabric feels super soft up against your skin keeps you comfortable x temp technology is designed to keep you cool and dry no matter what the day brings odor control freshiq advanced odor protection technology attacks the odor causing bacteria in your clothing stay flat collar classic polo style featuring a ribbed stay flat collar front button placket men s shirts are accented with a tailored 3 button placket tearaway tag simply remove the tearaway tag for itch free comfort upgrade your polo style with a hanes men s polo shirt that is designed to keep you feeling cool and dry even during your most active days crafted from a cotton pique blended fabric these men s short sleeve shirts feel oh so soft against your skin even better this men s sports shirt offers freshiq advanced odor protection and the innovative x temp technology for all day cooling and freshness finished with a stay flat collar and front button placket this classic style is a must have for your rotation pair with your favorite bottoms it works well as a standout top layer or under a sweater or jacket,11.0042,4.5,28745.0,1.0,0.279880291005291,10
B0B47Q6QYP,POLO RALPH LAUREN Men's Slim Fit Stretch Crew Tee,POLO RALPH LAUREN Store,Polos,https://m.media-amazon.com/images/I/31ae5ofORlL.jpg,https://www.amazon.com/dp/B0B47Q6QYP,polo ralph lauren men s slim fit stretch crew tee soft breathable fabriclay flat collarwicks away moisturetag freepolo pony embroidery,49.5,4.6,421.0,284.0,0.330829538426941,11
B0BPHD8XCN,POLO RALPH LAUREN Slim Fit Undershirt w/Wicking 5-Pack Crews,POLO RALPH LAUREN Store,Polos,https://m.media-amazon.com/images/I/11o68bZ2-HL.jpg,https://www.amazon.com/dp/B0BPHD8XCN,polo ralph lauren slim fit undershirt w wicking 5 pack crews bring that simplicity to your elegant attire with the polo ralph lauren p5 slim fit crews t shirt set crew neckline short sleeves pull on construction straight hemline the polo ralph lauren slim fit w wicking 5 pack crews are a daily essential these comfy t shirts are made from soft cotton jersey that wicks away sweat to keep you dry and comfortable all day long and are finished with the signature embroidered pony at the hem cut with a slim fit ribbed crew neckline short sleeves straight hemline 100 cotton machine wash,61.0012,4.6,477.0,135.0,0.3531666666666667,10
B005LCMU00,"U.S. Polo Assn. Men's Classic Polo Shirt, Two-Button Closure Pique Polo Shirt, Summer Fashion Golf Shirt",U.S. Polo Assn. Store,Polos,https://m.media-amazon.com/images/I/418+VX0C1GL.jpg,https://www.amazon.com/dp/B005LCMU00,u s polo assn men s classic polo shirt two button closure pique polo shirt summer fashion golf shirt short sleeve polo shirt featuring two button placket and embroidered logo on chestribbed collar and cuffs authentic classic fit short sleeve solid pique polo shirt,19.989,4.5,14823.0,3.0,0.3084325798470535,10
B0DWSPXNB7,Nuofengkudu Men's Quarter Zip Polo Shirt Short Sleeve Collared Shirts Vintage Textured Casual Summer T Shirt,Nuofengkudu Store,Polos,https://m.media-amazon.com/images/I/41NLAWjDEKL.jpg,https://www.amazon.com/dp/B0DWSPXNB7,nuofengkudu men s quarter zip polo shirt short sleeve collared shirts vintage textured casual summer t shirt material men s polo shirt is made from polyester fabrics that is soft comfortable ligtweight breathable it is a perfect choice for daily wear so you can always feel comfortable after a whole day of work suits for spring summer or autumn unique design this short sleeve polo shirt features a vintage textured pattern turndown collar and 1 4 zipper design making this men s shirt more elegant and easier to wear solid color polo shirts will always look mature and steady you could easily match clothing for any casual occasion occasion men s half zip golf shirts is suitable for all seasons and meet all your needs and great for daily life wear home school office golf work sport fishing party vacation gym hiking cycling leisure and outing it is the perfect gift for boyfriend son husband and yourself match you can match this mens polo t shirt with shorts sweatpants casual pants or jeans for a casual look whether you re heading for a casual day out or aiming for a smart casual look at work this polo shirt effortlessly adapts to your lifestyle size s xxl please check your measurements and the clothing size chart to make sure the item fits before ordering you should be an exquisite man anytime upgrade your wardrobe with stylish men s polo nuofengkudu men s 1 4 zip polo shirt summer short sleeve textured pullover golf polo t shirts,25.99,4.4,0.0,2686897.0,0.0,0
B0DSBXZY87,GEEK LIGHTING Mens Waffle Polo Shirts Short Sleeve Summer Casual T-Shirts Moisture Wicking Collared Golf Shirt with Pocket,GEEK LIGHTING Store,Polos,https://m.media-amazon.com/images/I/31p9m3s-jQL.jpg,https://www.amazon.com/dp/B0DSBXZY87,geek lighting mens waffle polo shirts short sleeve summer casual t shirts moisture wicking collared golf shirt with pocket waffle texture composed of 95 polyester and 5 spandex the distinctive pattern on this polo shirts for men provides a richly textured surface it is lightweight and breathable making it perfect for all day wearoriginal design this mens waffle polo shirt have a chest pocket with a leather label which is convenient for you to carry small items such as cards keys and headphones making it a versatile wardrobe staple that can be worn for a variety of occasionsversatile occasion suitable for all seasons this short sleeve polo shirts for ment is perfect for dates parties office work outdoor activities golfing vacations and everyday outings its classic and versatile design makes it an ideal gift for husbands fathers grandfathers or friendsversatile occasion suitable for all seasons this collared polo shirt is perfect for dates parties office work outdoor activities golfing vacations and everyday outings its classic and versatile design makes it an ideal gift for husbands fathers grandfathers or friendscare instructions polo t shirts for men with pocket can be machine washed in cold water do not bleach before ordering the geek lighting men s waffle texture polo shirt please refer to our size chart image to ensure the best fit,19.9951,5.0,2.0,387.0,0.45208333333333334,2
B0C8GBQ3QS,3 Pack Mens Polo Shirts Short Sleeve Sport Golf Tennis T Shirt Quick Dry Athletic Workout Polo,HUAKANG Store,Polos,https://m.media-amazon.com/images/I/41iyvDiS8HL.jpg,https://www.amazon.com/dp/B0C8GBQ3QS,3 pack mens polo shirts short sleeve sport golf tennis t shirt quick dry athletic workout polo material men s polo shirt made of 100 polyestercomfort and lightness men s golf polo shirts are made of soft lightweight comfortable moisture wicking breathable keeping you dry all day longdesign this polo shirt features a simple and stylish collar with a three button closure and color blocked sleeves making it for golf tennis and other outdoor sports as well as for everyday business work and casual wearoccasion men polo shirt short sleeve can be used for many occasions home leisure wear outdoor sports you can wear it to participate in sports running fitness jogging golf tennis equestrian and other activitiescare and sizing note machine wash cold hand wash machine wash fade proof anti pilling do not bleach if you like loose polo shirts we suggest you choose one size up,31.996,4.2,2108.0,343.0,0.7,1
B00GZIT5A2,U.S. Polo Assn. Men's Crew Neck Pocket T-Shirt (Color Group 2 of 2),Brand: U.S. Polo Assn.,T-Shirts,https://m.media-amazon.com/images/I/51d3Vaq6g9L.jpg,https://www.amazon.com/dp/B00GZIT5A2,u s polo assn men s crew neck pocket t shirt color group 2 of 2 solid short sleeve t shirt featuring crew neckline and chest pocket with contrast logo embroidery classic solid cotton jersey crew neck pocket t shirt,12.0054,4.4,1058.0,281.0,0.8,1
B08SM3CDLN,ZITY Mens Polo Shirt Short Sleeve Sports Tactical T-Shirt Athletic Golf Polos Daily Casual Stylish Collared Shirts for Men,ZITY Store,Polos,https://m.media-amazon.com/images/I/31Qm4DYODLL.jpg,https://www.amazon.com/dp/B08SM3CDLN,zity mens polo shirt short sleeve sports tactical t shirt athletic golf polos daily casual stylish collared shirts for men fabric features soft lightweight breathable comfortable casual short sleeve summer polo shirts for menunique design men s athletic polo shirt the ring buckle design under the placket is convenient for carrying sunglasses microphones sleeve pocket design makes it easy to carry small items such as keys headphonesmoisture wicking men s golf polo shirts are made quality four way stretch breathable and moisture wicking fabric helps to wick away moisture and rapid cooling technology keep you cool a synthetic of polyester and spandex can be very durable abrasion resistant and stretchy enough to allow for better mobilityall day comfort mens polo shirts are suitable for various occasions such as business casual company work tennis golf soccer tactical training vacation travel daily casual fitnes jogging holiday walking festival football sports or four seasons all day wear of course these men casual stylish shirts are always the best gift for family and friendswash tip machine wash hand wash don t bleach our polo shirts for men last long and well made great value easy to care for fantastic coming out of the dryer good enough to be a golf shirt or business casual please refer to the measurement chart when you place the order click our store to view more our golf apparel,14.2463,4.2,10478.0,2.0,0.3274098124098124,11
B0DCP4FHYY,POLO RALPH LAUREN Boys' Multi-Pack Short Sleeve Undershirt,POLO RALPH LAUREN Store,Undershirts,https://m.media-amazon.com/images/I/21BX3xdVRxL.jpg,https://www.amazon.com/dp/B0DCP4FHYY,polo ralph lauren boys multi pack short sleeve undershirt breathable stretch cotton unmatched coolness and comfort all day long perfect for active days and relaxed moments alike 4d flex stretch stretch technology in these undershirts redefine comfort by allowing unrestricted movement soft and comfy the comfort of soft breathable fabric against the skin multi pack convience more value more choices less hassle signature pony embroidery classic style with a stylish touch that your kids will love discover the timeless style and comfortable fit in every crewneck undershirt from polo ralph lauren made with breathable fabric that is soft against the skin these essential undershirts feature ralph lauren s signature embroidered pony at the hem,40.0,4.0,95.0,5.0,0.32494859304329,11
B07JBRGFH4,"Gildan Men's Crew T-Shirts, Multipack, Style G1100",Gildan Store,T-Shirts,https://m.media-amazon.com/images/I/31Xy4jN2CfL.jpg,https://www.amazon.com/dp/B07JBRGFH4,gildan men s crew t shirts multipack style g1100 soft breathable cottonmoisture wicking technology keeps you cool and drytag free to prevent irritationclassic length for easy tuckingdurable stitchinglay flat collar gildan cotton crew neck t shirts are anything but basic crafted with soft breathable cotton and moisture wicking technology to keep you cool and comfortable no matter what s on the agenda perfect for layering or lounging you can thank us later,21.97,4.6,305325.0,2.0,0.24415992701730513,11
B07FMXG9PB,Polo Ralph Lauren Men's Slim Fit Cotton V-neck Undershirt 3-pack,POLO RALPH LAUREN Store,Shirts,https://m.media-amazon.com/images/I/21TwMeWhiYL.jpg,https://www.amazon.com/dp/B07FMXG9PB,polo ralph lauren men s slim fit cotton v neck undershirt 3 pack a quality polo ralph lauren staple for your wardrobe essentials slim fit tee crafted from a moisture wicking cotton fabric for all day comfort v neckline short sleeve design embroidered signature pony at left hem polo ralph lauren mens slim fit cotton v neck undershirt 3 pack,49.5,4.5,3398.0,1072.0,0.30042162698412694,6
B01AZ4DAJ8,U.S. Polo Assn. Men’s Undershirt – 4 Pack Crew Neck Short Sleeve T-Shirt,Brand: U.S. Polo Assn.,Undershirts,https://m.media-amazon.com/images/I/31toEaSBR9L.jpg,https://www.amazon.com/dp/B01AZ4DAJ8,u s polo assn men s undershirt 4 pack crew neck short sleeve t shirt 100 cottonimportedpull on closuremachine wash,26.951,4.3,359.0,102.0,0.21291666669999998,10
B01BDZMRR4,Polo Ralph Lauren Men's Jersey Short Sleeve Tee,POLO RALPH LAUREN Store,T-Shirts,https://m.media-amazon.com/images/I/41niT4-QlRL.jpg,https://www.amazon.com/dp/B01BDZMRR4,polo ralph lauren men s jersey short sleeve tee embroidered pony logo accents left chestribbed crewneckmachine washclassic fit,42.0,4.3,157.0,872.0,0.26271428574285716,10
B00PUAO7MM,"U.S. Polo Assn. Men's Solid Short Sleeve Interlock Polo Shirt, Golf Shirts for Men, Business Casual Polos",Brand: U.S. Polo Assn.,Polos,https://m.media-amazon.com/images/I/31kx39NPlkL.jpg,https://www.amazon.com/dp/B00PUAO7MM,u s polo assn men s solid short sleeve interlock polo shirt golf shirts for men business casual polos two button polo shirt featuring short sleeves and contrast embroidery at chest established in 1890 the u s polo assn is the governing body for the sport of polo in the united states indulge yourself in the iconic sophistication luxury and comfort that the u s polo assn products provide you deserve the best,17.5,4.4,2485.0,44.0,0.4681666666666667,10
B07J6784R8,Nautica Men's Classic Fit Short Sleeve Dual Tipped Collar Polo Shirt,Nautica Store,Polos,https://m.media-amazon.com/images/I/41sK8J6sHsL.jpg,https://www.amazon.com/dp/B07J6784R8,nautica men s classic fit short sleeve dual tipped collar polo shirt stand collar 3 button placket closureribbed collar cuffs hem with slitspull on closuremachine wash cuello alto cierre de solapa de 3 botonescuello y pu os acanalados dobladillo con aberturas stand collar 3 button placket closure breathable soft cotton makes this woven polo lightweight enough for warmer weather but still an ideal layering piece under a sweater once the season changes,26.7,4.5,13517.0,25.0,0.625,1
B01AZ4DAKM,U.S. Polo Assn. Men's Undershirts - 4 Pack V Neck Undershirts for Men (S-XL),Brand: U.S. Polo Assn.,Undershirts,https://m.media-amazon.com/images/I/31JBGvVepcL.jpg,https://www.amazon.com/dp/B01AZ4DAKM,u s polo assn men s undershirts 4 pack v neck undershirts for men s xl official u s polo assn cotton undershirts for men pack of 4 authentic and officially sanctioned by the united states polo association more than just a brand it s an experiencetag free comfort soft and comfortable undershirts for men with a tag free design for all day comfort these v neck undershirts stay hidden under dress shirts button downs and sweaters ensuring a smooth irritation free fit classic fit designed to be snug without being restrictive and loose without being baggy the classic fit of these v neck undershirts makes them the perfect base layer t shirt for men ideal for layering under any outfit they provide comfort and versatility multipack value get exceptional value with this 4 pack of lightweight and breathable basic undershirts for men stock up on this essential wardrobe item and always have a fresh undershirt ready for any occasion easy care these undershirts are easy to care for simply machine wash and tumble dry designed to maintain their shape and softness they are a practical addition to any man s wardrobe please refer to the product description for more details,29.95,4.2,313.0,153.0,0.35953174603174604,10
B07BN24BLX,Nautica Men's Short Sleeve Solid Stretch Cotton Pique Polo Shirt,Nautica Store,Polos,https://m.media-amazon.com/images/I/31e0AqKDUiL.jpg,https://www.amazon.com/dp/B07BN24BLX,nautica men s short sleeve solid stretch cotton pique polo shirt casual styling and a stretch pique fabrication for the most comfortable fitpolo collar with a sporty buttoned placketshort sleeves a contrasting collar keeps things interesting and elevates this polo beyond basic the stretch pique fabric means comfort and a great fit all day from nautica,28.01,4.6,10278.0,13.0,0.44169066728725814,11
B0DN375DNC,Polo Shirts for Men - Dry Fit Moisture Wicking Black Short Sleeve Performance Golf T Shirts for Casual Work Athletic,BOOJO Store,Polos,https://m.media-amazon.com/images/I/417cNJbXlHL.jpg,https://www.amazon.com/dp/B0DN375DNC,polo shirts for men dry fit moisture wicking black short sleeve performance golf t shirts for casual work athletic ultimate comfort crafted from a premium 95 polyester and 5 spandex blend our lightweight mens polo shirts offer exceptional softness 4 way stretch wrinkle resistance and breathability ensuring all day comfort quick dry moisture wicking the dri fit shirts for men feature advanced moisture wicking technology quickly absorbing and releasing sweat to keep you dry the quick dry fabric enhances comfort during outdoor activities classic with modern flair the men s polo shirts feature a classic buttoned placket combining traditional elegance with modern style a comfortable collar ensures a soft feel while sturdy buttons offer durability the tagless design reduces skin irritation and side slits enhance mobility making them perfect for both business and casual sports multipurpose wear these collared golf shirts for men are perfect for activities like golf tennis office wear horse riding and daily routines the breathable flexible fabric ensures comfort all day whether hiking fishing or enjoying summer beach days easy care customer service the polo t shirts for men are machine washable easy to maintain and stay fresh with cold water washing extending their durability if you have any questions about our products please contact us,9.99,4.7,47.0,38.0,0.4553571428571429,10
B01GH5JOJY,Under Armour Men's Tech Golf Polo,Under Armour Store,Polos,https://m.media-amazon.com/images/I/31NsrsS4XrL.jpg,https://www.amazon.com/dp/B01GH5JOJY,under armour men s tech golf polo textured fabric that s soft light breathable material wicks sweat dries really fast anti odor technology prevents the growth of odor causing microbes ua tech is our original go to training gear under armour men s tech polos are loose light and keep you cool basically they re built to be everything you need textured fabric that s soft light breathable material wicks sweat dries really fast 3 button placket self fabric collar loose fuller cut for complete comfort 100 polyester,23.6941,4.7,61179.0,1.0,0.3525718937758254,10
B0D1H3W5K7,AEROPOSTALE Men's Polo,AEROPOSTALE Store,Polos,https://m.media-amazon.com/images/I/41slMk39zCL.jpg,https://www.amazon.com/dp/B0D1H3W5K7,aeropostale men s polo piqu knitembroidered a87 logoribbed polo collar with a buttoned placketshort sleeve with ribbed cuff trim a timeless preppy style you need in your wardrobe make sure to snag one in every color,11.996,4.5,812.0,8.0,0.32970493200612244,10
B07J9PZGX4,Nautica Men's Solid Crew Neck Short-Sleeve Pocket T-Shirt,Nautica Store,T-Shirts,https://m.media-amazon.com/images/I/41MaLI9smmL.jpg,https://www.amazon.com/dp/B07J9PZGX4,nautica men s solid crew neck short sleeve pocket t shirt easy pullover styling with a casual crew necklineshort sleeves pocket at chesttrue to sizeensures a flattering fit with excellent wearing comfort simply put every guy needs a solid collection of pocket t shirts in his collection this cotton style from nautica one ups its classic roots with a touch of stretch so you know it ll fit great and keep its shape for a long time to come,17.2721,4.6,14167.0,37.0,0.358693056943057,10
B01BDZMIK0,Polo Ralph Lauren Men's Classic Fit Jersey Short Sleeve Tee,POLO RALPH LAUREN Store,T-Shirts,https://m.media-amazon.com/images/I/41niT4-QlRL.jpg,https://www.amazon.com/dp/B01BDZMIK0,polo ralph lauren men s classic fit jersey short sleeve tee high quality cotton a must have high quality cotton jersey tee that will last for years standard classic fit you will never go wrong with a classic this bestselling standard casual t shirt is accented with our signature embroidered pony at the left chest and also comes with a tagless neck label for optimal comfort short sleeves crew neckline a timeless wardrobe essential that will give you that old favorite kind of feel it s available in great color variants you will surely love machine washable and dryer friendly completely machine washable and dryer friendly making it easy for laundering polo ralph lauren mens classic fit jersey short sleeve tee,55.0,4.5,1475.0,480.0,0.5,1
B0132MFEA8,Hanes Men's Short Sleeve X-Temp Performance Polo,Hanes Store,Polos,https://m.media-amazon.com/images/I/31LIXg-euHL.jpg,https://www.amazon.com/dp/B0132MFEA8,hanes men s short sleeve x temp performance polo quality fabric this sporty men s polo shirt is crafted from a soft knit cotton blend for all day comfort 60 cotton 40 polyester light steel 90 cotton 10 polyester odor protection built with freshiq this odor protecting technology attacks odor causing bacteria so you can feel fresh all day moisture wicking hanes men s polo shirt is made from a moisture wicking fabric with a dynamic vapor the cotton blend fabric will keep you cool and dry from day to night cool comfort created with hanes x temp technology this men s polo shirt is designed to adapt to help keep you cool button placket this men s polo shirt is accented with a three button placket featuring pearlized buttons cold water wash hanes recommends machine washing this men s polo shirt in cold water to help reduce energy consumption stay comfortable during work and workouts with this men s polo shirt from hanes the classic design is updated with hanes x temp technology for an all day cool feel this innovative fabric works to keep you fresh no matter how intense your workout gets freshiq odor protecting technology attacks odor causing bacteria that causes clothing to smell for an all day clean feel this sporty men s polo shirt is super soft ideal for any activity pair this knit polo shirt with your favorite pair of shorts and get ready to take on the day,12.5434,4.4,28348.0,553.0,0.3238436948853615,10
B07FMY215J,POLO RALPH LAUREN Men's Classic Fit Cotton Tanks 3-pack,POLO RALPH LAUREN Store,Shirts,https://m.media-amazon.com/images/I/21s1M8dG9GL.jpg,https://www.amazon.com/dp/B07FMY215J,polo ralph lauren men s classic fit cotton tanks 3 pack get comfy in polo ralph lauren classic fit w wicking 3 pack tank undershirts soft ribbed cotton fabrication with a body hugging fit moisture wicking fabric for all day comfort scoop neckline sleeveless design polo ralph lauren s tank is made from soft ribbed cotton that wicks away moisture to help keep you dry and comfortable it s cut in polo s slightly relaxed classic fit for freedom of movement,49.5,4.6,2741.0,544.0,0.23325915750915752,10
B01MDOUGX4,Lacoste Men's Short Sleeve Crew Neck Pima Cotton Jersey T-Shirt,Lacoste Store,T-Shirts,https://m.media-amazon.com/images/I/31dtJyRh9sL.jpg,https://www.amazon.com/dp/B01MDOUGX4,lacoste men s short sleeve crew neck pima cotton jersey t shirt regular fitfan favorite short sleeve classic crew necksoft premium pima cotton jersey fabricshort sleeves for year round versatilitysignature embroidered green crocodile on left chest lacoste mens short sleeve crew neck pima cotton jersey t shirt,29.995,4.4,5588.0,83.0,0.1313115442980522,10
B0CS69YKZQ,Men's Polo Shirts 2025 Short Sleeve Casual Polo T Shirt Color Block Slim Fit Golf Shirts with Pocket,ROOMLINE Store,Polos,https://m.media-amazon.com/images/I/41mfyFnDrXL.jpg,https://www.amazon.com/dp/B0CS69YKZQ,men s polo shirts 2025 short sleeve casual polo t shirt color block slim fit golf shirts with pocket supreme cooling comfort our polo shirt made of premium polyester blend material uniquely designed to provide a cooling breathable and soft touch for unmatched comfort classic design men s fashion showcasing a classic polo neck with zipper closure style our shirts feature a unique stripe splicing for a fashion casual style lightweight moisture wicking our short sleeve polo shirts for men help wicks away the sweat keeping you cool and relaxed all day long easy matching our polo t shirts easily match with your casual pants jeans and various shorts meeting your needs for any style and occasion versatile for all occasions perfect for summer outdoor wears for golf tennis traveling daily wears for working business dating parties this men s polo shirt is also a great gift for family son friends or boyfriends short sleeve the shirt is designed with short sleeves providing a comfortable and casual look for wear,19.9917,3.6,359.0,217.0,0.32594474968888887,10
B0D38YFY3K,ZENGVEE Mens Polo Shirts Moisture Wicking Short Sleeve Performance Quick Dry Athletic Golf Shirts,ZENGVEE Store,Polos,https://m.media-amazon.com/images/I/41ewoMOX5AL.jpg,https://www.amazon.com/dp/B0D38YFY3K,zengvee mens polo shirts moisture wicking short sleeve performance quick dry athletic golf shirts high performance material polo shirts for men are made from polyester premium knitted fabric lightweight flexible quick dry moisture wicking it can effectively prevent odors from being trapped on the fabric keeping you comfortable breathable and cool easy care machine wash hand wash ergonomic comfort quick dry polo shirts for men feature hand tearable labels to prevent chafing and increase comfort the collar adopts a classic three button placket design which is three dimensional and does not deform the 4 way elastic material increases fluidity moisture wicking dress collar polo shirts for men are made of soft and breathable fabric combined with cooling technology which can effectively absorb moisture keeping you cool and comfortable in any condition away from stuffy heat and odor occasion men s polo shirt for any workout and sport such as golf tennis running hiking traveling cycling training badminton hiking vacation fishing casual business work daily wear etc excellent shopping experience we pride ourselves on providing our customers with excellent customer service and support if you have any questions about our men s polo shirts please ask us,42.99,4.2,635.0,53.0,0.20813622885051455,10
B07HR8C4X3,Nautica Men's Solid Deck Shirt,Nautica Store,Polos,https://m.media-amazon.com/images/I/414U+d3Xk-L.jpg,https://www.amazon.com/dp/B07HR8C4X3,nautica men s solid deck shirt short sleeve with ribbed cuffsclassic fit hem with slits manches courtes avec poignets c tel scoupe classique ourlet avec fentes short sleeve with ribbed cuffsclassic fit hem with slits kort rmad med ribbade manschetterklassisk passform f ll med slitsar this performance honeycomb pique deck shirt is a must have for your wardrobe,29.99,4.6,7279.0,18.0,0.5504166666666667,10
B0BZZSK8TF,Lacoste Men's Short Sleeved Ribbed Collar Shirt,Lacoste Store,Polos,https://m.media-amazon.com/images/I/41GKv1qFoqL.jpg,https://www.amazon.com/dp/B0BZZSK8TF,lacoste men s short sleeved ribbed collar shirt lacoste inventor of the polo since 1933 original l 12 12 polo made by lacostethe icon slim fit adjusted ease on body adjusted version of the original l 12 12 polo in our iconic petit pique renewed every season in a new color paletteribbed collar and cuffs side slits fake mother of pearl buttons 3cm green crocodile at chest,55.0,4.3,4193.0,23.0,0.46114510489510485,11
B07TF5NCTY,MAGCOMSEN Men's Polo Shirt Quick Dry Performance Short Sleeve Tactical Shirts Pique Jersey Golf Shirt,MAGCOMSEN Store,Polos,https://m.media-amazon.com/images/I/31kISxRvJ5L.jpg,https://www.amazon.com/dp/B07TF5NCTY,magcomsen men s polo shirt quick dry performance short sleeve tactical shirts pique jersey golf shirt material polyester premium pique jersey fabric for comfy and soft feelingstyle classic polo shirts with 3 button placket and spread collar a loop under the buttons suitable for hanging sunglasses or microphone dual pen pockets on left sleeve for your conveniencequick dry this men s short sleeve polo shirt features sweat wicking material that pulls moisture away from the body to keep you cool and drycomfortable underarm patch design reduces chafing with slit hem and short sleeve allows this shirt for a wide range of motionideal for daily wear work wear camping climbing hiking mountaineering travelling walking fishing,24.9831,4.4,22059.0,3.0,0.19721679981516416,10
B0BQVR9CCL,POLO RALPH LAUREN mens Classic Fit Undershirt W/Wicking Crews 5-pack,POLO RALPH LAUREN Store,Polos,https://m.media-amazon.com/images/I/11rbjSZlhzL.jpg,https://www.amazon.com/dp/B0BQVR9CCL,polo ralph lauren mens classic fit undershirt w wicking crews 5 pack timeless classic fit the polo ralph lauren soccer jersey is designed with a classic fit that effortlessly blends comfort and style this relaxed yet refined silhouette ensures you look polished while maintaining ease of movement making it an essential piece for both casual weekends and laid back social gatherings crew neckline featuring a traditional crew neckline this regular t shirt offers a clean and versatile look that complements a wide range of outfits whether layered under a jacket or worn on its own the neckline maintains its shape while adding a subtle touch of sophistication to your ensemble breathable short sleeves designed for comfort in warmer weather the short sleeves of this summer clothing for men allow for optimal breathability and freedom of movement the thoughtful construction ensures that the sleeves stay in place providing a neat and tailored appearance without sacrificing comfort iconic embroidered branding the polo ralph lauren logo meticulously embroidered at the left hem adds a signature touch of elegance to this short sleeves t shirt this subtle yet distinctive detail showcases the brand s heritage of quality and style making it a must have for those who appreciate understated luxury cotton comfort crafted from 100 high quality cotton this men s cloth offers unparalleled softness against the skin while ensuring durability the fabric is designed to retain its shape and color through multiple washes and with its easy care instructions simply machine wash and tumble dry this tee promises to be a reliable and low maintenance addition to your wardrobe the polo ralph lauren classic fit w wicking crews 5 pack is designed in soft cotton jersey and wicks away sweat to keep you dry and comfortable all day long classic fit short sleeves signature pony embroidered at left hem straight hemline 100 cotton machine wash cold tumble dry low,69.5,4.6,538.0,277.0,0.37918367346938775,2
B07HR877BN,Nautica Men's Short Sleeve Solid Crew Neck T-Shirt,Nautica Store,T-Shirts,https://m.media-amazon.com/images/I/417VopwX7qL.jpg,https://www.amazon.com/dp/B07HR877BN,nautica men s short sleeve solid crew neck t shirt j class at chestclassic t shirt with a casual crew neckline and short sleeves a crew neck is a casual wardrobe staple you know the basics you love so much you ve owned them for years this nautica t shirt is crafted in a soft cotton in a wide collection of colors so it ll fit effortlessly into your rotation,24.99,4.4,19577.0,118.0,0.2136710588793922,14
B0D5FXL1NC,POLO RALPH LAUREN Men's 4d Flex Cooling Ventilation Cotton Modal Crew Undershirts,POLO RALPH LAUREN Store,Undershirts,https://m.media-amazon.com/images/I/21ooWowmunL.jpg,https://www.amazon.com/dp/B0D5FXL1NC,polo ralph lauren men s 4d flex cooling ventilation cotton modal crew undershirts advanced cooling technology designed to adapt to your bodysuper soft fabric with four way stretch for freedom of movementodor control mesh inserts underarm to keep you fresh throughout the daylay flat collar smooth flat seams and tag free for comfortstays tucked crafted with a supersoft cotton blend with cooling and moisture wicking properties the crewneck undershirts in this three pack feature anti odor mesh inserts at the underarm four way stretch and smooth flat seams ensure ease of movement and a comfortable fit that is ideal for layering,41.3616,4.7,48.0,4.0,0.3197815727795674,10
B0DR7WSCFQ,Men's Quick-Dry Active Polo Shirts Short Sleeve Performance for Golf Tennis Daily Casual Collared T-Shirt,Brand: KAOKLRNI,Polos,https://m.media-amazon.com/images/I/31xpcs8W+lL.jpg,https://www.amazon.com/dp/B0DR7WSCFQ,men s quick dry active polo shirts short sleeve performance for golf tennis daily casual collared t shirt crafted with advanced breathable fabric our active polo shirt give you the best wearing experience keeping you cool during intense workouts golf swings or outdoor adventuresultra soft stretch fabric with 4 way elasticity adapts to your movement the tagless collar prevent chafing stay cool and comfortable in outdoor activities with our golf shirtsclassic fit with a modern athletic silhouette pair with performance shorts for sports or chinos for a smart casual office look available in versatile colors black navy khaki grey to match any wardrobemoisture wicking fabric adapts to golf swings tennis serves or gym routines raglan sleeves enhance mobility adapts to training hiking camping or hittingideal gift for men seeking style and functionality in activewear true to size with adjustable hem available in s 3xl need help contact us for styling tips or hassle free returns your satisfaction drives our designs,9.99,4.7,22.0,24.0,0.27895578231927437,10
B0DJ6QSC4R,COOFANDY Knit Polo Shirts for Men Short Sleeve Textured Polo Shirt Slim Fit Summer Collared T Shirt with Pocket,COOFANDY Store,Polos,https://m.media-amazon.com/images/I/41TmN4-WjlL.jpg,https://www.amazon.com/dp/B0DJ6QSC4R,coofandy knit polo shirts for men short sleeve textured polo shirt slim fit summer collared t shirt with pocket knit fabric coofandy mens short sleeve polo shirt is made from soft knitted fabrics which are comfortable lightweight skin friendly stretchy and breathable material slim fit polo shirts will give you comfort and flexibility suits for spring summer or autumn features this muscle polo shirts for men is designed with waffle textured pattern short sleeve lapel collar ribbed hem and cuff classic and awesome fit 3 buttons placket fastening polo t shirt is stylish and simple yet with a retro flavor match men s knit polo shirts are a versatile and easy to match staple in any wardrobe for a retro look reminiscent of the 1950s and 1960s pair this italian knit piece with mid to high waist trousers and loafers vintage big and tall polo shirt can also match khaki pants or white shorts for classic or vacation outfits occasions mens short sleeve golf polo is suitable for dating party office work outdoor golf vacation street and casual looking classic and versatile perfect gift for your husband dad grandpa and frends garment care the business polo shirts machine washable and easy to maintain please check size chart before ordering these men s casual golf polo shirts to ensure accurate fitting,19.9929,4.4,99.0,584.0,0.3483928571428571,10
B07GP4Q8Z5,Nike Mens Dri-FIT Short Sleeve Polo Shirt,Brand: Nike,Polos,https://m.media-amazon.com/images/I/31POUU0N+UL.jpg,https://www.amazon.com/dp/B07GP4Q8Z5,nike mens dri fit short sleeve polo shirt attention buyer embroidered swoosh design trademark at the right side of the chestdouble knit flat back mesh body fabric with a self collarbutton closurethree button front placket new nike 2018 design with swoosh design trademark on the right side of chest classic short sleeve polo with right chest embroidered swoosh featuring dri fit technology for breathability and comfort,42.951,4.6,284.0,14.0,0.27659418767507005,10
B0BXSP3W6R,BALENNZ Golf Polos for Men Quick-Dry Athletic Mens Polo Shirts Short Sleeve Summer Casual Moisture Wicking Golf Shirt,BALENNZ Store,Polos,https://m.media-amazon.com/images/I/4156tqpQbcL.jpg,https://www.amazon.com/dp/B0BXSP3W6R,balennz golf polos for men quick dry athletic mens polo shirts short sleeve summer casual moisture wicking golf shirt the ultimate shirt balennz s moisture wicking polo shirts for men are a staple piece in your wardrobe with a casual look and super comfortable fabric these polo t shirts for men are your go to choice each morning premium fabric our men s polo shirts short sleeve are made with a superior material blend of 90 polyester and 10 spandex the shirts are lightweight breathable and very soft so you can wear them all day long moisture wicking polo these polo shirts have a moisture wicking feature that keeps your skin dry these short sleeve shirts for men are great for any casual outfit but they are also a good option for golf shirt great fit our men s short sleeve shirts with classic solid color the simple button collar is more comfortable while the slim fit design looks great on virtually all men pick your style these mens polo shirts short sleeve come in a wide range of colors suitable for your style additionally they are available in several sizes and come in packs ranging from 1 to 4 shirts per set,59.9922,4.5,4560.0,1008.0,0.27689285717248674,10
B09TK9248H,ZITY 4 Pack Mens Polo Shirt Short Sleeve Sports Golf Tennis T-Shirt Athletic Collared Tactical Shirts,ZITY Store,Polos,https://m.media-amazon.com/images/I/31bIIVsAHUS.jpg,https://www.amazon.com/dp/B09TK9248H,zity 4 pack mens polo shirt short sleeve sports golf tennis t shirt athletic collared tactical shirts designs right sleeve with a pocket of the polo shirt for carrying your small accessories a hook under the button suitable for diagonally hanging sunglasses or pensmoisture wicking wicks away moisture remarkably fast by incorporating soft and breathable fabrics with rapid cooling technology to keep you cool with all day comfort even when the competition heats upall day comfort this men s golf polo shirt is a comfortable polo shirt lightweight soft and breathable stretchy fabric to give you a cool feeling in the hot summermulti use perfect for your any workout and sports like tennis golf fitness running cycling soccer all purpose style of it is good for matching any kinds of pantswash tip machine wash anti fading and anti pilling do not bleach,53.9944,4.4,586.0,72.0,0.38478027751234267,10
B0D9GXG945,Men's Casual Polo Shirts Classic Long Sleeve Basic Button T-Shirt Lightweight Cotton Golf Tops with Pocket,Qekoma Store,Polos,https://m.media-amazon.com/images/I/41vikwCxTSL.jpg,https://www.amazon.com/dp/B0D9GXG945,men s casual polo shirts classic long sleeve basic button t shirt lightweight cotton golf tops with pocket feature these mens polo shirts with collar can be paired with a casual and business style delicate front pocket button design make these men s long sleeve polo shirts more classy high stretch no pilling and no wrinkling convenient to wear pair it jeans casual pants for a stylish look material the mens long sleeve tee shirts super soft and lightweight moderate stretch and fitting cutcomfortable keep you warm in cold days making it more comfortable is true classic tees men design the mens shirts has a classic basic style solid color button closure and classic lapel collar design casual fit it features moisture wicking and air permeable this soft and lightweight polo shirt comes in a variety of colors classic cut long sleeve soft cotton fabric make this polo a go to for the office or the weekend occasion mens long sleeve shirt suitable for fall winter and spring comfortable and slim fit casual wear suit for any casual occasions such as daily wear business office work date golfing outdoor party travel camping street etc a perfect gift at christmas halloween birthday and father s day for husband dad and boyfriend note qekoma polo shirts for men are machine washable stardard us size please carefully refer to the tshirts size chart before ordering any problem about our product please feel free to contact with us we will respond and resolve your issues in a timely manner look forward to your choice,14.9946,4.2,212.0,42.0,0.22532168048401813,11
B0C1SC8PR9,MoFiz Men's Camo Polo Golf Shirt Hiking Dry Fit Short Sleeve T-Shirts Pique Collared Polo Jersey,MoFiz Store,Polos,https://m.media-amazon.com/images/I/41VKHuAN4NL.jpg,https://www.amazon.com/dp/B0C1SC8PR9,mofiz men s camo polo golf shirt hiking dry fit short sleeve t shirts pique collared polo jersey 100 polyester quick dry lightweight camo printedmofiz men s high performance polo shirt made of 100 polyester features breathable quick dry and moisture wicking to help keep you cool and dry regular fit golf polo with 3 button placket and lapel design the polo body the chest with pocket no roll collar no fade and wrinkle resistance fabric you can always be classy and gentlemanly fashion even if you forgot to iron your clothes quick dry men s short sleeve polo shirts perfect for golf tennis hiking fishing cycling workout camping outdoor sports walking climbing traveling or casual daily wear,24.99,4.5,587.0,307.0,0.31171717923280423,10
B010C7M9Z4,"Hanes Men's Cool Dri Polo Shirt, Quick-Drying Performance Polo For Men, 40+ Upf Protection",Hanes Store,Polos,https://m.media-amazon.com/images/I/31e8HtHztpL.jpg,https://www.amazon.com/dp/B010C7M9Z4,hanes men s cool dri polo shirt quick drying performance polo for men 40 upf protection quality fabric hanes sport jersey knit fabric works overtime to keep you cool and dry 100 polyester moisture wicking cool comfort moisture wicking fabric works to wick away wetness keeping you cool and dry quick dry hanes sport men s polo shirt features innovative cool dri technology allowing the fabric to dry faster button placket this men s polo shirt is accented with a three button placket featuring pearlized buttons shoulder seams hanes sport polo shirt is detailed with rolled shoulder seams for a better fit the classic design also features a ribbed knit collar for added style cold water wash hanes recommends machine washing this men s shirt in cold water to help reduce energy consumption an update to a classic style this hanes sport performance polo shirt features innovative cool dri technology the cutting edge design dries fabric faster for maximum comfort designed to keep you cool dry and comfortable all day long,16.4625,4.4,17628.0,7.0,0.29966153256321104,10
B0DPWXCXBX,OYGSieg 5 Pack Mens Polo Shirts Quick Dry Performance Tactical Short Sleeve Golf Polo Shirts Casual Stylish Collared T-Shirts,OYGSieg Store,Polos,https://m.media-amazon.com/images/I/31Zmu3mAgbL.jpg,https://www.amazon.com/dp/B0DPWXCXBX,oygsieg 5 pack mens polo shirts quick dry performance tactical short sleeve golf polo shirts casual stylish collared t shirts premium fabric made of high quality polyester our tactical polo shirt has soft breathable pique jersey fabric for ultimate comfort in any setting functional design it features a 3 button placket spread collar a button loop for sunglasses or mic and sleeve pocket design makes it easy to carry small items such as keys headphones quick drying advanced sweat wicking material rapidly draws moisture away keeping you cool and dry during intense activities like hiking or training comfortable the smooth side seams minimize chafing and the slit hem with short sleeves allows for unrestricted movement ensuring you can move freely in any situation versatile perfect for daily wear work outdoor adventures like camping and fishing as well as tactical operations and training,45.998,4.5,13.0,221.0,0.1932672367315224,10
B0CQY7PMMK,TACVASEN Mens Polo Golf Shirts with Pocket Pique Cooling Performance Moisture Wicking Polo Shirts,TACVASEN Store,Polos,https://m.media-amazon.com/images/I/313+5JOVZAL.jpg,https://www.amazon.com/dp/B0CQY7PMMK,tacvasen mens polo golf shirts with pocket pique cooling performance moisture wicking polo shirts fabric our premium blend fabric polo features a raw yarn texture that provides ultimate comfort every time you wear it cool feeling for all day comfort we ve incorporated cooling technology into the fabric which keeps you cool and dry moisture wicking the polo s excellent moisture wicking properties keep you dry and comfortable making you feel healthier while wearing it classic style designed with a classic style featuring a three button placket split neckline side slits and a convenient left chest pocket this polo combines style and practical making it the perfect addition to your wardrobe occasion whether you re on the golf course hiking trails or embarking on an adventure our polo is the perfect companion for your active lifestyle,19.982,4.4,95.0,134.0,0.27184170587980117,10
B077ZJXCTS,"Gildan Men's Crew T-Shirts, Multipack, Style G1100",Gildan Store,T-Shirts,https://m.media-amazon.com/images/I/41qxk4H935L.jpg,https://www.amazon.com/dp/B077ZJXCTS,gildan men s crew t shirts multipack style g1100 soft breathable cottonmoisture wicking technology keeps you cool and drytag free to prevent irritationclassic length for easy tuckingdurable stitchinglay flat collar gildan cotton crew neck t shirts are anything but basic crafted with soft breathable cotton and moisture wicking technology to keep you cool and comfortable no matter what s on the agenda perfect for layering or lounging you can thank us later,19.97,4.6,305325.0,2.0,0.21870535714285716,2
B08F2P8CS9,"Fruit of the Loom Men's Undershirts, Moisture Wicking & Tag Free, Short Sleeve Crew T-Shirts",Fruit of the Loom Store,Undershirts,https://m.media-amazon.com/images/I/31AxoJGm2HL.jpg,https://www.amazon.com/dp/B08F2P8CS9,fruit of the loom men s undershirts moisture wicking tag free short sleeve crew t shirts 6 pack assorted crew t shirtssoft double stitched lay flat collar won t rub or irritatetag free for all day comfortsoft covered seams on neck and shouldersthis is an assorted color pack this pack may contain all solids all prints or a combination fruit of the loom men s eversoft cotton stay tucked crew t shirt,21.48,4.6,206840.0,1.0,0.2917676911751146,11
B077ZJC1N9,"Gildan Men's V-Neck T-Shirts, Multipack, Style G1103",Gildan Store,T-Shirts,https://m.media-amazon.com/images/I/41R1fUsutEL.jpg,https://www.amazon.com/dp/B077ZJC1N9,gildan men s v neck t shirts multipack style g1103 soft breathable cottonmoisture wicking technology keeps you cool and drytag free to prevent irritationclassic length for easy tuckingdurable stitchinglay flat hidden collar gildan v neck t shirts are the ultimate in comfort cool spire moisture wicking keep you cool and dry while the soft touch yarn and tag free neck feels great all day long these tees are built to last with durable tubular collar design and covered shoulder seams the gildan t shirt will soon be your favorite if it isn t already,15.1224,4.5,138733.0,6.0,0.3097554124213788,10
B086L57B7J,"Hanes Men's Cotton, Moisture-Wicking Crew Tee Undershirts, Multi-Packs Available",Hanes Store,Undershirts,https://m.media-amazon.com/images/I/31O-c1I-8CL.jpg,https://www.amazon.com/dp/B086L57B7J,hanes men s cotton moisture wicking crew tee undershirts multi packs available america s 1 men s underwear brand source circana consumer tracking service u s sales underwear bottoms and undershirts 12 months ending november 2023 classic fit just right standard fit not too tight and not too loose quality fabric these men s t shirts are crafted from soft breathable cotton heathered styles are 75 cotton 25 polyester keep cool feel fresh cool comfort moisture wicking technology wicks away moisture to keep you cool and comfortable advanced odor protection technology attacks odor causing bacteria to keep you feeling fresh stays tucked a longer hem length is designed to stay tucked in design details a crewneck collar is designed to lay flat while a tag free interior eliminates the itch caused by scratchy tags these hanes dyed crewneck t shirts feature comfortsoft cotton that feels great against your skin all day long the layflat collar will never lose its shape available in a convenient 6 pack,21.34,4.5,74633.0,2.0,0.23157848486549462,10
B0BV257YG8,COOFANDY Men's Linen Shirts Short Sleeve Casual Shirts Button Down Shirt for Men Beach Summer Wedding Shirt,COOFANDY Store,Button-Down Shirts,https://m.media-amazon.com/images/I/41jbYoX85jL.jpg,https://www.amazon.com/dp/B0BV257YG8,coofandy men s linen shirts short sleeve casual shirts button down shirt for men beach summer wedding shirt coofandy linen shirt mens casual button down shirt is made of high quality cotton linen fabric feature with breathable lightweight skin friendly which can resistant shrink provide you feeling cool and comfotable all daycasual fashion mens casual linen shirts comes with button down closure short sleeve adjustable cuff silm fit solid color casual beach style design to make you feel better about this summermens summer outfit mens summer shirts short sleeve is great to match with beach shorts solid t shirts casual pants casual shorts pair with shorts sunglasses a hat and canvas shoes for your perfect vacation style on the beachoccasion mens cotton linen shirts for beach suitable for beach yoga vacation informal business party holiday dating wedding travel streetwear or any casual daily wear great for summer spring bring this linen button down shirts to enjoy your leisure timewarm tips low temperature hand wash or machine wash hang to dry regular fit the size is us size please refer to our size chart for selection,29.9914,4.2,6008.0,2.0,0.14483468155551485,10
B07VTSD48H,5 Pack Men’s Active Quick Dry Crew Neck T Shirts | Athletic Running Gym Workout Short Sleeve Tee Tops Bulk,Liberty Imports Store,T-Shirts,https://m.media-amazon.com/images/I/41yxe-lgIAL.jpg,https://www.amazon.com/dp/B07VTSD48H,5 pack men s active quick dry crew neck t shirts athletic running gym workout short sleeve tee tops bulk athletic crewneck shirts elevate your workout gear with our pack of 5 premium men s athletic crewneck shirts these shirts provide the perfect blend of comfort and performance whether you re pumping iron hitting the track or just running errands active style look and feel great in the gym with our set of 5 premium athletic crewneck t shirts in solid colors perfect for layering or wearing solo these shirts will give you the confidence you need to crush your workouts and stand out in the gym game changer say goodbye to sweaty uncomfortable shirts with our quick drying fabric that wicks away moisture and keeps you cool and dry the breathable material easily dissipates heat and feels ultra soft on the skin move with ease enjoy a non restrictive cut and 4 way stretch construction that allows for optimal range of motion so you can tackle any activity with ease our shirts also feature a tag free neckline for distraction free training men s gym staples add some flair to your gym wardrobe with our stylish and vibrant athletic crewneck shirts designed with your comfort and performance in mind these shirts are a true classic that will never go out of style,39.9533,4.6,46920.0,14.0,0.3532607219169719,10
B07DRMT92L,Real Essentials 5 Pack: Men’s Short Sleeve Dry Fit Active Crew Neck T Shirt - Athletic Running Gym Workout Tee Tops,Real Essentials Store,T-Shirts,https://m.media-amazon.com/images/I/411bJQ3f8DL.jpg,https://www.amazon.com/dp/B07DRMT92L,real essentials 5 pack men s short sleeve dry fit active crew neck t shirt athletic running gym workout tee tops active crew t shirts elevate your workout gear with our pack of 5 men s athletic workout shirts these camisas para hombres provide the perfect blend of comfort and performance whether you re in the gym running on the track or just doing errands athletic style look and feel great in the gym with our pack of 5 active workout t shirts in solid colors perfect for layering or wearing alone these shirts will give you the confidence you need to excel your workouts and lead in the gym workout transformer say goodbye to sweaty t shirts with our quick drying dry fit fabric that wicks away moisture and keeps you cool and dry the breathable dry fit material easily cools heat and feels super soft on your skinworkout with free motion enjoy a non restrictive cut and 4 way stretch construction that allows for optimal range of motion so you can tackle any activity with ease our shirts also feature a tag free neckline for pure comfort traininggym staples for men add some style to your gym wardrobe with our stylish and vibrant men s athletic crewneck shirts designed with your comfort and performance in mind these shirts are a true classic that will never go out of style introducing the real essentials men s 5 pack dry fit shirts the perfect addition to your active wardrobe these versatile camisas para hombres triblend combine style comfort and performance to meet all your needs crafted with high quality materials these shirts offer exceptional durability and a comfortable fit whether you re hitting the gym or running errands these shirts keep you looking stylish and feeling great designed with a classic crew neck these shirts are perfect for any occasion wear them as standalone shirts or as a base layer for layering the lightweight and breathable fabric ensures you stay cool and dry even during intense workouts or hot summer days real essentials understands the importance of functionality which is why these shirts feature advanced dri fit technology the moisture wicking fabric pulls sweat away from your skin keeping you dry and comfortable throughout your activities with their short sleeves and athletic fit these shirts are ideal for workouts and sports whether you re running playing tennis or hitting the gym these shirts provide the flexibility and freedom of movement you need in addition to their performance features these shirts come in a pack of five offering great value for your money choose from a variety of colors including white black red and grey to suit your style upgrade your activewear with real essentials men s 5 pack dry fit shirts experience the perfect blend of style comfort and performance don t let sweat or discomfort hold you back choose real essentials and take your workouts to the next level,34.99,4.3,91800.0,33.0,0.2220638764023881,13
B0CCT3WHSS,True Classic Mens T-Shirts - Short Sleeve Crew Neck Plain Novelty T Shirt for Men,True Classic Store,T-Shirts,https://m.media-amazon.com/images/I/41hFnuXEGEL.jpg,https://www.amazon.com/dp/B0CCT3WHSS,true classic mens t shirts short sleeve crew neck plain novelty t shirt for men perfect fit with a contemporary edge designed for a modern athletic fit these men s t shirts hug you in all the right places without being too tight thanks to the classic side seam you ll always look sharp premium fabric blend that delivers made with 60 combed ringspun cotton and 40 polyester our mens tshirt offers unbeatable softness and durability plus it barely shrinks because laundry happens tag free t shirts for comfort all day long forget itchy tags these mens t shirts feature a screen printed soft tag for maximum comfort wear it once and you ll never go back to those scratchy old mens tee shirts keeps shape color all the durability with minimal shrinkage no stretch tshirts for men that hold up wash after wash if you prefer a mens white tee shirt or the timeless black t shirt we ve got you covered perfect for every occasion get a mens t shirts multipack or single unit with black tee shirts or white tee shirt for men we offer versatile style for dressing up dressing down or wearing on repeat your ultimate wardrobe mvp,49.9944,4.1,14864.0,40.0,0.24252331171034783,11
B0BPF1R8KC,"Champion Men's Classic Everyday Soft, Comfortable T-Shirt (Regular or Big & Tall)",Champion Store,T-Shirts,https://m.media-amazon.com/images/I/41bU6xU+vsL.jpg,https://www.amazon.com/dp/B0BPF1R8KC,champion men s classic everyday soft comfortable t shirt regular or big tall the fit standard fit men s big tall t shirt for easy all day comfort the feel crafted with a soft 5 5 oz cotton or cotton blend this men s tee feels great on the look classic short sleeve style with ribbed crew neckline and soft back neck tape you ve got options find this bestselling men s tee in staple to statement colors spot the c iconic c logo at the chest and left sleeve is recognizable on and off the field note c logo patch color may vary from image champion men s classic t shirt everyday tee for men comfortable soft men s t shirt reg or big tall,5.4573,4.5,35892.0,11.0,0.3645216172716173,11
B00NOY3JKW,"Hanes Men's Beefy-T T-Shirt, Heavyweight Cotton Tee, 1 Or 2 Pack, Big & Tall",Hanes Store,T-Shirts,https://m.media-amazon.com/images/I/31H7rIgJjJL.jpg,https://www.amazon.com/dp/B00NOY3JKW,hanes men s beefy t t shirt heavyweight cotton tee 1 or 2 pack big tall hanes quality men s tees are made with a high density stitch count double needle stitching and shoulder to shoulder taping holds its shape the ribbed crewneck lays flat and holds its shape for a tee that s made to last room to move a full cut in these men s undershirts gives you extra room to move cotton goodness soft and strong 6 oz ringspun cotton feels great for comfort that lasts heathered colors are a cotton blend big tall sizes need more room these classic men s short sleeve tees are available in big men s sizes up to 6xl cold water wash hanes recommends washing this men s t shirt in cold water to reduce energy usage for over 45 years hanes beefy t classic cotton tee has set the standard for t shirt comfort and quality today this unisex tee is better than ever offering even greater durability and fit the ultra soft 100 cotton t shirt in 6 1 oz jersey is a great weight that s beefy indeed it feels soft against your skin and will continue to feel that way for a long time getting softer with every washing with a full cut for a roomier fit that lets you move with ease this short sleeve crewneck tee is made to last with durable double stitching at the sleeves and hem available in 30 colors this is a better than basic cotton tee to stock up on and wear everywhere,8.1932,4.5,59919.0,1.0,0.22093000497616413,12
B08BC4HDS2,Workout Shirts for Men Short Sleeve Quick Dry Athletic Gym Active T Shirt Moisture Wicking,Brand: MCPORO,T-Shirts,https://m.media-amazon.com/images/I/41Dh+ZrRGeL.jpg,https://www.amazon.com/dp/B08BC4HDS2,workout shirts for men short sleeve quick dry athletic gym active t shirt moisture wicking high performance activewear we combine soft breathable and stretchy fabric with a functional and modern design to bring you men s athletic wear t shirts that will give you the extra support you need to push your limits while playing or working outsoft comfortable our moisture wicking t shirts are made with comfort and functionality in mind this is why each shirt is made using 4 way stretch fabric that s gentle on the skin and flexes with your body to bring you mens athletic shirts you can comfortably wear all daybetter way to workout the moisture wicking short sleeve shirts provide you with the upper body support you need to push your limits while staying dry and cool great for most outdoor activities including sports hiking climbing biking cycling weight lifting and just for daily usequick drying moisture wicking thanks to the breathability of the fabric our men s workout shirts wick away moisture from the skin and dry quickly so you can stay dry around the clock making them the great choice for any men that want to enjoy comfortable workout sessionsstay ready all year we designed our workout shirts for men to offer protection against the sun enhanced breathability and just the right fit making them the great choice for use around the year in every season they can also be layered with other clothes to create eye catching combinations,29.9732,4.4,10820.0,10.0,0.2418180953976408,11
B078LC7GCX,"Champion Men's T-Shirt, Classic Graphic T-Shirt, Soft and Comfortable T-Shirts for Men, Script Logo (Reg. or Big & Tall)",Champion Store,T-Shirts,https://m.media-amazon.com/images/I/31zbNeR0n-L.jpg,https://www.amazon.com/dp/B078LC7GCX,champion men s t shirt classic graphic t shirt soft and comfortable t shirts for men script logo reg or big tall the fit standard fit men s t shirt the feel comfortable 5 5 oz cotton or cotton blend that s extra soft the graphic classic script sits on the chest of this men s tee spot the c iconic c logo patch hits at the sleeve easy care machine wash this men s t shirt on cold with like colors for easy care that reduces energy use note c logo patch color may vary from image champion men s tshirt classic graphic tshirt soft and comfortable t shirts for men script logo reg or big tall,9.0064,4.6,68189.0,16.0,0.40858438594234053,11
B0D266SMGD,1/5 Pack Workout Shirts for Men Athletic Running Gym Quick Dry Short Sleeve Performance Moisture Wicking T Shirt,HovSiyla Store,T-Shirts,https://m.media-amazon.com/images/I/31l7x1ZWumL.jpg,https://www.amazon.com/dp/B0D266SMGD,1 5 pack workout shirts for men athletic running gym quick dry short sleeve performance moisture wicking t shirt loose fit the loose fit of our short sleeve shirt provides maximum comfort and style it s perfect for those who prefer a relaxed casual look rapid drying stay dry and comfortable with fast drying technology moisture wicking fabric ensures rapid evaporation ideal for intense workouts or outdoor activities versatile style this athletic casual shirt is incredibly versatile its classic style and neutral colors make it easy to pair with any bottom suitable for various occasions and styles lightweight soft made of experience ultimate comfort with a lightweight material this exercise tops is perfect for all day wear it won t weigh you down no matter how long you wear it multi sence whether you re hitting the gym going for a run or running errands this quick dry workout t shirt is perfect for multiple scenes stay stylish and comfortable throughout the day with its functional design,19.9913,4.6,697.0,363.0,0.34761990324490327,10
B002GHC19I,Carhartt Men's Loose Fit Heavyweight Short-Sleeve Pocket T-Shirt,Carhartt Store,Tops,https://m.media-amazon.com/images/I/41LwPo0adIL.jpg,https://www.amazon.com/dp/B002GHC19I,carhartt men s loose fit heavyweight short sleeve pocket t shirt rib knit crew neckside seam construction minimizes twistingleft chest pocket with sewn on carhartt labeltagless neck labelprev name workwear pocket short sleeve t shirt carhartt men s loose fit heavyweight short sleeve pocket t shirt,19.99,4.6,114611.0,1.0,0.33976799000479124,11
B086L1PM8V,"Hanes Men's Pocket Undershirt Pack, Cotton Crew Neck T-Shirt, Moisture Wicking Tee, Assorted 6-Pack",Hanes Store,T-Shirts,https://m.media-amazon.com/images/I/31wfRxjbUoL.jpg,https://www.amazon.com/dp/B086L1PM8V,hanes men s pocket undershirt pack cotton crew neck t shirt moisture wicking tee assorted 6 pack america s 1 men s underwear brand source circana consumer tracking service u s sales underwear bottoms and undershirts 12 months ending november 2023 classic fit just right standard fit not too tight and not too loose quality fabric these men s pocket tees are crafted from soft breathable cotton heathered styles are 75 cotton 25 polyester keep cool feel fresh cool comfort moisture wicking technology wicks away moisture to keep you cool and comfortable advanced odor protection technology attacks odor causing bacteria to keep you feeling fresh stays tucked a longer hem length is designed to stay tucked in design details a left chest pocket provides extra function and style while the crewneck collar is designed to lay flat tag free interior eliminates the itch caused by scratchy tags,21.98,4.4,29643.0,17.0,0.297563936484391,11
B09JFZTWVJ,J.VER Men's Dress Shirts Solid Long Sleeve Stretch Wrinkle-Free Formal Shirt Business Casual Button Down Shirts,J.VER Store,Button-Down Shirts,https://m.media-amazon.com/images/I/31kInHUGBFL.jpg,https://www.amazon.com/dp/B09JFZTWVJ,j ver men s dress shirts solid long sleeve stretch wrinkle free formal shirt business casual button down shirts flex fabric the long sleeve dress shirt is made of stretch fabric makes you move body easier soft and comfortable with good breathabilitywrinkle free the combination of high quality fabrics and special technology makes the solid dress shirt not easy to wrinkle easy to care the classic spread collar easily matches with a tie or bow tieoccasion business wedding party dating office nightclub whether for formal occasions or daily casual this mens dress shirt is a perfect choice the classic design ensures it s a staple in any wardrobesize our button down shirts are us regular fit tailoring style a variety of sizes and colors for you to choose please refer to the size chart to choose the size that suits youwashing method it is recommended to hand wash or machine wash in cold water to protect the fabric s texture and color this shirt can be ironed at low temperatures,19.99,4.4,25375.0,1.0,0.36482262014080197,12
B01GH5KOZ2,Under Armour Men's Tech Golf Polo,Under Armour Store,Polos,https://m.media-amazon.com/images/I/31HqGRfa0EL.jpg,https://www.amazon.com/dp/B01GH5KOZ2,under armour men s tech golf polo textured fabric that s soft light breathable material wicks sweat dries really fast anti odor technology prevents the growth of odor causing microbes ua tech is our original go to training gear under armour men s tech polos are loose light and keep you cool basically they re built to be everything you need textured fabric that s soft light breathable material wicks sweat dries really fast 3 button placket self fabric collar loose fuller cut for complete comfort 100 polyester,19.5551,4.7,61179.0,1.0,0.0,0
B0CNXK4KRH,VATPAVE Mens Summer Striped Shirts Button Down Short Sleeve Vintage Beach Hawaiian Shirts with Pocket,VATPAVE Store,Button-Down Shirts,https://m.media-amazon.com/images/I/51oVpvJQHGL.jpg,https://www.amazon.com/dp/B0CNXK4KRH,vatpave mens summer striped shirts button down short sleeve vintage beach hawaiian shirts with pocket material mens button down short sleeve shirt is made of of 95 polyester and 5 spandex with its breathable and lightweight fabric ensuring soft and comfortable feel against the skin classic design the ribbed textured shirt features striped design and curved hemline that adds a touch of fashion sense and has one chest pocket that is covenient to hold small items regular fit shirts are suitable for most people simple but classic it never goes out of style versatile mens hawaiian shirts short sleeve could be easy to match with jeans casual pants or shorts to create a simple but fashionable style occasion suitable for all occasions and seasons like holiday birthday beach cruise informal business vacation date wedding daily casual office school camping party and travel it s a great present for yourself your friends and your husband garment care machine washable do not bleach tumble dry low machine wash with cold water setting keeps colors vibrant and ensures long lasting durability,19.99,4.5,699.0,49.0,0.4201288936627282,11
B0BB2JC2QX,ZITY Men's Flannel Hoodie Shirts Casual Button Down Plaid Shirt Jackets for Men Long Sleeve Stylish Hooded with Pocket,ZITY Store,Button-Down Shirts,https://m.media-amazon.com/images/I/51enr2PyyvL.jpg,https://www.amazon.com/dp/B0BB2JC2QX,zity men s flannel hoodie shirts casual button down plaid shirt jackets for men long sleeve stylish hooded with pocket premium fabric this men s plaid shirt is made of high quality flannel fabric soft skin friendly comfortable and breathable mens flannel shirt will give you a more comfortable wearing experiencestylish design men s button down shirt designed with a modern style drawstring hood and button down closure plaid pattern an utility chest pocket wearcomfort and fashion senseeasy to match the men s flannel hoodie can be paired with jeans trousers t shirt sweater boot leather shoes etc available in a variety of colors and sizes it s easy to find the perfect fit for youoccasions men plaid hooded jacket shirt is often thought upon as the most versatile item a man can own men s long sleeve casual shirt is great for daily wear and various casual activities such as lounging street wear shopping casual daily life traveling working office and school or as practical workwear etc suitable for autumn winter and spring if there is ever a situation which brings with uncertainty regarding the dress code the flannel shirt is fail proofnotes men s plaid hoodie shirt is suitable for machine or hand washing and are not prone to pilling or fading us size please choose the size refer to our size chart,19.9951,4.4,1376.0,59.0,0.27931722688123245,10
B071WY2Q29,"Amazon Essentials Men's Crew Neck T-Shirts, Pack of 6, Versatile Basics,",Amazon Essentials Store,Undershirts,https://m.media-amazon.com/images/I/316-NRZinyL.jpg,https://www.amazon.com/dp/B071WY2Q29,amazon essentials men s crew neck t shirts pack of 6 versatile basics slim fit design these men s crew neck t shirts contour through the shoulders sleeves chest and waistcomfortable cotton jersey experience the softness of 100 cotton t shirts with a ribbed knit and added stretchversatile crewneck style the t shirt s crewneck design is great for layering or wearing it on its owndurable construction these t shirts feature short sleeves a straight hem and super soft flexible stitchinghigh quality affordability quality men s t shirts at an affordable price these men s crewneck undershirts feature a comfortable slim fit through the shoulders sleeves chest and waist and are crafted from a soft cotton jersey t shirt fabric with a casual design these crew neck t shirts include short sleeves and a straight hem finished with super soft flexible stitching for durability these shirts also have a banded crewneck providing extra resilience and a comfortable feel against the skin,24.4,4.4,42574.0,8.0,0.23776515585475072,10
B09MHS6C6Z,ZITY 5 Pack Mens Polo Shirt Short Sleeve Sports Golf Tennis T-Shirt Moisture-Wicking Summer Shirts,ZITY Store,Polos,https://m.media-amazon.com/images/I/412gm7SmcBL.jpg,https://www.amazon.com/dp/B09MHS6C6Z,zity 5 pack mens polo shirt short sleeve sports golf tennis t shirt moisture wicking summer shirts quality material this men s polo shirts short sleeve made from polyester spandex offering lightweight moisture wicking soft hand feel four way stretch keep you cool and breathablecolor and size our mens golf polo short sleeve based on us regular fit m l xl xxl 3xl and multiple colors for choice allowing for great mobility in any directions and making you have different look everydaystylish feature our mens casual shirts button placket and simple look that make this golf polo shirt a go to for the office or the vacationoccasion this mens shirts casual is easy to match for a daily look can be a business casual shirt also perfect for sport golf tennis and other outdoor activities great gift for husband friends or boyfriendswash tip machine wash anti fading and anti pilling do not bleach,68.3935,4.4,1278.0,16.0,0.0,0
B09S6VVX5B,"Gildan Unisex Adult Heavy Cotton T-Shirt, Style G5000, Multipack",Gildan Store,T-Shirts,https://m.media-amazon.com/images/I/31rTcCRGFQL.jpg,https://www.amazon.com/dp/B09S6VVX5B,gildan unisex adult heavy cotton t shirt style g5000 multipack classic fit for loose comfortversatile mid weight fabric for year round wearour most popular t shirtnon topstitched classic width rib collartear away label for customizable comfortscreen printing embroidery iron on transfers bleaching and tie dye gildan unisex adult heavy cotton t shirt style g5000 multipack,9.9448,4.5,90751.0,57.0,0.20429149297965363,11
B0CJTZLCQ2,COOFANDY Men's Cuban Guayabera Shirt Short Sleeve Button Down Shirts Casual Summer Beach Linen Shirts,COOFANDY Store,Button-Down Shirts,https://m.media-amazon.com/images/I/41aKK3Q-KvL.jpg,https://www.amazon.com/dp/B0CJTZLCQ2,coofandy men s cuban guayabera shirt short sleeve button down shirts casual summer beach linen shirts premium fabric men s short sleeve cuban shirt is made of premium fabric which is breathable soft and skin friendly keeping you cool and comfortable in the summercuban guayabera design mens guayabera shirts features short sleeve spread collar button closure cutout embroidery relaxed fit distinct cuban design makes this shirt more fashionable and classiccollocation men s button down short sleeve shirt makes a perfect versatile item that can be easily worn with shorts jeans trousers jackets or suits add this summer shirt to your current collection for a sophisticated lookoccasions casual summer shirts are suitable for beach party wedding yoga work vacation cruise home or other casual daily wear perfect gift for husband son father friendgarment care machine wash mens cuban button down shirt please read our size chart before ordering,29.99,4.4,1989.0,24.0,0.3337770562770563,11
B07NHW8Z3N,Kingsted T-Shirts for Men Pack - Royally Comfortable - Super Soft Premium Fabric - Well-Crafted Classic Tee,Kingsted Store,T-Shirts,https://m.media-amazon.com/images/I/31PHceQ3JUL.jpg,https://www.amazon.com/dp/B07NHW8Z3N,kingsted t shirts for men pack royally comfortable super soft premium fabric well crafted classic tee royally comfortable kingsted men s t shirts are designed to look and feel like an old favorite these super soft classic tees for men will quickly become your favorite comfy t shirts you wear firstpremium fabric our basic shirts for men are made with premium blend of polyester cotton t shirt fabric the finish is a wrinkle resistant fast drying and ultra durable high quality t shirt for menclassic tees for men kingsted mens t shirts are well crafted true classic tees for men these casual shirts for men have fitted side seams that help maintain shape better than tubular mens teeslong lasting kingsted colored t shirts for men are heather dyed and maintain color much longer than other cheap cotton shirts for men these lightweight polycotton t shirts are exceptionally durablevalue pack bundle save on our short sleeve t shirts for men packs kingsted s premium t shirts for men offer the same or more value as other designer t shirts for men for a better price experience premium comfort and style with kingsted mens tee shirt pack crafted from premium 50 polyester 50 cotton tshirts fabric these mens t shirts short sleeve offer you one of the best mens t shirts ensuring a flattering silhouette for all body types each mens t shirt pack comes with an assorted plain tshirts solid colored t shirts perfect for every occasion whether you re looking out for blank t shirts casual shirts for men a sleep shirt fitted t shirts for men or men undershirts to layer under these mens tee shirts make for an ideal choice these mens shirts pack of crewneck t shirts for men is a timeless essentials shirt and a must have mens tshirts in every man s wardrobe our cotton t shirts for men are not just mens plain t shirts they are about making you look good and feel confident these men s t shirts are not just basic shirts they are a blend of style and comfort that sets you apart these super soft tees for men are mens fitted tshirts ensure comfort making them one of the most comfy shirts for men you ever had our mens cotton t shirts are tagless tees for added comfort and come in a bulk t shirts pack so you can refresh your wardrobe with these fresh clean tees these men s shirts superior fabric of our cotton tshirts for men ensures they retain their shape and color even after multiple washes we understand the importance of a true classic mens tshirt in a man s wardrobe hence we have designed these soft t shirts for men to be a perfect blend of designer shirts for men quality and price these crew neck t shirts for man are perfect as mens undershirts these basic tees for men are a perfect fit for all our goal is to provide the best t shirts for men that combine style comfort and durability these mens tshirt pack are the perfect casual t shirts for men a lazy sunday or a night out add one of our kingsted mens t shirts pack to your wardrobe and experience royally comfortable crew neck t shirts for men,39.992,4.3,10657.0,20.0,0.26776903714294065,10
B0775MHKD6,Amazon Essentials Men's Regular-Fit Long-Sleeve Casual Poplin Shirt,Amazon Essentials Store,Button-Down Shirts,https://m.media-amazon.com/images/I/415NK41isyL.jpg,https://www.amazon.com/dp/B0775MHKD6,amazon essentials men s regular fit long sleeve casual poplin shirt regular fit comfortable easy fit through the shoulders chest and waist washed poplin made from lightweight yet durable washed poplin offering comfort and versatility for any season everyday shirting with classic shirting details the long sleeve poplin shirt is the perfect year round wardrobe staple wear it tucked in for a polished look or untucked for casual sophistication pairs effortlessly with jeans chinos or shorts details features a sturdy spread collar construction a center front placket with secure button closure and a classic shirt tail hem,18.7821,4.4,33324.0,12.0,0.30349901499466714,10
B074XY7MTG,"Hanes Men's Moisture-Wicking Crewneck Performance Undershirt, 5-Pack",Hanes Store,Undershirts,https://m.media-amazon.com/images/I/21qZZQ0rU2L.jpg,https://www.amazon.com/dp/B074XY7MTG,hanes men s moisture wicking crewneck performance undershirt 5 pack named best anti sweat undershirt by men s health menshealth com july 7 2023 quality fabric our men s white tee shirt 5 pack is made from moisture wicking 60 rayon 40 polyester that s soft and moves with you value you expect each everyday men s undershirts value pack comes with 5 crewneck t shirts breathable moisture wicking x temp double dry technology helps wick moisture to keep you cool and dry all day remarkable odor control freshiq odor protection technology even after a sweaty workout size options from men s shirt sizes small 3xl our multiple size options make shopping simple are oversized t shirts your thing order a size up designed to adapt to your temperature and activity level hanes x temp men s t shirts are made from a high quality blended lightweight fabric that keeps you cool when you re working up a sweat each performance tee includes advanced odor technology that fights odor causing bacteria and comfort cool fabric that wicks away moisture you ll also appreciate the lay flat collar and smooth tag free interior stock up with this convenient 5 pack of white t shirts so you ll never be without a clean hanes tee,24.5,4.6,34615.0,12.0,0.14610626860128123,10
B0CSWGBR4L,1/5 Pack Running Shirts Men Sport Tops Dry Fit Gym Wicking Athletic T Shirts Breathable Cool Workout Shirts,HovSiyla Store,T-Shirts,https://m.media-amazon.com/images/I/41Ojxk0bBZL.jpg,https://www.amazon.com/dp/B0CSWGBR4L,1 5 pack running shirts men sport tops dry fit gym wicking athletic t shirts breathable cool workout shirts moisture wicking this quick dry short sleeve features fast sweat absorption which allows sweat to evaporate quickly keeping your body dry and cool so that you can easily cope with sports or hot weather light as a feather our running short sleeves are made of lightweight material to lighten the load and make you feel as if you re not wearing any clothes while providing good breathability loose fit design this athletic short sleeve applies a loose fit that doesn t constrict the body and offers freedom to stretch out making you more comfortable and at ease during your activities simple basis this casual short sleeve adopts a simple design style suitable for various occasions whether for sports or daily wear it can show your fashionable taste all round applicability this moisture wicking short sleeve is suitable for a variety of scenarios such as sports traveling leisure and so on,23.99,4.5,917.0,30.0,0.38042453947567584,11
B00B6EDB64,Dickies Men's Heavyweight Crew Neck Short Sleeve Tee,Dickies Store,Clothing,https://m.media-amazon.com/images/I/41D9utuURkL.jpg,https://www.amazon.com/dp/B00B6EDB64,dickies men s heavyweight crew neck short sleeve tee superior comfort fit our classic crewneck pocket tee is made of 100 heavyweight soft jersey knit cotton extra strong taped shoulder neck seams for added durability tagless labeling eliminates chafing long tail looks good tucked or untucked sturdy functionality this 100 preshrunk cotton shirt features a traditional chest pocket with pencil divider a spacious fit with a long tail for all kinds of work activity it s a sturdy basic t shirt that can be worn either alone or as an undershirtclassic favorite fans tell us our sturdy tagless t shirts are the ones by which all others should be measured try one on and see for yourself you can wear it alone or as an undershirt in a wide selection of colors regular or big and tall sizes trusted name the world s leading performance workwear brand dickies has been making quality workwear apparel since 1922 all dickies clothing offers superior craftsmanship unmatched value to deliver classic style long lasting comfort every day we make jeans outerwear school work uniforms sports shirts kids wear hats socks underwear boots gloves belts eyewear backpacks bags much more hard working men everywhere will be comfortable in the dickies short sleeve heavyweight crew neck t shirt made of a jersey knit material this heavyweight cotton blend is durable and designed with cotton comfort on top of the fabric durability the taped neck and shoulder seams up the ante on strength for longer wear,16.99,4.5,42115.0,88.0,0.17185867626982707,9
B072QRN7HR,"Hanes Men's EcoSmart Fleece, Pullover Crewneck Sweatshirt, 1 or 2 Pack",Hanes Store,Active Sweatshirts,https://m.media-amazon.com/images/I/41sl-OUoz8L.jpg,https://www.amazon.com/dp/B072QRN7HR,hanes men s ecosmart fleece pullover crewneck sweatshirt 1 or 2 pack fleece to feel good about this men s pullover sweatshirt is made with cotton sourced from american farms stays soft thick sturdy fleece keeps this crewneck sweatshirt warm and cozy unisex sizing this sweatshirt is designed with a standard men s fit that also creates an effortless oversized look for women female model is 5 8 and wearing a size medium made to last double needle stitching at the neck and armholes adds extra quality and sturdiness to this men s sweatshirt classic silhouette basic crewneck sweatshirt shaping for that versatile look you love big tall options this pullover sweatshirt is available in big men s sizing up to 3xl so you can find your perfect fit hanes ecosmart men s fleece sweatshirt is sure to become your new go to wardrobe staple soft and plush this cozy pullover sweatshirt is made from a midweight blend featuring cotton sourced from american farms a classic crewneck style this pullover is sturdy and made to keep its plush comfort for a long time the fleece design is built to hold its shape thanks to a ribbed crewneck cuffs and hem double needle stitching at the neck and armholes further enhance the quality and sturdiness pair this hanes crewneck sweatshirt with everything from jeans to sweats for a laid back look,11.3037,4.6,152280.0,2.0,0.2532052729988654,10
B0CSJ417P3,5 Pack Mesh Workout Shirts for Men Dry Fit Gym Shirts Quick Dry Athletic Short Sleeve T-Shirt Moisture Wicking,Brand: Kinglaman,T-Shirts,https://m.media-amazon.com/images/I/41Hfwg3fdaL.jpg,https://www.amazon.com/dp/B0CSJ417P3,5 pack mesh workout shirts for men dry fit gym shirts quick dry athletic short sleeve t shirt moisture wicking unbeatable value 5 6 pack workout shirts for men are the only deal on amazon pay less and get more moisture wicking dry fit t shirts with quick drying properties to help you get rid of the sweat during exercise and keep dry all the time athletic tees design active t shirts for men with crew neck and short sleeve will make your excercise more comfortable using 4 way stretch fabric that s gentle on the skin and flexes with your body high performance activewear our sport tshirt is practical whether at home or in the gym perfect for hiking fitness cycling training tennis running training outdoor work etc tagless and easy clean our breathable top don t have sewn tags so the tags won t wear your skin during training they are machine washable,19.999,4.4,504.0,27.0,0.1119047619047618,1
B0CN2WFJLN,6 Pack Men's Quick Dry Long Sleeve Shirts Moisture Wicking Sun Protection Performance T-Shirt for Casual Workout,OYGSieg Store,T-Shirts,https://m.media-amazon.com/images/I/41mndBj-TDL.jpg,https://www.amazon.com/dp/B0CN2WFJLN,6 pack men s quick dry long sleeve shirts moisture wicking sun protection performance t shirt for casual workout quick dry breathable these active shirts feature quick dry and breathable technology wicking away moisture to keep you comfortable perfect fit and soft our mens long sleeve t shirts are made using a blend of 95 polyester 5 spandex strike the ideal balance between comfort and flexibility with a sweatshirt that is neither too loose nor too tight upf sun protection shield yourself from harmful uv rays during your outdoor runs the upf 50 sun protection feature ensures that you can focus on your run without worrying about sun damage comfortable design 4 way stretch fabric coupled with the flat seams and breathable fabric keep you comfortable all day versatile performance these shirts are not just for running you can use for various activities whether you re hiking camping surfing fishing working out golfing or engaging in any outdoor adventure this shirt ensures optimal performance,39.98,4.6,1562.0,11.0,0.3884952380952381,10
B0C61X5ZD7,3 Pcs Men's Oversized Heavy Cotton Summer T-Shirts Vintage Tee Loose Fit Short Sleeve Casual Tshirts for Men Women,duwqcui Store,T-Shirts,https://m.media-amazon.com/images/I/41LEDdKlxYL.jpg,https://www.amazon.com/dp/B0C61X5ZD7,3 pcs men s oversized heavy cotton summer t shirts vintage tee loose fit short sleeve casual tshirts for men women size material a bit small suggest you choose one size larger than usual this tshirt made from 100 premium cotton feels ultra soft and comfortable against your skin you ll love the way it fits and feels vintage style classic vintage faded color oversized cotton men s t shirt will make you stand out from the crowd it s a timeless piece that s perfect for any occasion versatile wear our men s tee to the gym to the beach or to any casual outing it s a versatile piece that looks great with shorts jeans or sweatpants long lasting made from heavy duty cotton our t shirt is designed to withstand repeated washings and wearings it won t shrink fade or lose its shape over time our casual t shirt for men is a great for any occasion give it to your boyfriend husband brother or friend for their birthday christmas or any other special occasion,35.998,4.5,782.0,29.0,0.272789377303663,10
B0B28SWXWP,Alimens & Gentle Mens Solid Oxford Shirt Long Sleeve Dress Shirt Work Casual Button Down Shirts with Pocket,Alimens & Gentle Store,Button-Down Shirts,https://m.media-amazon.com/images/I/410B40LLCfL.jpg,https://www.amazon.com/dp/B0B28SWXWP,alimens gentle mens solid oxford shirt long sleeve dress shirt work casual button down shirts with pocket material this casual shirt made in high quality cotton for a breathable and strong feeling button down collar design oxford fabric will gets softer with each weardesign mens solid dress shirt long sleeve button down front closure back pleat adjustable cuff for a tailored look and ensuring more flexibility when movingoccasions casual friday dating work office prom wedding concert perform party daily life suitable for any casual occasions it s also an ideal gift for husband son dad or friendsmatch shirt for men can be worn with or without a tie classic design chest pocket holds your essentials match with casual pants dress pants or jeanscare hand wash or machine wash cold do not bleach tumble dry low low iron if necessary,22.9923,4.3,5734.0,6.0,0.357187718837535,10
B077ZH6ZRD,"Gildan Men's A-Shirt Tanks, Multipack, Style G1104",Gildan Store,Tank Tops,https://m.media-amazon.com/images/I/31MaO8lHHRL.jpg,https://www.amazon.com/dp/B077ZH6ZRD,gildan men s a shirt tanks multipack style g1104 soft breathable cottonmoisture wicking technology keeps you cool and drytag free to prevent irritationclassic length for easy tuckingdurable stitchingribbed fabrication gildan cotton a shirts are anything but basic crafted with soft breathable cotton and moisture wicking technology to keep you cool and comfortable no matter what s on the agenda perfect for layering or lounging you can thank us later,15.2715,4.6,124739.0,1.0,0.23371775536735856,10
B07NWZ6PBF,Real Essentials 4 Pack: Men's Dry-Fit UV Moisture Wicking UPF 50+ SPF Sun Protective Fishing Hiking Active Long Sleeve Shirt,Real Essentials Store,T-Shirts,https://m.media-amazon.com/images/I/41kFee2DaJL.jpg,https://www.amazon.com/dp/B07NWZ6PBF,real essentials 4 pack men s dry fit uv moisture wicking upf 50 spf sun protective fishing hiking active long sleeve shirt moisture wicking quick dry performance stay cool and comfortable with our men s athletic shirts designed with moisture wicking and quick dry fabric these long sleeve tees are ideal for intense workouts whether at the gym running or hiking available in black white blue and orange perfect for both casual and activewear the cool dry fit technology keeps you feeling fresh in all conditions multi pack essentials for every occasion stock up with our convenient multi pack of dry fit t shirts for men from gym to construction work these camisas para hombres and camisetas hombre are perfect for everyday wear offering a lightweight and breathable fit choose from a variety of styles including rash guard compression shirts and thermal options for colder months ideal as winter sweatshirts or fall clothes spf upf sun protection enjoy superior sun protection with our quick dry and compression t shirts featuring spf uv and upf 50 ratings these work shirts are perfect for construction fishing golf and other outdoor activities available in hi vis orange for enhanced visibility during work or running these manga larga tees are built for performance and protection versatile all season wear from fall to winter these long sleeve t shirts are perfect for layering or wearing solo crafted from breathable polyester they provide warmth during cooler months while still being lightweight enough for summer activities great for casual wear construction or as an undershirt these essential shirts offer durability and comfort throughout the year durable stylish everyday wear built to last our good fellow playeras combine style and function ideal for work gym or leisure these drifit shirts feature a comfortable fit and are available in classic black red white and more whether you re on a construction site hitting the gym or going for a run these adult tees offer reliable moisture wicking and quick dry features to keep you at your best men s athletic shirts stay cool comfortable and protected whether you re hitting the gym going for a run or working on a construction site our men s athletic shirts are designed to keep you cool comfortable and protected made from premium polyester and cotton blends these moisture wicking and quick dry tees ensure you stay dry even during the most intense activities the lightweight fabric offers excellent breathability making these shirts perfect for workouts casual wear or outdoor activities perfect for every season available in various styles like long sleeve tees compression shirts and rash guards these shirts are designed for year round comfort in cooler months our thermal options keep you warm while the breathable fabric is perfect for warmer days whether you re looking for casual fall clothes or something more durable for winter our shirts offer the versatility you need available in popular colors like black blue white red and hi vis orange they easily match your style and activity sun protection performance with built in spf uv and upf 50 sun protection our quick dry t shirts shield you from harmful rays making them ideal for fishing golf or any other outdoor activities multi pack value for convenience get more with our multi pack options offering several shirts in one convenient purchase perfect for work gym or casual wear these camisetas hombre are ideal for everyday use choose from a variety of styles and colors to match your needs from long sleeves for cooler days to short sleeve tees for workouts and hiking durable versatile built to last these good fellow shirts are designed with durability and style in mind whether you re wearing them for work or as an undershirt these dry fit shirts provide the perfect combination of function and fashion with sizes available for all body types including big and tall you ll find the perfect fit for any occasion,34.993,4.4,53960.0,64.0,0.2556458818958819,10
B0C49Y4YXF,Alimens & Gentle Men's Plaid Button Down Shirts Cotton Long Sleeve Dress Shirts Regular Fit Gingham Shirts,Alimens & Gentle Store,Button-Down Shirts,https://m.media-amazon.com/images/I/51GMeHFY5+L.jpg,https://www.amazon.com/dp/B0C49Y4YXF,alimens gentle men s plaid button down shirts cotton long sleeve dress shirts regular fit gingham shirts premium fabric the long sleeve plaid dress shirt is made of high quality cotton polyester blend fabric make you stay comfy perfect for transitional weather,22.99,4.3,3074.0,10.0,0.3253415103415103,6
B0874W4WQ9,Under Armour Men's HeatGear Compression Long-Sleeve T-Shirt,Under Armour Store,Shirts,https://m.media-amazon.com/images/I/31mfMfV80LL.jpg,https://www.amazon.com/dp/B0874W4WQ9,under armour men s heatgear compression long sleeve t shirt super light heatgear fabric delivers superior coverage without weighing you downmesh underarm back panels for strategic ventilationmaterial wicks sweat dries really fastergonomic design keeps seams off high abrasion areas increases durabilityhybrid raglan sleeve construction for added range of motion comfortwrite in locker tag on back of neck for your initials or number super light heatgear fabric delivers superior coverage without weighing you down mesh underarm back panels for strategic ventilation ergonomic design keeps seams off high abrasion areas increases durability hybrid raglan sleeve construction for added range of motion comfort compression ultra tight second skin fit body 84 polyester 16 elastane mesh 92 polyester 8 elastane,33.305,4.6,18341.0,1.0,0.298003848016835,11
B0CW39BXTQ,COOFANDY Mens Short Sleeve Casual Button Down Shirts Summer Untucked Dress Shirts with Pocket,COOFANDY Store,Button-Down Shirts,https://m.media-amazon.com/images/I/41CwnQwXWXL.jpg,https://www.amazon.com/dp/B0CW39BXTQ,coofandy mens short sleeve casual button down shirts summer untucked dress shirts with pocket lightweight and comfort the coofandy men s short sleeve casual shirt prioritizes comfort without compromising on style the inclusion of soft fabric not only ensures a silky feel but also enhances breathability allowing for a comfortable wearing experience throughout the daymodern look embrace a modern aesthetic with men s short sleeve shirt the urban design features classic shirt collar button closure timeless solid color and a regular fit tailored to complement most body types this shirt effortlessly combines timeless style with contemporary flair making it a versatile addition to your wardrobeeasy to match a new fit for coofandy relax it s summer you have earned it whether paired with chinos or jeans for casual wear or dressed up with formal pants for special occasions this shirt effortlessly adapts to your style offering flexibility for a range of outfit choicesmultiple occasions this men s casual dress shirt is suitable for a variety of occasions from weddings and date nights to business meetings and daily casual wear it effortlessly transitions between different settings versatility is key making it an ideal choice whether worn alone or as a base layer for additional styling optionswarm tips machine washable for mens button up shirt the convenience of easy care adds to the overall appeal of this exceptional garment please refer to our size chart carefully before you order,19.992,4.2,1067.0,44.0,0.25780059525714283,10
B0C9C7TKQ7,Mens Casual Short Sleeve Henley Shirts Fashion Button T Shirts with Pocket,Brand: Olidarua,Clothing,https://m.media-amazon.com/images/I/51AEC36Y-OL.jpg,https://www.amazon.com/dp/B0C9C7TKQ7,mens casual short sleeve henley shirts fashion button t shirts with pocket material cotton blend it is lightweight soft breathable comfy stretchy and skin friendlyfeature long sleeve v neck 3 buttons placket regular fit chest pocket henley shirts for men match casual and classic style you can pair this t shirt with jeans jacket sneakers pants occassion these long sleeve shirts are perfect for spring fall winter suit for work sports holiday beach lounge and daily wear gifts for men good gifts for husband dad or boyfriend please refer to size information carefully in the last image,14.9925,4.4,905.0,857.0,0.4061267653565062,11
B0CQLQLWXL,COOFANDY Men's Button Down Shirts Short Sleeve Casual Shirts Summer Beach Shirts Vacation Wedding Shirts with Pocket,COOFANDY Store,Button-Down Shirts,https://m.media-amazon.com/images/I/41pIPoUePlL.jpg,https://www.amazon.com/dp/B0CQLQLWXL,coofandy men s button down shirts short sleeve casual shirts summer beach shirts vacation wedding shirts with pocket premium fabric mens button down shirt is made of high quality material that is lightweight comfortable breathable and skin friendly the soft fabric provides you cool feel all day and give you a better wearing experiencestylish design the summer beach shirt features with short sleeve spread collar button down closure chest pocket and plaid pattern classic shirts for men will make you feel handsome and elegant when you wear itcollocation short sleeve casual shirt is great for spring summer or fall you can match with shorts jeans or trousers for a casual look pair with swimming shorts sunglasses and a hat for vacation beach styleoccasions mens casual button down shirt is suitable for all occasions such as beach vacation cruises holiday travel wedding party school office business casual hawaiian island yoga work or any casual daily wearwarm tips machine wash for mens short sleeve button up shirt please refer to our size chart carefully before you ordering,29.99,4.4,873.0,27.0,0.4676839826839826,10
B07JR4NDKS,Grunt Style 1776 Flag,Grunt Style Store,T-Shirts,https://m.media-amazon.com/images/I/41oxM8sfJqL.jpg,https://www.amazon.com/dp/B07JR4NDKS,grunt style 1776 flag we ve got you covered wrong size tears holes loose threads stains we ve got you covered with nearly 400 us veterans and patriots our mission is to deliver the highest quality most patriotic apparel on the planet straight to your front door backed by our unbeatable lifetime coverage you will always be blown away by our products our service and our ability to merica comfortable tagless high quality this grunt style men s graphic tee shirt features a tagless itch free design with a ribbed collar that won t lose it s shape or stretch our quality durable fabric is ultra soft and comfortable for all day athletic comfort fit during workouts or pt grunt style charitable giving from military and first responders to veteran s and our community t shirts are just part of what we do we want you all to know that we stand ready to support you and your mission not just in word but in action about grunt style what you wear is more than just a necessity it s about attitude we have taken the heroic american spirit and instilled it in everything we do you do not have to be a veteran to wear grunt style but you do have to love freedom proudly printed in the usa all grunt style shirts are proudly printed in carol stream il by our team of veteran s and patriots who take pride in self military and country,29.99,4.7,10479.0,94.0,0.40717757936507937,12
B0874WD2B2,Under Armour Men's HeatGear Compression Short-Sleeve T-Shirt,Under Armour Store,T-Shirts,https://m.media-amazon.com/images/I/31BaOX81WuL.jpg,https://www.amazon.com/dp/B0874WD2B2,under armour men s heatgear compression short sleeve t shirt super light heatgear fabric delivers superior coverage without weighing you downmesh underarm back panels for strategic ventilationmaterial wicks sweat dries really fastergonomic design keeps seams off high abrasion areas increases durabilityhybrid raglan sleeve construction for added range of motion comfortwrite in locker tag on back of neck for your initials or number heatgear armour is our original performance baselayer the one you put on first and take off last so we made it extra comfortable by wicking sweat and stretching so you can move no matter what super light heatgear fabric delivers superior coverage without weighing you down mesh underarm back panels for strategic ventilation material wicks sweat dries really fast ergonomic design keeps seams off high abrasion areas increases durability hybrid raglan sleeve construction for added range of motion comfort write in locker tag on back of neck for your initials or number compression ultra tight second skin fit 84 polyester 16 elastane,26.0713,4.6,12765.0,7.0,0.3753023088023088,11
B07FMZ12CJ,"POLO RALPH LAUREN Men's Slim Fit Cotton Crew Undershirts, 3 Pack",POLO Store,T-Shirts,https://m.media-amazon.com/images/I/21+XaygRfPL.jpg,https://www.amazon.com/dp/B07FMZ12CJ,polo ralph lauren men s slim fit cotton crew undershirts 3 pack length 29 25in 74cm chest 41in 104cm polo mens polo ralph lauren slim fit wicking crew undershirts 3 pack,49.5,4.6,11355.0,112.0,0.0,0
B0DM1XPTL8,Men's Long Sleeve Polo Shirts Casual Button Classic Work Shirt Cotton Collared Basic Golf Shirt with Pocket,Envmb Store,Polos,https://m.media-amazon.com/images/I/41ihRbAkiAL.jpg,https://www.amazon.com/dp/B0DM1XPTL8,men s long sleeve polo shirts casual button classic work shirt cotton collared basic golf shirt with pocket design long sleeve polo shirts for men with delicate designed classic contrast color inside collar and placket making you look stylish button closure and lapel collar design classic cut long sleeve soft fabric make this polo a go to for the office or the weekend material mens long sleeve polo shirts made of soft and comfortable fabric breathable no pilling and no wrinkling and convenient to wear matching mens long sleeve tee shirts can be easily paired with slacks jeans and a variety of pants to suit any style and occasion occasion mens shirts long sleeve perfect for daily wear business work office meeting party dating street holiday travel etc also perfect for sport golf and other outdoor activities great choice for father s day or birthday gifts christmas new year note mens casual shirts are machine washable please select your size by referring to the size information in the description before ordering,13.99,4.1,75.0,26.0,0.16298620131774885,10
B0CC2FCKG3,Stretch Mens Dress Shirts Long Sleeve Slim Fit Dress Shirts for Men Muscle Fit Wrinkle Free Button Down Shirt,Lion Nardo Store,Button-Down Shirts,https://m.media-amazon.com/images/I/31Yzp5mr+pL.jpg,https://www.amazon.com/dp/B0CC2FCKG3,stretch mens dress shirts long sleeve slim fit dress shirts for men muscle fit wrinkle free button down shirt super stretch fabric lion nardo s long sleeve white dress shirts for men offer 4 way stretch comfort with a classic look magic stretchy power ensures full coverage non sheer and moves with you men s dress shirts that fit the modern gentlemantime saving these big and tall dress shirts for men now with stretch perfect for work or casual wear these stretch dress shirts offer seamless style for any workplace and a quick transition to exercise mode with no time consuming changes neededslim fit muscle fit men s slim fit dress shirts offer a sleek modern cut while muscle fit dress shirts provide ample space for comfort both styles free of pockets guarantee a clean stylish appearance for any eventmoisture wicking wrikle free enjoy cool comfort with men s white button up dress shirts that wick away moisture and resist wrinkles on iron fabric resists wrinkles to keep you looking crisp all day easy care easy ironingall occasions versatile casual white button down dress shirts suit business weddings parties or dating ideal for formal or casual wear these white button down shirt make perfect gifts for holidays like thanksgiving father s day and christmas,25.99,4.4,2622.0,15.0,0.29626939669199825,10
B086KKT21F,Hanes Men's Lightweight Cotton Moisture-Wicking Tank Undershirts (6 Pack),Hanes Store,Undershirts,https://m.media-amazon.com/images/I/31Qgt8ELmbL.jpg,https://www.amazon.com/dp/B086KKT21F,hanes men s lightweight cotton moisture wicking tank undershirts 6 pack the comfort of cotton breathable ribbed cotton starts out soft and gets softer with each washing cool all day cool comfort fabric wicks away moisture so you stay cool and dry hour after hourfresh all day freshiq technologyfor all day freshnessbuilt for durability banded armholes and scoop neckline resist wear and tear no tag no itch no tag to bunch up or itch stock up in an instant a 6 pack of hanes essential tank undershirts offers one and done convenience hanes men s cotton tank multipack is made from high quality cotton that s preshrunk to hold its size and shape wash after wash made with hanes cool comfort technology it wicks moisture away from skin to keep you cool and dry during workouts and beyond this versatile white tank is great for workouts the beach or even as an undershirt it s designed with a banded neck and armholes that resist wear and tear and a finished hem that looks good worn out or tucked in these breathable cotton tank tops are also available in multiple color and multipack options so you can choose the one that works best for you,21.98,4.5,62490.0,4.0,0.29924445346320344,11
B073V3LPFL,Levi Strauss Signature Gold Men's Relaxed Fit Flex Jeans (Available in Big & Tall),Levi Strauss Signature Gold Store,Jeans,https://m.media-amazon.com/images/I/31HMegWl77L.jpg,https://www.amazon.com/dp/B073V3LPFL,levi strauss signature gold men s relaxed fit flex jeans available in big tall same great jeans brand new name signature by levi strauss co is now levi strauss signature goldall day comfort and authentic stylepremium denim with ultimate stretch and flexrelaxed seat and thigh straight leg openingunique fabric varies in color due to wash finish and dyemachine wash signature by levi strauss co men s relaxed fit are quality modern jeans built strong enough to last with a straight fuller leg and all around relaxed fit through the seat and thigh these jeans are created with premium flex denim that moves with you throughout the day signature by levi strauss co men s relaxed fit jeans are so relaxed you don t have to break them in,27.99,4.5,41735.0,5.0,0.39626956722122975,10
B07LGVSPKF,Rustler Men's Classic Relaxed Fit,Rustler Store,Jeans,https://m.media-amazon.com/images/I/41VkNydoi2L.jpg,https://www.amazon.com/dp/B07LGVSPKF,rustler men s classic relaxed fit relaxed fit thru seat and thigh5 pocket stylingstraight legheavy weight durable denim thank us later for jeans that you don t have to worry about each pair of rustler jeans is made to be durable and long lasting all without sacrificing the comfort you want and the terrific value you expect available in a variety of colors and fits our straight leg men s jeans are sure to keep up no matter the activity,13.987,4.5,26048.0,2.0,0.22198691450571148,10
B0007CKJSY,Wrangler Men's 13MWZ Cowboy Cut Original Fit Jeans,Wrangler Store,Jeans,https://m.media-amazon.com/images/I/31rmozouNiL.jpg,https://www.amazon.com/dp/B0007CKJSY,wrangler men s 13mwz cowboy cut original fit jeans original fit designed with a functional fit in mind these jeans are made to stack over your favorite pair of boots constructed with a comfortable fit in the waist seat and thigh this jean is made for both function and comfort for long days in the saddleclassic cowboy jean made for authentic cowboys and worn by world champions this original cowboy cut jean is a tried and true classic as the official prorodeo competition jean this western denim essential will stay with you for years to come and maintain that timeless cowboy styledurable materials it s no question that this classic can withstand wear and tear made with durable heavyweight cotton and felled seams to prevent chafing this original fit jean was made to last no matter the taskcomfortable wear whether you re out on the ranch or working in the garage you need a durable jean that keeps you comfortable throughout the day made from 100 cotton this jean provides comfort and breathability for your day aheadfive pocket styling this cowboy cut jean is constructed with an authentic five pocket styling 1 watch pocket 2 front scoop pockets 3 back patch pockets finished with copper rivets for added long lasting durability,18.9464,4.5,41485.0,8.0,0.16982853765488934,10
B07HNWNXM2,Wrangler Authentics Men's Comfort Flex Waist Relaxed Fit Jean,Wrangler Authentics Store,Jeans,https://m.media-amazon.com/images/I/31s6ITjEqRL.jpg,https://www.amazon.com/dp/B07HNWNXM2,wrangler authentics men s comfort flex waist relaxed fit jean relaxed fit built with a relaxed fit through the seat and thigh these versatile jeans sit at the natural waist for a comfortable fit during any task perfect for everyday wear this denim classic is a closet staple comfort flex waistband designed with comfort in mind our innovative flex waistband ensures a comfortable fit that moves and bends with you durable materials these jeans are made with durable and comfortable flex denim for added range of motion durable construction built to last signature details finished with a zipper fly button closure and our signature leather patch this classic wrangler jean is built to last with timeless finishes five pocket styling made in a classic 5 pocket blue jean style these pants are equipped with storage 2 front scoop pockets 1 watch pocket and 2 back pockets wrangler authentics mens comfort flex waist relaxed fit jean,29.99,4.6,57468.0,4.0,0.22986689964624746,10
B074KL8RVS,Wrangler Men's Regular Fit Comfort Flex Waist Jean,Brand: Wrangler,Jeans,https://m.media-amazon.com/images/I/31B7hpK6pHL.jpg,https://www.amazon.com/dp/B074KL8RVS,wrangler men s regular fit comfort flex waist jean comfort flex waistband constructed with comfort in mind our innovative flex waistband with stretch denim bands ensure a comfortable fit that moves and bends with youregular fit built with a regular fit seat and thigh these five pocket regular fit jeans sit at the natural waist for a comfortable fitdurable materials made with durable and comfortable flex denim for added ease of movement these versatile jeans are made to last through everyday weareveryday five pocket style this everyday jean with a comfort waist takes you from the office and out to date night keeping you feeling and looking greatheavy duty hardware finished with a zipper fly button closure and our trademark embroidered back pockets product description,30.0,4.6,3105.0,13.0,0.4484759246601352,19
B09K1PMWR6,Levi Strauss Signature Gold Men's Slim Fit Jeans,Levi Strauss Signature Gold Store,Jeans,https://m.media-amazon.com/images/I/31lrjl6myaL.jpg,https://www.amazon.com/dp/B09K1PMWR6,levi strauss signature gold men s slim fit jeans same great jeans brand new name signature by levi strauss co is now levi strauss signature goldclosure zipperslim fit jeans signature by levi strauss co men s slim fit jeans will be the pair in your closet that s always put comfort first these jeans fit slim through the seat and thigh and slim leg opening with a lot of room and stretch for sitting or if you re on the move great addition to your closet is this slim jean that gives you another option between your skinny and straight jeans,27.99,4.5,9593.0,23.0,0.29337367234762923,10
B07LGQ884Z,Rustler Men's Classic Regular Fit,Rustler Store,Jeans,https://m.media-amazon.com/images/I/31474Dzy6sL.jpg,https://www.amazon.com/dp/B07LGQ884Z,rustler men s classic regular fit regular fit thru seat and thigh5 pocket stylingstraight legheavy weight durable denimbelt loops thank us later for jeans that you don t have to worry about each pair of rustler jeans is made to be durable and long lasting all without sacrificing the comfort you want and the terrific value you expect available in a variety of colors and fits our straight leg men s jeans are sure to keep up no matter the activity,13.9826,4.5,35446.0,1.0,0.33675148925148923,11
B00UV3TGUG,Levi's Men's 559 Relaxed Straight Jeans (Also Available in Big & Tall),Levi's Store,Jeans,https://m.media-amazon.com/images/I/31vtxeiALvL.jpg,https://www.amazon.com/dp/B00UV3TGUG,levi s men s 559 relaxed straight jeans also available in big tall sits below waistextra room through seat and thighstraight legzip fly and button closurethe model in the image is 6 1 and is wearing 32 x 32 our 559 relaxed straight embodies a comfortable relaxed attitude featuring extra room through the thigh and a timeless straight leg the best part it s woven with a hint of stretch for all day comfort and easy movement,46.9932,4.5,54212.0,6.0,0.1841249950446379,10
B073372KDR,Levi Strauss Signature Gold Men's Regular Fit Flex Jeans (Available in Big & Tall),Levi Strauss Signature Gold Store,Jeans,https://m.media-amazon.com/images/I/31P0Xej2jUL.jpg,https://www.amazon.com/dp/B073372KDR,levi strauss signature gold men s regular fit flex jeans available in big tall same great jeans brand new name signature by levi strauss co is now levi strauss signature goldall day comfort and authentic stylepremium flex denimunique fabric varies in color due to wash finish and dyemachine wash,27.99,4.6,19730.0,33.0,0.4131915096915097,11
B07BJKWX4Y,Amazon Essentials Slim Fit Jeans For Men,Amazon Essentials Store,Jeans,https://m.media-amazon.com/images/I/41TLrKDH7oL.jpg,https://www.amazon.com/dp/B07BJKWX4Y,amazon essentials slim fit jeans for men slim fit design these mens jeans slim fit are designed with a tapered leg and are fitted through the hip and thigh while sitting below the waistall day comfort crafted from mid weight cotton denim with a bit of stretch these slim fit jeans provide comfort all day these jeans come in indigo denim washes or solid colors with a garment wash for a lived in denim inspired lookstyle featuring a classic five pocket design these mens jeans slim fit are ideal for business casual settings or everyday adventures details these men jeans slim fit feature a zippered fly with a metal button closure bartack reinforcements and rivets at the front hand pockets with stretch denim it is always recommended to hang to dry for an extended garment lifeleg opening 7 1 4 on us size 32 crafted from mid weight cotton denim these blue jeans for men incorporate a light stretch fabric providing all day comfort the classic design includes five pockets a zippered fly metal button closure bartack reinforcements and rivets at the front hand pockets with a variety of denim washes and solid colors these amazon essentials men s slim jeans offer men s clothing that combines affordability and high standards,19.293,4.2,41918.0,16.0,0.3143677097408732,11
B0D4QWZDB8,Men's Ripped Skinny Slim Fit Stretch Distressed Destroyed Jeans Denim Pants,Brand: TIRANGER C,Jeans,https://m.media-amazon.com/images/I/31fJgmQ8qNL.jpg,https://www.amazon.com/dp/B0D4QWZDB8,men s ripped skinny slim fit stretch distressed destroyed jeans denim pants tiranger c comfy stretch skinny ripped jeans featuring a distressed ripped holes details at leg looks attractive awesome casual outfit ideas that will keep you comfortable and help you look cool fashion hight street style design nice cutting in good version style they are easily to match your tops or sneaker suitable for outdoor activities or relaxing weekends rolling up of the leg may have unexpected effects when wearing easy to match casual ripped style jeans can be worn casual with flats or boots and a relaxed tee creating a simple but fashion effect for you well made each pair of jeans uses tough metal buckle sturdy buttons and zipper adopted hight quality cotton denim blend cozy and durable to wear it will give you that soft feeling when wearing functional five pockets for your convenience to keep your keys cell phone etc with ripped design on the knee those jeans show your charming taste and keep you in fashion style,19.99,4.6,61.0,264.0,0.3723741496170068,10
B07HNVR4ZD,Wrangler Authentics Men's Relaxed Fit Boot Cut Jean,Wrangler Authentics Store,Jeans,https://m.media-amazon.com/images/I/41+lsOvjeFL.jpg,https://www.amazon.com/dp/B07HNVR4ZD,wrangler authentics men s relaxed fit boot cut jean traditional style this classic jean is sure to be comfortable and functional for your everyday wear from the office to a backyard barbeque this jean is built for versatility and comfort with a timeless silhouette five pocket jean keeping it classic with this traditional 5 pocket boot cut jean made with 2 slant pockets 2 back patch pockets and 1 right coin pocket relaxed fit constructed with your comfort in mind this denim pant is made with 100 cotton or premium flex denim with a relaxed seat and thigh this jean sits at the natural waistline fits over boots built with a relaxed fit boot cut leg these classic jeans have a comfortable silhouette that fit over your boots durable comfort these jeans are made for durability and comfort made with a soft cotton fabric these jeans will keep you looking good and comfortable all day wrangler authentics men s relaxed fit boot cut jean,27.0,4.3,24859.0,21.0,0.2531364468864469,10
B01H7ENCLA,Levi Strauss Signature Gold Men's Carpenter Jeans,Levi Strauss Signature Gold Store,Jeans,https://m.media-amazon.com/images/I/41UJM74kwzL.jpg,https://www.amazon.com/dp/B01H7ENCLA,levi strauss signature gold men s carpenter jeans same great jeans brand new name signature by levi strauss co is now levi strauss signature goldyou may also like our men s carpenter shortdependable all day comfortrelaxed through seat thighstraight leg openingcarpenter details signature by levi strauss co men s carpenter jeans provide dependable all day comfort and functionality crafted from premium durable denim these carpenter jeans fit relaxed through the seat and thigh and are cut straight from knee to ankle quality you trust from levi s strauss co established 1853,23.9814,4.5,1149.0,14.0,0.3960416666666666,10
B0B84WZ5DY,Wrangler Authentics Men's Slim Fit Straight Leg Jean,Wrangler Authentics Store,Jeans,https://m.media-amazon.com/images/I/313SJMSDbDL.jpg,https://www.amazon.com/dp/B0B84WZ5DY,wrangler authentics men s slim fit straight leg jean everyday jean great for both long days on the job and kicking back on the weekend these men s jeans look good and keep you comfortable throughout any task slim fit these straight leg jeans have a slim fit through the seat and thigh for complete comfort and a streamlined look functional comfort these classic denim jeans are made with a breathable cotton stretch blend for unrestricted movement five pocket styling this jean is constructed with authentic 5 pocket styling 1 watch pocket 2 front scoop pockets 2 back spade pockets signature details finished with a zipper fly button closure and embroidered back pockets for that classic wrangler style the wrangler authentics collection delivers laid back style for the man on the go performance level comfort is built into our classic shorts cargo pants jeans jackets and shirts for a complete outfit that feels as good as it looks with innovative features like our advanced comfort technology the clothes in this collection move with you for all day comfort available in many different styles and colors it s easy to find clothes to fit your needs all year round from a night out on the town to a casual weekend spent with friends you will feel ready for life every day with wrangler,27.99,4.4,9860.0,29.0,0.2099085485017205,11
B0CBKCGNFR,Lee Men's Extreme Motion Regular Straight Jean,Lee Store,Jeans,https://m.media-amazon.com/images/I/41NFo78xLXL.jpg,https://www.amazon.com/dp/B0CBKCGNFR,lee men s extreme motion regular straight jean regular fit with straight leg sits just below the waistfeaturing extreme flex waistband athletic style waistband comfortably flexes as you moveextreme stretch fabric makes bending crouching stretching and moving supremely comfortablefive pocket styling logo patch at back waistband and belt loopsleg opening 16 inches,36.7212,4.6,3707.0,31.0,0.15063022859645525,10
B074KL2SHP,Wrangler Authentics Men's Regular Fit Comfort Flex Waist Jean,Wrangler Store,Jeans,https://m.media-amazon.com/images/I/31bvVc3t7EL.jpg,https://www.amazon.com/dp/B074KL2SHP,wrangler authentics men s regular fit comfort flex waist jean comfort flex waistband constructed with comfort in mind our innovative flex waistband with stretch denim bands ensure a comfortable fit that moves and bends with youregular fit built with a regular fit seat and thigh these five pocket regular fit jeans sit at the natural waist for a comfortable fitdurable materials made with durable and comfortable flex denim for added ease of movement these versatile jeans are made to last through everyday weareveryday five pocket style this everyday jean with a comfort waist takes you from the office and out to date night keeping you feeling and looking greatheavy duty hardware finished with a zipper fly button closure and our trademark embroidered back pockets product description,29.99,4.6,79227.0,13.0,0.32976984917959135,14
B09Y8TM3LL,XIMXIMMTIAN Men's Biker Moto Washed Distressed Slim Fit Straight Jeans Denim…,XIMXIMMTIAN Store,Jeans,https://m.media-amazon.com/images/I/41sNPriIfqL.jpg,https://www.amazon.com/dp/B09Y8TM3LL,ximximmtian men s biker moto washed distressed slim fit straight jeans denim denim and cottonamerican size classic 5 pocket jeans design made from stretch denim for durability and comfort allowing you to move freely throughout the dayfashion trend design exquisitely cut with a variety of colors and styles to choose from the unique design and trendy street style make you look more handsome and become the coolest guy walking on the street regular fit slim fit jeans perfect for contouring your legs perfect for everyday wear easily layered with other clothing or accessories like flats boots and casual t shirts others for a cool look and a dash of glamour maintenance instructions machine wash or hand wash in cold water turn over the jeans do not bleach machine wash gently lay flat or hang to dry,35.99,4.6,1783.0,128.0,0.39699494949494946,11
B0018ON68A,Levi's Men's 501 Original Fit Jeans (Also Available in Big & Tall),Levi's Store,Jeans,https://m.media-amazon.com/images/I/41ohXukEsaL.jpg,https://www.amazon.com/dp/B0018ON68A,levi s men s 501 original fit jeans also available in big tall regular through the thighstraight legsits at your waistfront rise 11 1 4 knee 17 1 2 leg opening 16 measurements based on size 32 close your eyes think jeans now open they were 501s right with a classic straight leg and iconic styling they re literally the blueprint for every pair of jeans in existence burned into the world s collective cortex ever since levi strauss the man himself invented them in 1873 to this day they ve never gone out of style and they never will,55.653,4.4,93331.0,10.0,0.2734498658530763,10
B0CLQ8TV53,Signature by Levi Strauss & Co Men's Fit Flex Jeans,Levi Strauss Signature Gold Store,Jeans,https://m.media-amazon.com/images/I/31+3+MqikSL.jpg,https://www.amazon.com/dp/B0CLQ8TV53,signature by levi strauss co men s fit flex jeans same great jeans brand new name signature by levi strauss co is now levi strauss signature goldflex waistbandregular fitall day comfort and authentic style signature by levi strauss co mens fit flex jeans,25.469,4.5,3238.0,44.0,0.29440044215044214,10
B0BQHVRH11,"HUNGSON Men's Slim Fit Stretch Jeans Ripped Skinny Jeans for Men, Distressed Straight Leg Fashion Comfort Flex Waist Pants",HUNGSON Store,Jeans,https://m.media-amazon.com/images/I/316jEq9qLnL.jpg,https://www.amazon.com/dp/B0BQHVRH11,hungson men s slim fit stretch jeans ripped skinny jeans for men distressed straight leg fashion comfort flex waist pants these distressed jeans are constructed from a perfect blend of stretch cotton fabric that help maximize freedom of movement ensures comfortable to wear all day the jeans are made of cotton and spandex which made them very comfortable and stretchysuch a skinny denim jeans goes well with shirt t shirt pullover jacket simple style suitable for dating hanging out work school casual party outdoor activities or relaxing weekends light up others eye making you the focus modified technique process no chemical smell natural and healthy nice cutting in good version style all the hem is done well deep pockets can address your trouble of carrying big stuff accommodate your keys cell phone hairbands etc we recommend you to check our size chart carefully before purchase if you want tighter feeling just choose the true size if you want loose feeling or you have big belly or wide waist please choose one size bigger,35.99,4.1,1662.0,70.0,0.2981316137089947,9
B0D98NLXK8,Lee Men's Legendary Loose Jean,Lee Store,Jeans,https://m.media-amazon.com/images/I/3115aWOsehL.jpg,https://www.amazon.com/dp/B0D98NLXK8,lee men s legendary loose jean loose fit these jeans sit at the natural waist and fit loose through the seat and thigh for a classic laidback look that keeps you comfortable all day long classic styling these jeans feature a classic 5 pocket styling complete with our spade back pockets and s curve stitching and a zip fly with button closure legendary details make a statement in pants constructed with our signature legendary details like our lee logo waistband button lee logo rivets and leather patch with the twitch lee logo a lifetime of quality for over 100 years lee has produced quality apparel with durability and long lasting construction in mind lee is committed to designing clothing that conforms to your body allowing you to move through life freely specifications 5 pocket styling with 2 spade back pockets zipper fly with button closure leg opening straight 17 5 lee is an iconic american denim and casual apparel brand that s been making legendary product for legendary people since 1889 with over 130 years of purposeful design and craftsmanship we know a thing or two about style fueled by our core values of authenticity integrity and drive we create products our customers love time and time again from uniquely styled jeans pants and shorts to on trend shirts and jackets our movement inspired innovations versatile styling and superior fit have inspired generations,15.8755,4.5,175.0,82.0,0.3624791042291042,10
B07H12JDN6,Lee Men's Extreme Motion Regular Boot Jean,Lee Store,Jeans,https://m.media-amazon.com/images/I/41pvxGQvOAL.jpg,https://www.amazon.com/dp/B07H12JDN6,lee men s extreme motion regular boot jean regular fit boot cut leg openingsits just below the waistfeaturing an extreme flex waistbandextreme stretch fabricleg opening 17 5 inches,39.905,4.7,5859.0,30.0,0.4050968848538293,12
B0CBL2WWBG,Lee Men's Legendary Regular Straight Jean,Lee Store,Jeans,https://m.media-amazon.com/images/I/31TT3ARNCEL.jpg,https://www.amazon.com/dp/B0CBL2WWBG,lee men s legendary regular straight jean regular fit designed with a regular fit through the seat and thigh these straight leg jeans sit at the natural waist and are the perfect casual closet essential stretch comfort made with comfort in mind these jeans are constructed from a perfect blend of stretch cotton fabric that moves with you for all day comfort stretch varies by colorway some fabrications are all cotton legendary details make a statement in pants constructed with our signature legendary details that make lee jeans unique a lifetime of quality for over 100 years lee has produced quality apparel with durability and long lasting construction in mind lee is committed to designing clothing that conforms to your body allowing you to move through life freely specifications 5 pocket styling with 2 spade back pockets zipper fly with button closure leg opening 16 lee is an iconic american denim and casual apparel brand that s been making legendary product for legendary people since 1889 with over 125 years of purposeful design and craftsmanship we know a thing or two about style fueled by our core values of authenticity integrity and drive we create products our customers love time and time again from uniquely styled jeans pants and shorts to on trend shirts and jackets our movement inspired innovations versatile styling and superior fit have inspired generations,22.6039,4.5,1592.0,57.0,0.17087645687645686,10
B098QPTCF8,"JUNBAOSS Men's Slim Fit Stretch Jeans Ripped Skinny Jeans for Men, Distressed Straight Leg Fashion Comfort Flex Waist Pants",JUNBAOSS Store,Jeans,https://m.media-amazon.com/images/I/411tfY0vRFS.jpg,https://www.amazon.com/dp/B098QPTCF8,junbaoss men s slim fit stretch jeans ripped skinny jeans for men distressed straight leg fashion comfort flex waist pants slim fit designed with a slim fit and straight leg these jeans sit at the natural waist for a slimmer more tailored look making it stylish to wear stretch comfort these distressed jeans are constructed from a perfect blend of stretch cotton fabric that help maximize freedom of movement ensures comfortable to wear all day fashion trend design nice cutting in good version style variety of colors and styles for you to choose personalized and unique design hipster street style make you look more handsome to be the coolest guy when walking on the street durable materials this stretch fit jean is made with durable cotton denim stretchy soft breathable wear resistant durable and can be worn all day great to match with any tops or outfit keep you in fashion style classic 5 pocket styling zipper fly button closure 2 front pockets 1 watch pocket 2 back pockets five deep pockets easy to store keys watch mobile phones wallets etc,33.99,4.4,6550.0,54.0,0.30044011541233767,12
B09GK5CYD7,Rock & Republic Men's Relaxed Straight Jean,Rock & Republic Store,Jeans,https://m.media-amazon.com/images/I/41uHw9rBPKL.jpg,https://www.amazon.com/dp/B09GK5CYD7,rock republic men s relaxed straight jean relaxed fit casual and comfortable these men s jeans are built with a relaxed fit through the hip and thigh for unrestricted movement and a casual look high performance fabric made for men on the move these jeans are constructed with ultra comfort denim that delivers movement and style this high performance fabric maintains lasting quality for all day wear casual styling these relaxed fit jeans are perfect for casual weekends and chill hangouts throw on your favorite sneakers and head out the door you re ready to rock for whatever you have planned premium details these jeans come in a variety of washes with worn in details so they look like your longtime favorites elevated stitched details a rock republic embroidered logo and the perfect amount of distressing make these jeans a standout 5 pocket jeans built with extra storage for your phone keys wallet and more these jeans feature classic 5 pocket styling with 2 front pockets 1 watch pocket and 2 back pockets leg opening 17 5,24.5351,4.6,1541.0,90.0,0.3531488095238095,10
B0C9CPWWR1,OIIIO Men's Ripped Slim Fit Straight Leg Jean Denim Pant,Brand: OIIIO,Jeans,https://m.media-amazon.com/images/I/41u+m9o8iSL.jpg,https://www.amazon.com/dp/B0C9CPWWR1,oiiio men s ripped slim fit straight leg jean denim pant us standard size elegant fashion and comfortable experience to wear and offer casual and relaxed mobility without any restrictions like other jeans slim fit designed with a slim fit and straight leg these jeans sit at the natural waist for a slimmer more tailored look making it stylish to wear quality materials made from high quality material this relaxed fit boot cut jean is constructed for comfort function and style finished with a unique wash technique whiskering handsanding distressing each style varies in finishing fashion trend design nice cutting in good version style variety of colors and styles for you to choose personalized and unique design hipster street style make you look more handsome to be the coolest guy when walking on the street wash and dry inside out with like colors liquid detergent is recommended,28.4711,4.2,415.0,96.0,0.4225833333333333,10
B07BHKQ8SM,Lee Men's Extreme Motion Athletic Taper Jean,Lee Store,Jeans,https://m.media-amazon.com/images/I/41wugArzYOL.jpg,https://www.amazon.com/dp/B07BHKQ8SM,lee men s extreme motion athletic taper jean athletic fit with a tapered leg and fitted waist these jeans sit at the natural waist made with comfort in mind this jean is perfect for everyday wear classic styling a modern fit jean designed with an authentic five pocket style our bestselling straight fit jean is designed with a timeless five pocket style perfect for most occasions extreme motion athletic fit extreme motion jeans feature an incredibly comfortable flexible waistband that actually adapts to your body and never binds and innovative power stretch fibers that allow you to move in total freedom a lifetime of quality for over 100 years lee has produced quality apparel with durability and long lasting construction in mind lee is committed to designing clothing that conforms to your body allowing you to move through life freely specifications zipper fly with button closure leg opening 15 5,39.905,4.6,12963.0,29.0,0.105731922398589,1
B098KXZG2Z,Lee Men's Legendary Slim Straight Jean,Lee Store,Jeans,https://m.media-amazon.com/images/I/41c76swz2iL.jpg,https://www.amazon.com/dp/B098KXZG2Z,lee men s legendary slim straight jean slim fit designed with a slim fit and straight leg these jeans sit just below the waist for a slimmer more tailored look stretch comfort made with comfort in mind these jeans are constructed from a perfect blend of stretch cotton fabric that moves with you for all day comfort legendary details make a statement in pants constructed with our signature legendary details that make lee jeans unique a lifetime of quality for over 100 years lee has produced quality apparel with durability and long lasting construction in mind lee is committed to designing clothing that conforms to your body allowing you to move through life freely specifications 5 pocket styling with 2 spade back pockets zipper fly with button closure leg opening 15 5 just like our founder h d lee our passion is helping can do people do more we are committed to designing clothing that conforms to your body allowing you to move through life freely we help you chase the things that bring you joy and laughter the things that make you fearless and hopeful because your passion is what makes you unique and what moves you moves us move your lee,34.905,4.5,2544.0,85.0,0.32507628231942803,11
B07BJLDWXJ,Amazon Essentials Men's Skinny-Fit Stretch Jean,Amazon Essentials Store,Jeans,https://m.media-amazon.com/images/I/318Pp0frkaL.jpg,https://www.amazon.com/dp/B07BJLDWXJ,amazon essentials men s skinny fit stretch jean skinny fit snug fit through hip thigh and leg sits below the waist light stretch denim mid weight cotton denim with a bit of stretch for all day comfort comes in indigo denim washes or solid colors with a garment wash for a lived in denim inspired look skinny jean with classic five pocket denim styling our skinniest fit jean is ideal for everyday wear details features zippered fly with metal button fly closure bartack reinforcements and rivets at front hand pockets with stretch denim it is always recommended to hang to dry for an extended garment life leg opening 6 5 8 on us size 32 amazon essentials is focused on creating affordable high quality and long lasting everyday clothing you can rely on our line of men s must haves includes polo shirts chino pants classic fit shorts casual button downs and crew neck tees our consistent sizing takes the guesswork out of shopping and each piece is put to the test to maintain the highest standards in quality and comfort,28.5,4.3,17067.0,52.0,0.23363079975579973,10
B0018OMIOI,Levi's Men's 550 Relaxed Fit Jeans (Also Available in Big & Tall),Levi's Store,Jeans,https://m.media-amazon.com/images/I/41HYUDf7VqL.jpg,https://www.amazon.com/dp/B0018OMIOI,levi s men s 550 relaxed fit jeans also available in big tall levi s 550 these jeans feature a classic relaxed style with more room for a slightly baggy fit the 550 also features a tailor like taper at the leg complete with zip fly and 5 pocket styling size fit these 550 jeans sit at the waist with a loose fit through the hip and thigh with a straight but slightly tapered leg opening material fabric levi s 550 jeans are made from a cotton blend care instructions machine wash cold inside out with like colors do not bleach tumble dry medium hot iron if needed dry cleaning possible levi s men s 550 relaxed fit jeans also available in big tall,43.7937,4.4,81145.0,7.0,0.24688667534219483,10
B09NMN9C21,Wrangler Men's Free to Stretch Relaxed Fit Jeans,Wrangler Store,Jeans,https://m.media-amazon.com/images/I/31IwppbAiQL.jpg,https://www.amazon.com/dp/B09NMN9C21,wrangler men s free to stretch relaxed fit jeans relaxed fit these jeans feature a roomier fit through the seat and thigh for complete comfort and a straight leg opening for a streamlined look flex comfort made with a comfortable cotton stretch blend these jeans allow you to move throughout your day without restriction sustainably made at wrangler we care about the planet and the people that call it home that s why we made these pants with 100 sustainable cotton and renewable energy saving water and reducing energy use five pocket styling this jean is constructed with authentic 5 pocket styling 1 watch pocket 2 front scoop pockets 2 back spade pockets signature details finished with a zipper fly button closure waistband logo patch and tonal w embroidery on the back pockets for that classic wrangler style,29.9924,4.6,2793.0,40.0,0.31219672346092797,10
B01IR7TZWG,Levi's Men's 505 Regular Fit Jeans (Also Available in Big & Tall),Levi's Store,Jeans,https://m.media-amazon.com/images/I/414P97EQHjL.jpg,https://www.amazon.com/dp/B01IR7TZWG,levi s men s 505 regular fit jeans also available in big tall levi s 505 these jeans feature a classic straight leg styling created in 1967 with the original zip fly and 5 pocket styling size fit these 505 regular jeans sits at the waist with a straight leg opening and designed with room in the thigh for a comfortable fit material fabric levi s 505 jeans are made from a cotton blend care instructions machine wash cold inside out with like colors do not bleach tumble dry medium hot iron if needed dry cleaning possible levi s men s 505 regular fit jeans also available in big tall,47.1732,4.5,130587.0,3.0,0.33668697227302447,10
B071H3C5HP,Levi's Men's 511 Slim Fit Jeans (Also Available in Big & Tall),Levi's Store,Jeans,https://m.media-amazon.com/images/I/41PiEoiFykL.jpg,https://www.amazon.com/dp/B071H3C5HP,levi s men s 511 slim fit jeans also available in big tall slim throughoutslim legsits below your waistfront rise 10 1 4 knee 16 1 4 leg opening 14 1 2 measurements based on size 32 think of this modern slim as not so skinny skinny jeans if you want the style but not the feeling this is a great alternative with a streamlined fit that s narrow through the seat and thigh our 511 slim is perfectly calibrated to look good with everything without looking like you re trying too hard,59.99,4.5,50822.0,9.0,0.267303950310239,10
B09NMPH8Y7,Wrangler Authentics Men's Athletic Fit Stretch Jean,Wrangler Authentics Store,Jeans,https://m.media-amazon.com/images/I/31251X3ZlHL.jpg,https://www.amazon.com/dp/B09NMPH8Y7,wrangler authentics men s athletic fit stretch jean everyday jean great for both long days on the job and kicking back on the weekend these men s jeans look good and keep you comfortable throughout any task athletic fit built with a roomier fit through the seat and thigh these five pocket jeans are made with stretchy fabric for performance level comfort functional comfort these classic denim jeans are made with a breathable cotton stretch blend for unrestricted movement five pocket styling this jean is constructed with authentic 5 pocket styling 1 watch pocket 2 front scoop pockets 2 back spade pockets signature details finished with a zipper fly button closure inside waistband label and side saddle stitch for that classic wrangler style the wrangler authentics collection delivers laid back style for the man on the go performance level comfort is built into our classic shorts cargo pants jeans jackets and shirts for a complete outfit that feels as good as it looks with innovative features like our advanced comfort technology the clothes in this collection move with you for all day comfort available in many different styles and colors it s easy to find clothes to fit your needs all year round from a night out on the town to a casual weekend spent with friends you will feel ready for life every day with wrangler,29.05,4.4,4161.0,38.0,0.3666428571650794,10
B073QX15SG,Ariat Men's M2 Boot Cut Jean,ARIAT Store,Jeans,https://m.media-amazon.com/images/I/41kFj5z-E3L.jpg,https://www.amazon.com/dp/B073QX15SG,ariat men s m2 boot cut jean stretch in some stylesextra deep pocketsekstra derin cepler stretch in some stylescare instructions machine wash this is go anywhere do anything denim quality crafted to work hard and play hard these jeans have a relaxed fit with a stackable boot cut leg for authentic cowboy style,59.95,4.5,1700.0,72.0,0.3121924603174603,10
B08WKCT1CH,Lee Men's Relaxed Fit Straight Leg Jean,Lee Store,Jeans,https://m.media-amazon.com/images/I/41+ArACjcmL.jpg,https://www.amazon.com/dp/B08WKCT1CH,lee men s relaxed fit straight leg jean relaxed straight fit this jean sits at the waist and features a relaxed fit through the seat and thigh with a straight fit through the leg this timeless fit keeps you comfortable all day long 5 pocket styling a classic jean designed with an authentic five pocket style this bestselling straight leg jean is designed with a timeless five pocket style perfect for everyday wear a lifetime of quality for over 100 years lee has produced quality apparel with durability and long lasting construction in mind lee is committed to designing clothing that conforms to your body allowing you to move through life freely specifications 5 pockets zipper fly with button closure signature label at back waistband 16 5 leg opening just like our founder h d lee our passion is helping can do people do more we are committed to designing clothing that conforms to your body allowing you to move through life freely we help you chase the things that bring you joy and laughter the things that make you fearless and hopefully because your passion is what makes you unique and what moves you moves us move your lee,34.901,4.4,13164.0,99.0,0.20945523739545474,10
B01GQBWBYO,Wrangler Men's Retro Slim Fit Straight Leg Jeans,Wrangler Store,Jeans,https://m.media-amazon.com/images/I/31M7ZaslESL.jpg,https://www.amazon.com/dp/B01GQBWBYO,wrangler men s retro slim fit straight leg jeans slim fit this slim fit straight leg jean is designed with fashion forward style built with a slim fit through the seat and thigh our retro jean sits lower on the waist and leaves enough room to fit over your favorite pair of boots retro styling designed with retro style in mind this slim straight jean provides a vintage look for the modern man complete with our signature retro finishes and slim fit this jean will keep you looking good for any occasion quality materials made from high quality material this slim fit straight jean is constructed for comfort function and style finished with a unique wash technique whiskering handsanding distressing each style varies in finishing iconic embellishments this premium slim jean is finished with our iconic wrangler w stitching leather wrangler patch on the back pocket and 1947 rivet on the front pocket maintain that effortless classic style with a touch of retro five pocket styling constructed with our classic five pocket jean styling these straight leg jeans are made with 2 embroidered hip pockets 1 watch pocket and 2 front pockets,39.0043,4.2,7781.0,26.0,0.16716666666666666,2
B078LZL68J,Wrangler Authentics Men's Classic 5-Pocket Regular Fit Flex Jean,Wrangler Authentics Store,Jeans,https://m.media-amazon.com/images/I/41uNITpQXUL.jpg,https://www.amazon.com/dp/B078LZL68J,wrangler authentics men s classic 5 pocket regular fit flex jean regular fit this classic five pocket jean is constructed with a regular fit through the seat and thigh made to sit at the natural waistdurable materials made with durable flex denim these jeans are built to last and will allow you to move with comfort throughout the dayfunction meets style from a lunch date to a night out this stretch denim jean is built for comfort and durability designed with a timeless fit these jeans will be your new closet stapleheavy duty hardware finished with a zipper fly button closure and embroidered back pocketsfive pocket styling this jean is constructed with an authentic five pocket styling 1 watch pocket 2 front scoop pockets 3 back patch pockets the wrangler authentics collection delivers laid back style for the man on the go performance level comfort is built into our classic button downs and blue jeans for an outfit that feels as good as it looks wrangler authentics jeans are constructed with 5 pocket styling made from heavyweight 100 cotton denim and feature a comfortable waist with deep front pockets available with advanced comfort technology that helps your jeans move with you for all day comfort pair with your favorite wrangler authentics shirt for a night out or casual weekend,31.77,4.5,53677.0,18.0,0.16861167077000405,10
B0006U6C0Q,Wrangler Men's Cowboy Cut Slim Fit Jeans,Wrangler Store,Jeans,https://m.media-amazon.com/images/I/41Mh+ue6AdL.jpg,https://www.amazon.com/dp/B0006U6C0Q,wrangler men s cowboy cut slim fit jeans slim fit designed with a functional fit in mind these jeans are made to stack over your favorite pair of boots constructed with a slim fit through the seat and thigh this jean is made for both function and comfort for long days in the saddle classic cowboy jean made for authentic cowboys and worn by world champions this cowboy cut jean is a tried and true classic as the official prorodeo competition jean this western denim essential will stay with you for years to come and maintain that timeless cowboy style durable materials it s no question that this classic can withstand wear and tear made with durable heavyweight cotton and felled seams to prevent chafing this original fit jean was made to last no matter the task comfortable wear whether you re out on the ranch or working in the garage you need a durable jean that keeps you comfortable throughout the day made from 100 cotton this jean provides comfort and breathability for your day ahead five pocket styling this cowboy cut jean is constructed with an authentic five pocket styling 1 watch pocket 2 front scoop pockets 3 back patch pockets finished with copper rivets for added long lasting durability,29.9843,4.4,21421.0,25.0,0.30623278358546213,10
B09JYPMWP2,Levi Strauss Signature Gold Men's Athletic Fit Jeans,Levi Strauss Signature Gold Store,Jeans,https://m.media-amazon.com/images/I/31rZKuhoHVL.jpg,https://www.amazon.com/dp/B09JYPMWP2,levi strauss signature gold men s athletic fit jeans same great jeans brand new name signature by levi strauss co is now levi strauss signature goldall day comfort and authentic styletapered leg signature by levi strauss co gold mens athletic fit jeans,31.99,4.6,10758.0,71.0,0.3405160271217584,11
B00MGBBMTY,Levi's Men's 541 Athletic Fit Jeans (Also Available in Big & Tall),Levi's Store,Jeans,https://m.media-amazon.com/images/I/41JUE1OCUTL.jpg,https://www.amazon.com/dp/B00MGBBMTY,levi s men s 541 athletic fit jeans also available in big tall levi s 541 these jeans give a tailored look with the comfort of a relaxed jean an athletic and contemporary fit that features a roomier seat and thigh for added mobility complete with zip fly size fit these 541 jeans sit at the waist offer extra room in the seat and thigh as well as a slightly tapered fit from the knee to hem material fabric levi s 541 jeans are made from a cotton blend with flex fabric designed to move with you care instructions machine wash cold inside out with like colors do not bleach tumble dry medium hot iron if needed dry cleaning possible levi s men s 541 athletic fit jeans also available in big tall,43.2638,4.5,29930.0,17.0,0.25610159240331065,10
B0B31C4S86,Carhartt Men's Relaxed Fit 5-Pocket Jean,Carhartt Store,Jeans,https://m.media-amazon.com/images/I/415nOrlmoXL.jpg,https://www.amazon.com/dp/B0B31C4S86,carhartt men s relaxed fit 5 pocket jean 13 ounce 100 cottonsits slightly below the waistcomfortable fit through the seat and thigh with more room to movestraight leg opening fits over boots,44.99,4.4,1503.0,55.0,0.2902092996289425,10
B0008EOGAS,Lee Men's Regular Fit Straight Leg Jean,Lee Store,Jeans,https://m.media-amazon.com/images/I/41lDVDfu8eS.jpg,https://www.amazon.com/dp/B0008EOGAS,lee men s regular fit straight leg jean regular fit this classic jean sits at the waist and features a straight fit through the seat leg and thigh made with a 16 inch leg opening this regular fit jean provides a tailored look that keeps you comfortable all day long classic 5 pocket styling a classic fit jean designed with an authentic five pocket style our bestselling straight leg jean is designed with a timeless five pocket style perfect for most occasions jeans for all this jean is available in heavyweight and midweight denim with a wide variety of washes finishes and fits add a classic denim jean to your everyday rotation or try out a new alternative wash there s a pair of lee jeans to fit every style a lifetime of quality for over 100 years lee has produced quality apparel with durability and long lasting construction in mind lee is committed to designing clothing that conforms to your body allowing you to move through life freely specifications zipper fly with button closure signature label at back waistband leg opening 16,31.98,4.5,316.0,24.0,0.26461978765312094,10
B01ISMKS7G,Levi's Men's 569 Loose Straight Fit Jeans,Levi's Store,Jeans,https://m.media-amazon.com/images/I/410Gkpuv1FL.jpg,https://www.amazon.com/dp/B01ISMKS7G,levi s men s 569 loose straight fit jeans sits below waistextra room through seat and thighstraight legzip flythe model in the image is 6 1 and is wearing 32 x 32 we call the 569 loose straight our modern laid back fit these jeans sit low on your waist with a feel that s roomy but not baggy through the seat and thigh and to finish things off a classic straight leg,59.9914,4.5,36466.0,34.0,0.3524640689997833,10
B07GX21XWG,Lucky Brand Men's 363 Vintage Straight Jean,Lucky Brand Store,Jeans,https://m.media-amazon.com/images/I/41wGLrOSrHL.jpg,https://www.amazon.com/dp/B07GX21XWG,lucky brand men s 363 vintage straight jean inseam available in 30 32 and 34 fit mid rise classic fit with a straight legfront rise 10 1 2 inches leg opening 17 inches size 32 classic 5 pocket stylingzip fly with button closure with an easy mid rise and slightly tapered leg our 363 vintage straight is the go to jean for a classic look and comfortable feel,59.864,4.5,2975.0,159.0,0.2103299663299663,10
B01N58LDY4,FREDD MARSHALL Men's Skinny Slim Fit Stretch Straight Leg Fashion Jeans Pants,FREDD MARSHALL Store,Jeans,https://m.media-amazon.com/images/I/31pWvq2IBvL.jpg,https://www.amazon.com/dp/B01N58LDY4,fredd marshall men s skinny slim fit stretch straight leg fashion jeans pants slim fit simple style basic jeans you need everydaywith enough elasticity and good material feels very comfortable and looks great after trying it onnice cutting in good version style they are easily to match your tops or shoesfunctional five pockets for your convenience to keep your keys cell phone hairbands etc fashion street style design suitable for your outfit or go out at night or club in town,23.994,4.3,10310.0,106.0,0.2647261002886003,10
B01MYQDZU2,Wrangler Men's Retro Relaxed Fit Bootcut Jeans,Wrangler Store,Jeans,https://m.media-amazon.com/images/I/31x-ZJduCnL.jpg,https://www.amazon.com/dp/B01MYQDZU2,wrangler men s retro relaxed fit bootcut jeans relaxed fit this relaxed fit boot cut jean is designed with fashion forward style built with a relaxed fit through the seat thigh and knee our retro jean sits lower on the waist and leaves plenty of room to fit over your favorite pair of bootsretro styling designed with retro style in mind this boot cut jean provides a vintage look for the modern man complete with our signature retro finishes and relaxed fit this jean will keep you looking good for any occasionquality materials made from high quality material this relaxed fit boot cut jean is constructed for comfort function and style finished with a unique wash technique whiskering handsanding distressing each style varies in finishingiconic embellishments this boot cut jean is finished with our iconic wrangler w stitching leather wrangler patch on the back pocket and 1947 rivet on the front pocket maintain that effortless classic style with a touch of retrofive pocket styling constructed with our classic five pocket jean styling these boot cut jeans are made with 2 embroidered hip pockets 1 watch pocket and 2 front pockets since 1947 wrangler has maintained a relentless commitment to quality apparel built to fit your life wrangler fills your closet with authentic snap shirts tees jackets and authentic western denim that keep you comfortable in true western style our shirts feature iconic details such as pearl snaps pointed yokes w stitching on the pockets and spread collars jeans come in 100 heavyweight denim or with a bit of stretch for extra comfort and feature a wrangler patch w stitching on pockets and classic 5 pocket styling crafted with care our western line is made for men who start their day before the sun comes up and won t stop working until the job is done this is wrangler made for you,51.6724,4.3,6859.0,46.0,0.28207886905714286,10
B073V3JSSB,Levi Strauss Signature Gold Men's Bootcut Fit Jeans,Levi Strauss Signature Gold Store,Jeans,https://m.media-amazon.com/images/I/316RqH9ZfiL.jpg,https://www.amazon.com/dp/B073V3JSSB,levi strauss signature gold men s bootcut fit jeans same great jeans brand new name signature by levi strauss co is now levi strauss signature goldall day comfort and authentic style easy fit through seat thighboot cut leg openingfive pocket stylingsuperior quality strength and durability signature by levi strauss co men s boot cut fit jeans provide dependable all day comfort and authentic style crafted from premium durable denim these boot cut jeans fit easy through the seat and thigh with a boot cut leg opening quality you trust from levi strauss co est 1853,27.99,4.5,16711.0,51.0,0.32361044029894837,4
B01MZFNQNC,Haggar Men's Premium No Iron Khaki Classic Fit Expandable Waist Flat Front Pant (Regular and Big & Tall Sizes),Haggar Store,Dress,https://m.media-amazon.com/images/I/31H8JF1rFgL.jpg,https://www.amazon.com/dp/B01MZFNQNC,haggar men s premium no iron khaki classic fit expandable waist flat front pant regular and big tall sizes premium no iron khaki eliminate the need to iron with the premium khaki pant from haggar featuring a hidden expandable waistband that stretches up to 3 off seam front pockets single welt back pockets in a flat front classic fit silhouette material made of 61 cotton 37 polyester 2 elastane for stretch and recovery the comfort of the stretch is what makes this classic pant your go to for the office or a formal event hidden expandable waistband the waistband stretches up to 3 in the waist for all day comfort and mobility in your mid section style the khaki that looks as great as it feels stretchable cotton blend fabric hidden expandable waistband and permanent crease will keep you looking sharp and comfortable no iron whether you are at the office our out on the weekend the easy care of eliminating the need to iron will make this your favorite casual pant,38.0046,4.6,28445.0,1.0,0.26815581804891014,3
B073SLX239,Amazon Essentials Men's Classic-Fit Wrinkle-Resistant Pleated Chino Pant (Available in Big & Tall),Amazon Essentials Store,Casual,https://m.media-amazon.com/images/I/31AgAgFhiHL.jpg,https://www.amazon.com/dp/B073SLX239,amazon essentials men s classic fit wrinkle resistant pleated chino pant available in big tall classic fit roomy through hip thigh with straight leg sits at the waist wrinkle resistant chino easy care cotton blend chino fabric with a wrinkle resistant finish and peached hand feel these pants are not wrinkle free but treated for ease of care with a wrinkle resistant finish classic style pleated chino details with a versatile yet tailored look and all day comfort details front slant pockets and button through back pockets zipper fly and button closure machine washable leg opening 8 1 2 on us size 32 an amazon brand a pleated dressy chino that offers classic style all week long made to be wrinkle resistant and easy care with a traditional relaxed look and fit,25.4211,4.3,15176.0,28.0,0.3571975709475709,10
B077PHG1MV,Dockers Men's Classic Fit Signature Lux Cotton Pleated Stretch Pants (Regular and Big & Tall),DOCKERS Store,Casual,https://m.media-amazon.com/images/I/31leDfUaATL.jpg,https://www.amazon.com/dp/B077PHG1MV,dockers men s classic fit signature lux cotton pleated stretch pants regular and big tall wrinkle resistant pleat front pant with permanent crease featuring slant hand pockets and cuffed hembutton welt pocket at the back of these men s pleated khaki pantscomfort fit waistband with up to 2 additional expansion dockers men s classic fit signature lux cotton stretch pants pleated regular and big tall,49.99,4.5,11971.0,53.0,0.44164112903225805,10
B00QNAL9U6,Lee Men's Extreme Motion Flat Front Regular Straight Pant,Lee Store,Casual,https://m.media-amazon.com/images/I/31ByeZEJ0HL.jpg,https://www.amazon.com/dp/B00QNAL9U6,lee men s extreme motion flat front regular straight pant straight fit with a straight fit through the hip and thigh these khaki pants sit at the natural waist with a flex waistband for comfort these straight fit pants provides a tailored look that keeps you comfortable all day long classic 4 pocket styling these straight fit pants are designed with four pockets with a timeless look perfect for most occasions live in comfort the extreme comfort pant offers work to play versatility athletic details like mesh pockets a flex waistband and active comfort fabric are combined with a classic khaki look for maximum comfort and style a lifetime of quality for over 100 years lee has produced quality apparel with durability and long lasting construction in mind lee is committed to designing clothing that conforms to your body allowing you to move through life freely specifications zipper fly with button closure leg opening 16 875 lee men s extreme motion flat front regular straight pant,36.9012,4.5,20805.0,4.0,0.24788563055505672,11
B08885RKFY,Wrangler Authentics Men's Relaxed Fit Stretch Cargo Pant,Wrangler Authentics Store,Casual,https://m.media-amazon.com/images/I/41iU9TdVp3L.jpg,https://www.amazon.com/dp/B08885RKFY,wrangler authentics men s relaxed fit stretch cargo pant relaxed fit these cargo pants sit at the natural waist designed with a relaxed fit through the seat and thigh these cargos will keep you comfortable during any task stretch twill a wrangler classic these straight leg men s pants have stretch and flexibility for comfort in movement a hollywood waistband offers extra support with your favorite belt classic cargo pant this classic cargo pant is sure to be comfortable and functional for everyday wear from the outdoors to work this pant is built for versatility with a timeless silhouette and extra storage heavy duty hardware finished with a heavy duty zipper fly and button closure quick access storage equipped with 6 pockets for maximum storage capacity 2 side cargo flap pockets 2 slash pockets and 2 back patch pockets for easy access storage great for safely storing your cell phone tools wallet and other personal items or gadgets wrangler authentics men s classic cargo stretch twill pant this classic cargo pant is constructed with durable materials built for long lasting comfort this cargo pant sits at the natural waist and features a relaxed fit through seat and thigh stretch fabric moves with your body whether you re working in the yard or busy with the family on the weekend 6 pockets 2 cargo side pockets 2 back patch pockets and 2 slash pockets,29.99,4.5,23784.0,1.0,0.2764078144078144,10
B09YY6SQB8,"CRZ YOGA Men's All Day Comfy Golf Pants - 30""/32""/34"" Quick Dry Lightweight Work Casual Trousers with Pockets",CRZ YOGA Store,Pants,https://m.media-amazon.com/images/I/31ZDqfMs1pL.jpg,https://www.amazon.com/dp/B09YY6SQB8,crz yoga men s all day comfy golf pants 30 32 34 quick dry lightweight work casual trousers with pockets designed for golfbreathable fabric dries fast decent stretch wrinkle resistant and shape retention30 32 34 inseam regular fittwo side pockets and two back pockets one hidden zipper pocketslight tapered leg makes you taller and more slimperfect for golf casual work or daily wear,45.0,4.5,1459.0,3.0,0.3386528228715729,10
B08JM661K7,Men's Cozy Hidden Expandable Waist Dress Pants | Premium Stretch Texture Weave Work to Weekend Pants,YUCENFU Store,Dress,https://m.media-amazon.com/images/I/31g6LDPOaXL.jpg,https://www.amazon.com/dp/B08JM661K7,men s cozy hidden expandable waist dress pants premium stretch texture weave work to weekend pants a cozy dress pants made of 67 8 polyester and 32 2 viscose 67 8 polyester 28 viscose 5 spandexdesigned for style comfort 4 pockets and the zipper hook and button enjoyment for every business occasion and special eventhidden expandable waist redesign the stretch index and position of the elastic expandable waistband so that you will not be tight during squatting or short exercises and stay relaxed it is most important that anexpandable waistband can adapt to your shapeget the right size for you available in a variety of colors please check for your optimal waist size in the sizing table these comfortable pants for men are designed to be generous and loose fitting and practical and easy to put on without compromising on that classic lookquality and value yucenfu has been manufacturing products for 40 years and after that long we have learned a thing or two about quality and design high quality construction and materials guarantee you ll be holding on to a pair of these dress pants for a long time shop quality and value by adding our dress slacks to your cart today,29.4535,4.4,6389.0,3.0,0.3312615662656247,11
B0D635RHQX,PJ PAUL JONES Men Vintage Tweed Pants Herringbone Pleated Suit Trousers,PJ PAUL JONES Store,Dress,https://m.media-amazon.com/images/I/41KEXmhADeL.jpg,https://www.amazon.com/dp/B0D635RHQX,pj paul jones men vintage tweed pants herringbone pleated suit trousers features herringbone pattern tweed trousers double pleated dress pants regular fit straight fit zipper closure casual pants and business dress pantscomfortable to wear with the added internal expansion tabs on the waistline there was plenty of give for free movement while standing sitting bending kneeling etc vintage style the herringbone pattern and italian naples style make this pants vintage and classicoccasions dress up or down perfect for casual wear party office school cocktail hunting festival christmas day cold weather etc you can pair it with tweed vest sport coat peacoat dress shirts sweaters care machine wash or hand wash,48.99,3.8,69.0,120.0,0.2448966845349206,10
B08BC5YNP3,COOFANDY Men's Casual Linen Pants Elastic Waist Drawstring Beach Summer Pants Lightweight Linen Trousers,COOFANDY Store,Casual,https://m.media-amazon.com/images/I/318Z8xc3HSL.jpg,https://www.amazon.com/dp/B08BC5YNP3,coofandy men s casual linen pants elastic waist drawstring beach summer pants lightweight linen trousers drawstring with zip fly with a drawstring waistband and metal zipper fly these mens linen pants are easy to adjust for a comfortable and secure fit functional pockets keep your essentials safe with 2 side pockets and 2 rear buttoned welt pockets on these beach pants for men loose fit these men s straight leg linen pants feature a loose fit to provide total comfort you ll surely have no problem wearing these lightweight casual summer pants from day to evening versatile pants whether you re relaxing at home going to the beach or doing yoga these mens casual linen pants are perfect for any activity warm tips please follow our directions for laundering to avoid shrinking choose low temperatures and lukewarm water 40 c 104 f or machine wash cold on gentle cycle air dry it on a line or rack for drying to avoid wrinkles and even ironing do not bleach tumble dry low loose fit please refer to our size chart for selection,35.991,4.2,2400.0,34.0,0.2175810015925562,10
B01JQTOOMA,Amazon Essentials Men's Classic-Fit Wrinkle-Resistant Flat-Front Chino Pant (Available in Big & Tall),Amazon Essentials Store,Casual,https://m.media-amazon.com/images/I/31H03VJ-GOL.jpg,https://www.amazon.com/dp/B01JQTOOMA,amazon essentials men s classic fit wrinkle resistant flat front chino pant available in big tall classic fit roomy through hip thigh with straight leg sits at the waist wrinkle resistant chino easy care cotton blend chino fabric with a wrinkle resistant finish and peached hand feel these pants are not wrinkle free but treated for ease of care with a wrinkle resistant finish classic style flat front chino details with a versatile yet tailored look and all day comfort details front slant pockets and button through back pockets zipper fly and button closure machine washable leg opening 8 1 2 on us size 32 an amazon brand a flat front wrinkle resistant dressy chino pant that offers classic style all week long,29.5,4.2,56625.0,5.0,0.20329091158704257,10
B01NA0C8IO,Dockers Men's Classic Fit Easy Khaki Pants - Pleated (Standard and Big & Tall),DOCKERS Store,Casual,https://m.media-amazon.com/images/I/31nxUZMFyvL.jpg,https://www.amazon.com/dp/B01NA0C8IO,dockers men s classic fit easy khaki pants pleated standard and big tall eased fit through seat and thigh sits at waist with a straight leg stretch for performancethese men s pleated khakis feature side hand pockets and button through welt pockets at backthese stretch khaki pants come with a front button closuresoft handbutton through front closure,39.99,4.5,19191.0,26.0,0.3179343828440467,10
B07849QXR8,Dockers Men's Straight Fit Signature Lux Cotton Stretch Khaki Pant,DOCKERS Store,Casual,https://m.media-amazon.com/images/I/41nO9F09VpL.jpg,https://www.amazon.com/dp/B07849QXR8,dockers men s straight fit signature lux cotton stretch khaki pant lux cotton stretchwrinkle free technology super durable buttons permanent crease shirt gripperflexible waistband for extra comfort when you re on the move your favorite signature khaki reinvented with style and performance details now with a flex comfort waistband lux cotton stretch wrinkle free technology shirt gripper and a permanent crease to keep you looking sharp no matter what this khaki means business,41.3917,4.4,11771.0,17.0,0.40239332817254897,10
B01N7VGA1T,Dockers Men's Classic Fit Easy Khaki Pants (Regular and Big & Tall),DOCKERS Store,Casual,https://m.media-amazon.com/images/I/31drbWOTH6L.jpg,https://www.amazon.com/dp/B01N7VGA1T,dockers men s classic fit easy khaki pants regular and big tall eased fit through seat and thigh sits at waist with a straight legno wrinkle men s khaki pants with stretch for performancefeatures of these khaki pants include side hand pockets and button through welt pockets at backsoft handzip fly with button closure single welt button through back pocket rely on the dockers easy khaki d3 classic fit pants for a versatile weekday to weekend look the trouser is crafted from a stretch twill woven with a super soft hand finish easy khaki d3 classic fit pant eases through the hip and thigh with a straight leg no wrinkle technology for easy all day wear all motion comfort waistband sits naturally at the waist belt loops throughout the waist four pocket design button through rear welt pockets wings anchor embroidery above back pocket button front and a zip fly closure 64 cotton 34 polyester 2 elastane machine wash tumble dry imported,39.99,4.5,27059.0,18.0,0.44786111111111115,10
B07BJKT4ZB,Amazon Essentials Men's Slim-Fit Casual Stretch Chino Pant,Amazon Essentials Store,Casual,https://m.media-amazon.com/images/I/31+LntySJML.jpg,https://www.amazon.com/dp/B07BJKT4ZB,amazon essentials men s slim fit casual stretch chino pant slim fit fitted through hip and thigh with tapered leg sits below the waist cotton chino washed for softness this breathable cotton twill has a bit of stretch for comfort and flexibility khaki chino styling classic khaki chino trousers in a light garment washed fabric for a wardrobe staple versatile enough for everyday on the go or dressed up for business casual details features zipper fly and button closure front slant pockets fifth coin pocket at waistband and button through classic back welt pockets leg opening 7 1 2 on us size 32 1placeholder text placeholder text placeholder text placeholder text placeholder text placeholder text placeholder text placeholder text placeholder text placeholder text,28.5,4.4,27632.0,3.0,0.237994825708061,10
B0CLL68CBS,Floerns Men's Classic Fit Flat Front Dress Pants Office Business Trousers,Floerns Store,Dress,https://m.media-amazon.com/images/I/31AbBaLn5ZL.jpg,https://www.amazon.com/dp/B0CLL68CBS,floerns men s classic fit flat front dress pants office business trousers fabric has non stretchfeature zipper up plicated detail solid color buckled detail suit pantsgreat for wedding business meetings prom graduation date fashion shows parties holiday casual dailygarment care machine washable with cold water hang to dryplease select your size according to the product measurement in the third image before ordering not body size,39.99,3.8,142.0,153.0,0.276752705656277,10
B07BJT1V5K,Amazon Essentials Mens Straight-Fit Casual Stretch Chino Pants,Amazon Essentials Store,Casual,https://m.media-amazon.com/images/I/31LOUnPmtpL.jpg,https://www.amazon.com/dp/B07BJT1V5K,amazon essentials mens straight fit casual stretch chino pants straight fit designed with a straight fit these mens chino pants fit with slight ease through the hip and thigh and sit at the waiststretch chino our stretch chinos are crafted from breathable cotton twill with a bit of stretchcasual style these classic men s chino pants are suitable for everyday wear or for a business casual lookpractical details these men s chino pants feature a zipper fly and button closure front slant pockets a fifth coin pocket and button through back welt pocketsstraight leg our chino pants have an 8 leg opening on a us size 32 the amazon essentials men s straight fit casual stretch chino pant is crafted with a breathable cotton twill and a bit of stretch for flexibility the straight fit design features a slight ease through the hip and thigh with a straight leg and they sit at the waist our chino pants feature a zipper fly and button closure along with front slant pockets a fifth coin pocket and button through back welt pockets these chino pants for men have a leg opening of 8 inches on a us men s size 32 whether you re in need of casual men s pants for daily wear or business casual pants these stretch chino pants for men are a suitable choice,23.7,4.3,10422.0,17.0,0.3841959776460317,10
B07JHY96QC,Amazon Essentials Men's Athletic-Fit Casual Stretch Chino Pant (Available in Big & Tall),Amazon Essentials Store,Casual,https://m.media-amazon.com/images/I/31U50hqfUhL.jpg,https://www.amazon.com/dp/B07JHY96QC,amazon essentials men s athletic fit casual stretch chino pant available in big tall athletic fit extra room in the hip and thigh for athletic builds sits at the waist cotton chino washed for softness this breathable cotton twill has a bit of stretch for comfort and flexibility khaki chino styling classic khaki chino trousers in a light garment washed fabric for a wardrobe staple versatile enough for everyday on the go or dressed up for business casual details features zipper fly and button closure front slant pockets fifth coin pocket at waistband and button through classic back welt pockets leg opening 7 1 2 on us size 32 we listen to customer feedback and fine tune every detail to ensure our clothes are more comfortable higher quality and longer lasting at affordable prices for the whole family,23.7,4.4,15110.0,2.0,0.27653187229437226,10
B07FH9W2J7,Amazon Essentials Men's Straight-Fit Wrinkle-Resistant Flat-Front Chino Pant,Amazon Essentials Store,Casual,https://m.media-amazon.com/images/I/31vruD1Ig5L.jpg,https://www.amazon.com/dp/B07FH9W2J7,amazon essentials men s straight fit wrinkle resistant flat front chino pant straight fit fitted through the hip and thigh with a straight leg sits at the waist wrinkle resistant chino easy care cotton blend chino fabric with a wrinkle resistant finish and peached hand feel these pants are not wrinkle free but treated for ease of care with a wrinkle resistant finish classic style flat front chino details with a versatile yet tailored look and all day comfort details front slant pockets and button through back pockets zipper fly and button closure machine washable leg opening 8 on us size 32 1placeholder text placeholder text placeholder text placeholder text placeholder text placeholder text placeholder text placeholder text placeholder text placeholder text,21.1711,4.3,11313.0,14.0,0.29777283249158243,10
B07848QFW3,Dockers Men's Classic Fit Signature Khaki Lux Cotton Stretch Pants,DOCKERS Store,Casual,https://m.media-amazon.com/images/I/31W-91-G9sL.jpg,https://www.amazon.com/dp/B07848QFW3,dockers men s classic fit signature khaki lux cotton stretch pants best pressed timeless details and sharp center crease for a polished and confident lookclassic fit d3 sits naturally at waist eased through seat and thigh with a straight legcomfort waistband offers up to 2 of extra room in the waistzip fly with button through front closure double welt button through back pockets and fine topstitching dockers men s classic fit signature khaki lux cotton stretch pants,39.992,4.5,13249.0,39.0,0.20417568545598844,11
B0CLL5X2V5,Floerns Men's Slant Pocket Tailored Pants Work Office Fold Pleated Trousers,Floerns Store,Casual,https://m.media-amazon.com/images/I/31jdY27R2oL.jpg,https://www.amazon.com/dp/B0CLL5X2V5,floerns men s slant pocket tailored pants work office fold pleated trousers fabric has non stretchfeature slant pocket fold pleated zipper up loose fit trousers pantsoccasion such as daily wear casual team sports baseball athletic work beach walking vacationcare machine or hand wash in cold gentle line dry do not bleachplease select your size according to the product measurement in the third image before ordering not body size,29.99,3.6,45.0,273.0,0.1295727513227513,10
B07JVL5CW2,Plaid&Plain Men's Skinny Stretchy Khaki Pants Colored Pants Slim Fit Slacks Tapered Trousers,Plaid&Plain Store,Dress,https://m.media-amazon.com/images/I/31KZcm4KOWL.jpg,https://www.amazon.com/dp/B07JVL5CW2,plaid plain men s skinny stretchy khaki pants colored pants slim fit slacks tapered trousers slim through hip and thigh with a narrower legmens skinny fit chinos chino pants khakisslim skinny stretch khaki dress pants for menoccasion men s tapered dress pants smart casual trousers slim fit school trousers or slim fit work trousersdesigned for guys who like a trim modern cut this pant is made in a chino fabric with a small bit of added flex,27.99,4.4,11776.0,6.0,0.17786931818181814,2
B07NX8H7QZ,Haggar Men's Iron Free Premium Khaki Classic Fit Pleat Front Expandable Waist Casual Pant (Regular and Big & Tall Sizes),Haggar Store,Dress,https://m.media-amazon.com/images/I/316-1HkQRhL.jpg,https://www.amazon.com/dp/B07NX8H7QZ,haggar men s iron free premium khaki classic fit pleat front expandable waist casual pant regular and big tall sizes iron free our traditional classic fit that keeps it timeless in a pleat front silhouette additional features include offseam front pockets single welt back pockets and roll hem style these are the perfect classic fit trouser pants for a weekend out or for the office they are a classic fit meaning they are relaxed throughout the hip and thigh they sit at or below the waist and have a relaxed leg opening comfort without a doubt this easy care trouser will not hinder your comfort throughout the day this pant features a hidden expandable waistband that stretches up to 3 inches so your pants will stay secure and you can feel comfortable all day fabrication made of 61 cotton 37 polyester 2 elastane offering stretch with incredible recovery easy care best of all these pants are machine washable while eliminating the need to iron not to mention the permanent center crease will keep your pants looking just good as new haggar men s iron free premium khaki classic fit pleat front expandable waist casual pant regular and big tall sizes,35.782,4.5,2810.0,23.0,0.41637844611528824,3
B0DJKR8WY6,JMIERR Mens Cotton Pants Casual Elastic Waist Drawstring Lightweight Summer Beach Trousers with Pockets,JMIERR Store,Casual,https://m.media-amazon.com/images/I/31lbh7gBrfL.jpg,https://www.amazon.com/dp/B0DJKR8WY6,jmierr mens cotton pants casual elastic waist drawstring lightweight summer beach trousers with pockets product features these casual pants feature an elastic waistband with coulisse for adjustable comfort equipped with two front slant pockets and a back patch pocketwearing effect and matching suggestions the slim fit design accentuates your body lines making it easy to pair with t shirts hoodies or casual shirtsoccasions the drawstring cotton pant is suitable for both clothing and casual nice for daily wear dates beach wedding party vacation night out and lounging etc perfect gift for father friend and boyfriendmaterial and functionality crafted from cotton these pants offer excellent durability they ensure comfort and ease of movement making them ideal for everyday wearpurchase advice please refer to the jmierr size chart before purchasing to ensure the right fit follow the care instructions on the label to maintain the pants in their best condition note that due to variations in monitor settings the actual color of the item may differ slightly from what is displayed on your screen,24.99,4.5,81.0,23.0,0.341625,10
B0BQQJMVKJ,"Libin Mens Golf Pants Stretch Work Dress Pants 30""/32""/34"" Quick Dry Lightweight Casual Comfy Trousers with Pockets",Libin Store,Pants,https://m.media-amazon.com/images/I/31p8VGtPgLL.jpg,https://www.amazon.com/dp/B0BQQJMVKJ,libin mens golf pants stretch work dress pants 30 32 34 quick dry lightweight casual comfy trousers with pockets comfort fabric lightweight stretchy quick dry moisture wicking fabric keeps you dry and cool all day gentle stretch and shape retention water resistant capacity to help resist light rain for a short time ps although the pants may arrive with some creases due to packaging a simple water wash will eliminate themdetail designs belt loops allow these mens dress pants fit to your waistlines button closure with a zippered fly 3d cutting design fits most men s body type sits at the waist with a straight leg4 functional pockets 2 convenient deep front pockets and 2 back snap fastener pockets for storage can put your phones golf gloves and other small itemsmultiple selection the mens casual pants are available in three inner lengths 30inch 32inch 34inch you can choose the length that suits your height according to the size chartsuitable occasion libin mens slacks fit golf sports walking hiking climbing workout traveling and daily life also can be worn as dress pants or work pants for business offices,39.99,4.3,1655.0,124.0,0.39752968460111315,10
B0DJQWS3VY,COOFANDY Men's Casual Linen Cotton Pants Elastic Waist Summer Beach Trousers Lightweight Yoga Vacation Pants,COOFANDY Store,Pants,https://m.media-amazon.com/images/I/31PmP1s2xtL.jpg,https://www.amazon.com/dp/B0DJQWS3VY,coofandy men s casual linen cotton pants elastic waist summer beach trousers lightweight yoga vacation pants linen cotton blend mens casual yoga pants feature soft and stretchy linen and cotton fabric lightweight breathable and skin friendly provide you with a comfortable wearing experience loose casual summer beach linen yoga trousers with the elastic waistband allows for adjustable fit double sided slant pockets and back patch pockets offer you convenient storage easy match mens casual straight leg pants can pair with lounge linen t shirt to create a leisure summer wear or with a white shirt and slim fit vest to build a beach wedding dress look always make you stylish and smart occasions these relaxed fit linen slacks are ideal for casual or formal occasions like yoga dance school vacation beach lounging jogger and so on great for spring summer and fall warm tips machine wash please check the size chart for perfect match before purchase our linen casual summer yoga beach pants,29.99,3.9,59.0,11029.0,0.1778092741,10
B01MSUQY5T,Haggar Men's Cool 18 Pro Classic Fit Pleat Front Hidden Expandable Waist Pant (Regular and Big & Tall Sizes),Haggar Store,Dress,https://m.media-amazon.com/images/I/41bTIBJFV5L.jpg,https://www.amazon.com/dp/B01MSUQY5T,haggar men s cool 18 pro classic fit pleat front hidden expandable waist pant regular and big tall sizes cool 18 pro this collection from america s favorite pant brand features 4 way stretch for ultimate comfort moisture wicking technology uv protection and last but not least are wrinkle resistant fabrication made of 50 polyester and 50 sorbtek polyester these pants will stay comfortable all day and will become a staple in your closet best of all they are machine washable with no iron necessary style these are the perfect pleated front dress pants for going to work or a formal family event they are a classic fit meaning they are relaxed throughout the hip and thigh they sit at or below the waist and have a straight leg opening comfort without a doubt these dress pants will not hinder your comfort throughout the day they feature a hidden expandable waistband that stretches up to 3 inches so your pants will stay secure features there are many subtle details of these pants including offseam front pockets a single welt back pocket a roll hem and a shirt gripper to keep your shirt easily tucked in at all times haggar mens cool 18 pro classic fit pleat front hidden expandable waist pant regular and big and tall sizes,38.0046,4.6,5027.0,30.0,0.44404761904761897,10
B00YKRP324,Dockers Men's Relaxed Fit Comfort Khaki Pants - Pleated,DOCKERS Store,Casual,https://m.media-amazon.com/images/I/41Ac-+1hwQL.jpg,https://www.amazon.com/dp/B00YKRP324,dockers men s relaxed fit comfort khaki pants pleated wrinkle resistant pleat front pant with permanent crease featuring slant hand pockets and cuffed hemthese men s pleated khakis feature buttoned welt pocket at backthese stretch khaki pants come with a comfort fit waistband up to 2 of additional expansioncuffed hem best in class men s pleated pants that come with dress pant details like a crisp cuffed hem these men s pleated khaki pants are constructed with comfort in mind they feature added stretch for performance a super soft hand and a comfort waistband which offers up to 2 inch the perfect men s pleated dress pants to add to your wardrobe,49.99,4.5,5621.0,55.0,0.30045238095238097,10
B0D5WLQ9FZ,OYOANGLE Men's Pleated High Waist Wide Leg Pants Loose Fit Casual Pants with Pocket,OYOANGLE Store,Dress,https://m.media-amazon.com/images/I/31+prbTPURL.jpg,https://www.amazon.com/dp/B0D5WLQ9FZ,oyoangle men s pleated high waist wide leg pants loose fit casual pants with pocket fabric soft no stretch comfortable skin friendlydesign these men s casual pants feature pleated high waist wide leg slant pockets solid loose fitoccasion nice choice for leisure work office business casual street hanging out vacation daily life and other occasionspair great to match with t shirts dress shirts tank tops suit tops sneakers casual shoes and moreplease refer to size measurement before ordering the size chart is product measurement not body measurement,35.99,3.0,17.0,114.0,0.1999603174424603,8
B0D4DXQBF1,JMIERR Men's Casual Pants Cotton Twill Drawstring Elastic Waist Chino Pants with Pockets,JMIERR Store,Casual,https://m.media-amazon.com/images/I/31+pYSbfs1L.jpg,https://www.amazon.com/dp/B0D4DXQBF1,jmierr men s casual pants cotton twill drawstring elastic waist chino pants with pockets elegant trouser cut in a contemporary slim fit suitable for men featuring an elastic waistband with drawstring side pockets and back pockets the vibrant colors and signature pocket embellishments offer a subtle statement while ensuring your comfort these twill trousers are a comfortable classic choice made from 98 cotton and 2 elastane it offers maximum mobility wrinkle resistant and does not shrink after washing the unique woven pocket design makes these solid color pants both classic and stylish our cotton casual stretch pants are inspired by your favorite pair of chino pants with added elasticity to enhance performance and offer all day comfort suitable for various occasions the internal drawstring and elastic waistband design tapered leg and slim fit make you look slender and well fitted with these casual pants you can wear them in daily life and at work it s the perfect gift for boyfriends sons husbands and yourself please refer to the jmierr size chart before ordering not the amazon size chart,24.9917,4.3,262.0,151.0,0.4008647186147186,10
B0DPZQCX42,Mens Pants Wool Tweed Herringbone Vintage Dress Pant Trousers Regular Fit Suit Pants for Men,Garqia Clyon Store,Dress,https://m.media-amazon.com/images/I/410yTkVshAL.jpg,https://www.amazon.com/dp/B0DPZQCX42,mens pants wool tweed herringbone vintage dress pant trousers regular fit suit pants for men tailored design these suit pants feature precise tailoring and a structured silhouette that flatters your figure enhancing your overall appearance the classic straight leg cut fits a variety of body shapes and pairs effortlessly with different tops elevating your style thoughtful features designed with convenience in mind these pants come with side pockets and back pockets for easy storage of small items the flexible waistband ensures a comfortable fit making them ideal for all day wear without feeling restricted versatile for various occasions our herringbone tweed suit pants are perfect for business meetings formal events and casual gatherings whether you re in the office attending a wedding or enjoying a night out these pants will showcase your professionalism and elegance easy care instructions these suit pants can be hand washed or dry cleaned to maintain their high quality and appearance we recommend gentle washing and laying flat to dry to extend the lifespan of the pants customization service for any extra larger and longer or smaller pants please leave your requirements and data no extra charg,35.99,4.2,22.0,69.0,0.2424078509873964,11
B0D7W4SRZ8,PJ PAUL JONES Men's Vintage Pants Stretch Herringbone Knit Pleated Pants Casual Business Suit Trousers,PJ PAUL JONES Store,Dress,https://m.media-amazon.com/images/I/41H7fDrA-rL.jpg,https://www.amazon.com/dp/B0D7W4SRZ8,pj paul jones men s vintage pants stretch herringbone knit pleated pants casual business suit trousers classic designs herringbone pant double pleated pants regular fit straight fit zipper closure elastic waist 2 side slant pockets 2 back pockets with anti theft buttons casual pants and business dress pants convenient storage the vintage tapered pants for men is featuring a total of 4 pockets including 2 side slant pockets 2 back pockets with anti theft buttons to provide ample storage space for your essentials making them easily accessible high quality material mens pants are made from soft herringbone pattern fabrics high stretchy feels great on the skin and mataining durability these dress pants for men straight fit is capable of offering a comfortable feeling for cold or other seasons days occasions you can wear the herringbone pattern tapered trousers for various occasions perfect for casual wear party office school cocktail hunting festival wedding dinner christmas day cold weather etc you can pair it with tweed vest sport coat coat dress shirts sweaters etc size care please refer to our size chart carefully before you order not amazon size chart it can be hand wash or machine wash cold hold up well after washing do not bleach tumble dry low,39.99,4.0,41.0,211.0,0.4049540043290043,10
B08R652XRB,Sailwind Men's Drawstring Linen Pants Casual Summer Beach Loose Trousers,Sailwind Store,Casual,https://m.media-amazon.com/images/I/41hauTckbaL.jpg,https://www.amazon.com/dp/B08R652XRB,sailwind men s drawstring linen pants casual summer beach loose trousers us size relaxed fit and stretchy us 28 28wx30l us 30 30wx30l us 32 32wx30l us 34 34wx31l us 36 36wx31l us 38 38wx31l us 40 40wx31l linen pants for men elaborately designed the casual pant has a elastic waistband with adjustable internal drawstring for a custom fit zip fly with button closure and two side pockets collocation when you walk on the beach in a casual shirt and sandals it looks casual comfortable and cool for all occasions the drawstring linen pant is suitable for both clothing and casual nice for daily wear dates beach wedding party vacation night out and lounging etc perfect gift for father friend and boyfriend garment care machine washable do not bleach tumble dry low,29.98,4.3,4613.0,36.0,0.25883621111828714,10
B0D8TGP38Y,JMIERR Men's Chino Pants Casual Stretch Waist Tapered Trousers with Pockets,JMIERR Store,Casual,https://m.media-amazon.com/images/I/31YU4upMXZL.jpg,https://www.amazon.com/dp/B0D8TGP38Y,jmierr men s chino pants casual stretch waist tapered trousers with pockets product features crafted with a modern slim fit design these casual pants are tailored to flatter all body types featuring a front zipper and button closure the two side pockets and single back pocket offer practical storage for everyday essentials making them perfect for various occasions material and functionality made from 98 cotton and 2 elastane these chinos combine durability with comfort the twill cotton fabric is not only soft and breathable but also resistant to wrinkles ensuring easy maintenance the added elastane provides the right amount of stretch enhancing mobility and comfort for all day wear design inspiration and suitable occasions inspired by classic chino pants and infused with modern fashion elements these trousers are suitable for daily casual golf work and business settings whether you re heading out for a weekend outing or commuting to work these pants seamlessly blend style and function it s the perfect gift for boyfriends sons husbands and yourself wearing effect and matching suggestions the slim fit design creates a sleek and polished look making the wearer appear more trim and professional pair these pants with casual shoes or sneakers for a trendy relaxed style they can be matched with t shirts shirts or casual jackets making them versatile for both casual and semi formal occasions purchase advice refer to the jmierr size chart before purchasing to ensure the perfect fit follow the care instructions on the label to maintain the pants in their best condition ideal for those seeking a blend of comfort style and practicality,23.9927,4.3,306.0,77.0,0.35461507779854556,10
B0CNGR3PSB,COOFANDY Mens Dress Pants Expandable Waist Wrinkle Free Suit Pants Flat Front Casual Dress Slacks,COOFANDY Store,Suit Pants,https://m.media-amazon.com/images/I/31gihuMHs-L.jpg,https://www.amazon.com/dp/B0CNGR3PSB,coofandy mens dress pants expandable waist wrinkle free suit pants flat front casual dress slacks premium material mens wrinkle free dress pants feature soft and skin friendly fabric lightweight stretchy and breathable bringing you a comfortable and refreshing wearing experience classic design men straight fit dress pants are designed with expandable waist to better fit your figure the casual dress slacks also 2 front pockets and 2 back pockets for you to store items easy match men flat front suit pants pair with linen t shirt to create an everyday casual style or with a formal shirt to build a business dress look always make you stylish and elegant occasions the classic fit dress slacks are suitable for business causal beach wedding formal meetings office proms school dates outing making them a must have for any wardrobe warm tips us size please check the size chart for perfect match before purchase our casual dress slacks hand wash or dry clean recommended,35.99,4.2,274.0,5.0,0.3830952381,10
B01JZ0XPDE,Hoerev Men Casual Beach Trousers Linen Summer Pants,Hoerev Store,Casual,https://m.media-amazon.com/images/I/41uMzq7WaVL.jpg,https://www.amazon.com/dp/B01JZ0XPDE,hoerev men casual beach trousers linen summer pants breathable linen fabric these lightweight linen cotton pants made from 45 linen 35 cotton and 20 viscose are perfect for warm weather and casual beach days natural linen keeping you cool and comfortable all days waistline size xs 27 5in 69 85cm s 30in 76 2cm m 32 5in 82 55cm l 35in 88 9cm xl 37 5in 95 25cm xxl 40in 101 6cm 3xl 42 5in 107 95cm please choose the correct size according to your waist circumference relaxed fit these pants offer a comfortable loose fit for the utmost in leisure thanks to their adjustable drawstring waist they are loose around the hips and thighs too occasion these pants understated yet fashionable style makes them appropriate for a range of informal situations including daily leisure activities business casual settings commuting to work weekend outdoor excursions get togethers with friends lounging at home and running errands durable construction made from a cotton and linen blend these pants are easy to maintain and provide long lasting usage convenient pockets featuring two side pockets these pants provide ample storage space for your essentials while on the go,28.99,4.1,7347.0,318.0,0.16778873106030842,10
B07NSQNLPB,Tommy Hilfiger Chino Pants Custom Fit,Tommy Hilfiger Store,Casual,https://m.media-amazon.com/images/I/21Ctde5qA0L.jpg,https://www.amazon.com/dp/B07NSQNLPB,tommy hilfiger chino pants custom fit a hallmark of classic style tommy hilfiger s chino pants for men are best sellers season after season thanks to their sharp look crisp feel and ultra comfortable stretch fit cool comfort the tommy team used premium cotton woven with a hint of stretch fiber to ensure these all time favorite men s chino pants are always comfortable and keep their shape classic construction designed with classic chino styling from the zip fly with button closure and belt loops to the buttoned black pockets with embroidered flag a tommy hilfiger signature these men s khaki pants are as classic as it gets regular fit these tommy hilfiger s chinos for men are designed to be fitted through the seat and thigh and extend straight from hip to hem always pulled together tommy hilfiger s mens chinos are made to look polished work to weekend on duty to off a wardrobe staple discover the quintessential go to mens chino pants perfected by the team at tommy hilfiger purveyors of classic american cool style since 1985 a smart crisp pair of tommy hilfiger chinos is the hallmark of polished style custom fit chino pant our classic chinos for men pant fitted through the waist and thigh extending straight down to the ankle chino pants in a stretch fabric for comfort with two front pockets and two back pockets front rise 10 approx inseam 32 leg opening 15 1 2 based on size 32 x 32 these classic chino pants from tommy hilfiger are perfect for work or any casual occasion,53.3233,4.4,2653.0,54.0,0.45766686521150807,10
B0D59TM92S,COOFANDY Men's Knit Sweatpants Lightweight Open Bottom Casual Pants Drawstring Jogger Yoga Pants with Pockets,COOFANDY Store,Casual,https://m.media-amazon.com/images/I/31f2RxWK8LL.jpg,https://www.amazon.com/dp/B0D59TM92S,coofandy men s knit sweatpants lightweight open bottom casual pants drawstring jogger yoga pants with pockets knit material crafted with 97 polyester and 3 spandex these mens sweatpants feature a textured knit fabric that offers the softness and comfort of cotton the stretch material ensures both durability and a pleasant tactile experience seam front design these lightweight pants boast a straight leg loose fitting design complete with pleated details for a sophisticated touch they come with two front pockets one back pocket and a combination of an elastic waistband and drawstring for a prefect fit styling match versatile and stylish these mens casual pants pair perfectly with a casual t shirt for a laid back look or a crisp button down shirt for a more polished appearance they can easily transition from day to night making them a wardrobe staple occasions ideal for various occasions these pants are perfect for daily wear lounging at home casual outings or even semi formal events their comfort and style make them suitable for both work and leisure activities care tips machine washable for easy care wash in cold water and tumble dry on low please refer to the size chart for your perfect fit,29.99,4.3,189.0,183.0,0.3150905067155067,10
B09QYBYFTP,Soojun Men's Classic Fit Flex Waist Flat Front Dress Pant,Soojun Store,Dress,https://m.media-amazon.com/images/I/31YLV6ShzFL.jpg,https://www.amazon.com/dp/B09QYBYFTP,soojun men s classic fit flex waist flat front dress pant comfort dress pants for men to keep your look crisp and comfy for long daysclassic fit mens dress pants with a roomy through hip thigh with straight leg these mens slacks sit at the natural waist with a flex waistband for comfortfeatures this black slacks and features a button front and a zip fly closure belt loops throughout the waist fits good and stays up with comfortable waistspecifications this mens flat front dress pants are designed with four pockets with a timeless look two hand pockets at front two rear pockets and button through closure giving you a classic lookessentials men s dress pants is comfortable to wear all day at work it is easy to iron and durable in the washing machine,29.99,4.4,1793.0,10.0,0.36278968253968247,10
B09Q618MMY,Mens Chinos Slim Fit Pants Flat Front Stretch Skinny Tapered Dress Pants Comfort Casual Solid Trousers,Coutgo Store,Casual,https://m.media-amazon.com/images/I/31NJ6O2y98L.jpg,https://www.amazon.com/dp/B09Q618MMY,mens chinos slim fit pants flat front stretch skinny tapered dress pants comfort casual solid trousers made of high quality 100 cotton eco friendly and comfortable exquisite workmanship the pants will be a little big please go one size down if you like more slim fit well made each pair of mens casual stretch chino pants uses tough stitches sturdy buttons and high quality zipper for all day wear without worrying it broken expandable waist is designed to move with you adding flexibility and comfort men s slim fit tapered pants can perfectly highlight your figure this flat front dress pants is suitable for leisure and outdoor activities perfect for casual wear business travel hiking climbing work and daily wear suitable for all seasons men s classic straight skinny jeans features the timeless 4 pocket and basic wrinkle free design easy to pair with shirt jackets or pair with oxfords to create a leisure style standard us size s m l xl xxl hand wash or machine wash in cold water do not dry do not bleach hang to dry please carefully check the size chart in the picture and description,38.99,3.9,463.0,260.0,0.2596393247955748,12
B001NSEC9I,Haggar Men’s Hidden Expandable Waistband Classic Fit Pleated Front Gabardine Dress Pant,Haggar Store,Dress,https://m.media-amazon.com/images/I/316mqGc0IoL.jpg,https://www.amazon.com/dp/B001NSEC9I,haggar men s hidden expandable waistband classic fit pleated front gabardine dress pant classic pleated dress pant with cuffed hem and button through welt pockets at backhidden expandable waistband for customizable fitslanted hand pockets haggar mens mynx gabardine classic fit pleated front hidden expandable waistband dress pant,65.0,4.5,7431.0,49.0,0.3132169312502645,10
B0CN68233N,Floerns Men's Fold Pleated Tailored Pants Work Office Business Trousers Pants,Floerns Store,Casual,https://m.media-amazon.com/images/I/31Fs4ulBgKL.jpg,https://www.amazon.com/dp/B0CN68233N,floerns men s fold pleated tailored pants work office business trousers pants fabric has slight stretchdetail zipper up button up pleated detail slant pocket tailored pantsleisure wear daily life home wear school office golf tennis work vacation travelingcare machine or hand wash in cold gentle line dry do not bleachplease select your size according to the product measurement in the third image before ordering not body size size chart product measurements,42.99,3.9,29.0,614.0,0.1388333333333333,5
B01N28YIF8,Haggar Men's Casual Classic Fit Denim Trouser Pant-Regular and Big & Tall Sizes,Haggar Store,Jeans,https://m.media-amazon.com/images/I/31Vg7+JUAtL.jpg,https://www.amazon.com/dp/B01N28YIF8,haggar men s casual classic fit denim trouser pant regular and big tall sizes features this premium stretch denim trouser features a hidden expandable waistband in a classic fit flat front model sublte details include offseam front pockets single welt back pockets and roll hem we made this denim pant even better with stretch style broken in and comfortable from the start with garment washed softness a classic fit and comfortable expandable waistband this denim trouser allows you to have the comfort of your everyday denim with a business casual look comfort featuring a hidden expandable waistband that allows up to 3 of stretch for the ultimate comfort material a stretch denim without hindering the garment wash after wash this pant is made with 63 cotton 36 polyester 1 elastane stretch elastane provides stretch with an incredible recovery easy care best of all this pant is machine washable haggar mens casual classic fit denim trouser pant regular and big tall sizes,42.5039,4.6,10559.0,101.0,0.3286627976190476,10
B07HNTS427,"Calvin Klein Men's Modern Fit Dress Pants | Suit Pants for Men | Performance Stretch Fabric, Flat Front, Ready-to-Wear",Calvin Klein Store,Dress,https://m.media-amazon.com/images/I/31YVEJqQjSL.jpg,https://www.amazon.com/dp/B07HNTS427,calvin klein men s modern fit dress pants suit pants for men performance stretch fabric flat front ready to wear enhanced comfort with performance fabric crafted from high quality performance fabric with added stretch these dress pants offer exceptional comfort and flexibility throughout your day modern fit with tailored style features a modern fit with a gentle taper to the ankle for a sleek contemporary look that pairs effortlessly with a button down shirt and blazer ready to wear convenience delivered with a finished hem these pants are ready to wear straight out of the box saving you time and hassle easy care and maintenance machine washable for effortless care these pants maintain their shape and quality even after multiple washes versatile color options available in multiple colors to suit any occasion these versatile dress pants are perfect for both formal events and professional settings,47.2221,4.5,5965.0,14.0,0.37785416666666666,10
B096YQ5KTS,Amazon Essentials Men's Classic-Fit Expandable-Waist Pleated Dress Pant,Amazon Essentials Store,Dress,https://m.media-amazon.com/images/I/310NI2LBLrL.jpg,https://www.amazon.com/dp/B096YQ5KTS,amazon essentials men s classic fit expandable waist pleated dress pant classic fit roomy through hip thigh with straight leg sits at the waist suiting fabric cut from a sleek polyester twill suiting material with a subtle refined sheen for a tailored or business casual look all year round offered in conventional or recycled polyester fabric business casual these pleated front dress pants can be worn with a dress shirt or paired with a blazer wear with amazon essentials men s derbies and leather belts to accessorize details subtle expandable waistband detail stretches up to 2 inches in the waist for all day comfort features a waistband curtain for a tailored look button closure and zip fly front off seam pockets and button through double welt back pockets leg opening 8 3 4 on us size 32 amazon essentials is focused on creating affordable high quality and long lasting everyday clothing you can rely on our line of men s must haves includes polo shirts chino pants classic fit shorts casual button downs and crew neck tees our consistent sizing takes the guesswork out of shopping and each piece is put to the test to maintain the highest standards in quality and comfort,26.1622,4.4,7983.0,20.0,0.31717045454545456,10
B096YLM4CK,Amazon Essentials mens Straight-fit Stretch Golf Pant,Amazon Essentials Store,Pants,https://m.media-amazon.com/images/I/314OnUdG3+L.jpg,https://www.amazon.com/dp/B096YLM4CK,amazon essentials mens straight fit stretch golf pant straight fit fits with slight ease through hip and thigh with straight leg sits at the waist performance fabric train in confidence with these lightweight golf pants featuring a moisture wicking gentle stretch and wrinkle resistant fabricgolf styling designed for optimal performance and all day comfort on or off the course shirt gripping active waistband keeps your shirt neatly tucked in details features classic front and back pant pocketing with a fifth pocket for tees markers or coins leg opening 8 on us size 32,25.6712,4.3,2112.0,9.0,0.31524656463705375,10
B0DNF5CRSK,OYOANGLE Men's Baggy Wide Leg Pants Zipper Fly Pleated Trousers Business Casual Dress Pants with Pocket,OYOANGLE Store,Dress,https://m.media-amazon.com/images/I/31KG8xImfvL.jpg,https://www.amazon.com/dp/B0DNF5CRSK,oyoangle men s baggy wide leg pants zipper fly pleated trousers business casual dress pants with pocket fabric non stretch comfortable and skin friendlyfeatures pleated detail zipper fly closure solid color wide leg pants loose long trousers with pocket occasion suit for the workplace office settings business meetings social gatherings or a day out running errandspair these pants can be paired with a dress shirt and a blazer for a business casual look or with a simple t shirt or collar shirt for a more relaxed outfitplease refer to size measurement before ordering the size chart is product measurement not body measurement size chart product measurement,36.99,5.0,3.0,123.0,0.26111111111111107,2
B06XD4BK82,"Hanes, EcoSmart Fleece Sweats for Men, Open Bottom Sweatpants, 30.5""",Hanes Store,Sweatpants,https://m.media-amazon.com/images/I/31RL+vaHqlL.jpg,https://www.amazon.com/dp/B06XD4BK82,hanes ecosmart fleece sweats for men open bottom sweatpants 30 5 fleece for the future ecosmart mid weight year round cotton poly fleece with up to 5 of the poly fibers relaxed silhouette for warming up cooling down or kicking back these sweats have a relaxed fit with a straight leg and an open hem soft plush and made to stay that way pill resistant durable fleece stays warm and cozy handy pockets side seam pockets hold essentials ease at the waist an inside drawstring assures the fit you want at the waist tag free and itch free tagless design means no annoying tag to itch or bunch up have you heard of wearing your heart on your sleeve well now you can wear your values on your legs with hanes ecosmart fleece sweatpants these are plush fleece sweats you can feel good about buying and feel good about wearing hanes ecosmart fleece is your new go to wardrobe staple soft and plush these drawstring waist fleece joggers are made of mid weight cotton poly fleece with up to 5 of the poly fibers the medium weight fleece in these classic men s sweats is pill resistant super soft and made to keep its plush feel for a long time the inside drawstring at the waist makes adjusting the fit a breeze the relaxed fit is enhanced by straight legs with an open hem and there are side seam pockets for your essentials,9.9845,4.3,57216.0,1.0,0.19581421356421352,10
B0D36NX7KC,Dickies Men's Original 874 Work Pants,Dickies Store,Pants,https://m.media-amazon.com/images/I/31I6HkuKIVL.jpg,https://www.amazon.com/dp/B0D36NX7KC,dickies men s original 874 work pants reinforced seamshook and eye waist closure with zippersturdy workwear waistbandwelt back pockets with secure button closuresignature wide tunnel belt loops get more for your money from this comfortable good looking utility pant it s built of sturdy fabric for hard wear and easy care the flattering flat front looks sharp wherever work takes you field to the office back shop to the back yard tradesmen swear by the 874 s comfort and durability office guys praise the look fit quality and price the 874 is comprised of heavyweight 8 5 oz twill of easy care and 65 polyester 35 cotton the pant comes in a wide choice of fade resistant colors with a 26 to 72 waist sizing variance,29.99,4.3,87513.0,2.0,0.1861618175475318,10
B08JGBB9N1,BALENNZ Athletic Shorts for Men with Pockets and Elastic Waistband Quick Dry Activewear,BALENNZ Store,Active Shorts,https://m.media-amazon.com/images/I/41lQEk-tn9L.jpg,https://www.amazon.com/dp/B08JGBB9N1,balennz athletic shorts for men with pockets and elastic waistband quick dry activewear boost performance we use soft fabric to bring you sports shorts for men that offer just the right balance of softness breathability and stretchiness to keep you comfortable throughout your workouts10 inch inseam whether you re working out at the gym or running on the track our men s gym shorts have you covered they are suitable for all your sports and workout activities including gym cycling running basketball football tennis and morepockets on both sides thanks to the hand pockets you can easily carry your wallet smartphone and other small accessories when working out or traveling these mens athletic shorts can be paired up with other clothing to create your own lookbreathable quick drying our breathable sports shorts for men wick moisture away from the skin while being gentle and quick drying so you can workout train and push your limits while staying comfortable and feeling dryget the right fit our men s workout shorts feature an encased elastic waistband which coupled with the inner drawcord makes sure you get the great fit every time our shorts stay comfortably in place whether running or training without sliding up or down,29.9932,4.6,25683.0,1.0,0.3247230379773483,10
B0CRHF41F7,5 Pack Athletic Gym Mens Shorts - Workout Black Quick Dry Basketball Shorts with Pockets for Running Casual Activewear,BOOJO Store,Active Shorts,https://m.media-amazon.com/images/I/31qlLOTmrmL.jpg,https://www.amazon.com/dp/B0CRHF41F7,5 pack athletic gym mens shorts workout black quick dry basketball shorts with pockets for running casual activewear soft comfortable cost effective men s athletic shorts are made with soft fabric upgraded in comfort breathability and stretch making you feel comfortable during your workout 5 packs offer a more favorable price than 1 2 3 and 4 pack fit lightweight our men s gym shorts feature an elastic waistband with an inside drawstring whether you re running or training our shorts stay comfortable and don t slide up or down ensuring you get the perfect fit every time large pockets strong seams two side pockets are designed to take the hassle out of backpacking for you you can carry your smartphone wallet or other essentials when you workout or go out upgraded shorts stitching and 10 inch inseam so you can avoid the embarrassment of torn shorts quick drying breathable men s casual basketball shorts are made of moisture wicking fabric which can absorb sweat from the skin and dry gently and quickly so that you can stay comfortable and dry when exercising home activities and sports multiple occasions customer service boojo men s athletic shorts you can use as gym shorts running shorts basketball shorts or home leisure shorts all of which can bring you a comfortable experience if you have any questions about our products please contact us,27.0515,4.5,2918.0,66.0,0.35595471306471305,10
B085NF55WL,COOFANDY Men's 2 Pack Gym Workout Shorts 7 Inch Quick Dry Athletic Shorts Lightweight Running Shorts with Pockets,COOFANDY Store,Active Shorts,https://m.media-amazon.com/images/I/41Y2dV0mvML.jpg,https://www.amazon.com/dp/B085NF55WL,coofandy men s 2 pack gym workout shorts 7 inch quick dry athletic shorts lightweight running shorts with pockets lightweight 4 way stretch fabric with moisture wicking and quick dry technology makes the 7 inch gym shorts comfortable and stress free during workouts and other activitiesmens workouts shorts design in regular fit featuring elasticized waist with adjustable drawstring solid color 1 back zipper pocket 2 side pockets prevent your phone from falling out when you exercise open flap design allows more movement for weight training you can pair this 7 inch athletic shorts with tank tops t shirts for workout or leisure all day long quick dry gym shorts great for all seasons suitable for workout gym athletic running jogging fitness bodybuilding basketball squats lunges boxing wear training exercise vacation fishing outdoor leisure or trendy casual wear machine washable us sizes please check our size chart before ordering,29.9925,4.2,13674.0,11.0,0.24535022015022015,10
B07HNWC5LC,Wrangler Authentics Men's Classic Cargo Stretch Short,Wrangler Authentics Store,Cargo,https://m.media-amazon.com/images/I/41--ZjTu5GL.jpg,https://www.amazon.com/dp/B07HNWC5LC,wrangler authentics men s classic cargo stretch short traditional cargo style built for versatility and comfort this classic cargo short takes you from the outdoors to work to every day with this timeless silhouetterelaxed fit these cargo shorts sit at the natural waist with a relaxed seat and relaxed fit through the thighs this short is built with a 10 inch inseam and will keep you comfortable all day quick access storage equipped with 6 pockets for maximum storage capacity 2 side cargo flap pockets 2 slash pockets and 2 back patch pockets for easy access storage great for storing personal items or gadgetsdurable stretch materials offered in a variety of stretch fabrications including twill and rip stop these pants are built to last while maintaining comfort and styleheavy duty hardware finished with a heavy duty zipper fly and button closure the wrangler authentics collection delivers laid back style for the man on the go performance level comfort is built into our classic button downs and blue jeans for an outfit that feels as good as it looks wrangler authentics jeans are constructed with 5 pocket styling made from heavyweight 100 cotton denim and feature a comfortable waist with deep front pockets available with advanced comfort technology that helps your jeans move with you for all day comfort pair with your favorite wrangler authentics shirt for a night out or casual weekend,26.85,4.6,50100.0,1.0,0.26365844979039765,10
B0BLKKW3M4,JMIERR Mens Casual Shorts - Cotton Drawstring Summer Beach Stretch Twill Chino Golf Shorts,JMIERR Store,Flat Front,https://m.media-amazon.com/images/I/41dx55BCjcL.jpg,https://www.amazon.com/dp/B0BLKKW3M4,jmierr mens casual shorts cotton drawstring summer beach stretch twill chino golf shorts twill elastic and comfortable breathable material our jmierr men s casual shorts are made of a 94 cotton 6 elastane blend twill fabric ensuring maximum breathability softness and comfort the highly elastic material provides great flexibility for daily activities making it perfect for sports or casual wear sports design our sports design features tapered sports pants made of micro elastic fabrics providing optimal comfort during physical activities the long drawstring waistband allows for adjustable fit and the front and back pockets with a three dimensional leather label design enhance the overall style reinforced pockets our sports casual shorts come with reinforced pockets 2 on the front and 2 on the back the reinforced treatment ensures that your phone keys or wallet stay securely in place while jogging or running our workout shorts are designed for multiple occasions they come with an adjustable internal drawstring and elastic waistband providing a slim and fit appearance these versatile shorts can be worn for golf hiking training gym workouts running and other sports activities as well as for daily life and work they also make perfect gifts for your loved ones package content the package includes 1 x men s casual shorts please refer to the jmierr size chart for accurate sizing before placing your order these stylish and high quality shorts are a must have addition to any wardrobe making them perfect for yourself or as a thoughtful gift for your boyfriend son husband or any fashion conscious individual,19.992,4.3,5269.0,1.0,0.2471118285123967,10
B08TB5KMQ8,Lee Men's Extreme Motion Carolina Cargo Short,Lee Store,Cargo,https://m.media-amazon.com/images/I/311ePBeuaLL.jpg,https://www.amazon.com/dp/B08TB5KMQ8,lee men s extreme motion carolina cargo short regular fit when you re on the move this cargo short will be your go to designed with a regular fit and extreme motion flex waistband these shorts are made to keep you comfortable through any activity extreme flex waistband constructed with comfort in mind our innovative flex waistband ensures an unrestricted fit that moves and bends with you performance fabric made with our moisture wicking performance stretch fabric for breathable 360 degree motion these cargo shorts allow you to move without restriction a lifetime of quality for over 100 years lee has produced quality apparel with durability and long lasting construction in mind lee is committed to designing clothing that conforms to your body allowing you to move through life freely specifications 7 pockets with extra storage zipper fly with button closure 11 inch inseam,15.0057,4.6,3289.0,2.0,0.3809735718150897,10
B0CRRF28SH,3 Pack Gym Basketball Mens Shorts - Quick Dry Black Workout Athletic Shorts with Pockets for Casual Running (S-6XL),BOOJO Store,Active Shorts,https://m.media-amazon.com/images/I/41Mmu2xmatL.jpg,https://www.amazon.com/dp/B0CRRF28SH,3 pack gym basketball mens shorts quick dry black workout athletic shorts with pockets for casual running s 6xl lightweight breathable boojo athletic shorts are designed with premium polyester for softness breathability and stretch these lightweight shorts offer a comfortable texture eliminating any irritation with quick drying properties they ensure cool and comfy wear for any activity secure pockets cost effective our gym shorts offer both affordability and convenience they feature deep secure pockets that ensure comfortable wear and unrestricted movement safely store essentials like your phone keys or wallet allowing you to focus on your activities practical drawstring our men s workout shorts feature a highly elastic waistband and a practical drawstring for a secure and comfortable fit designed for excellent performance during lounging exercise or basketball they stay in place for unparalleled comfort without slipping or sliding maximum flexibility comfort the running shorts with a 10 inch inseam provide maximum flexibility and comfort designed to minimize friction during various activities they suit different sports whether in intense workouts or casual outings enjoy the freedom and comfort our shorts offer many occasions the men s shorts are designed to suit a variety of activities including basketball lounging casual wear walking sleeping yoga training athletics jogging running tennis or travel available in a range of colors our shorts deliver unmatched comfort while catering to your diverse style preferences,18.9927,4.5,1315.0,80.0,0.3214283008658009,10
B0BWNHZCCR,NY Threads Men's Athletic Shorts Quick Dry Loose-Fit Lightweight Running Workout Gym Shorts with Pockets,NY Threads Store,Active Shorts,https://m.media-amazon.com/images/I/41NwwmKkONL.jpg,https://www.amazon.com/dp/B0BWNHZCCR,ny threads men s athletic shorts quick dry loose fit lightweight running workout gym shorts with pockets size you have chosen the size large please refer to the size chart for detailed measurements high quality made of the finest polyester it is stretchable wrinkle resistant moisture wicking and breathable allowing unrestricted movement and ease perfect finishing and look that boost confidence strength comfort a blend of durability and lightweight that helps athletes go the extra mile perfect for indoor and outdoor sports versatile comfort shorts feature 2 pockets with an incredibly adaptive design to store essentials and an adjustable drawstring elastic waistband for a perfect fit care instructions advisable to machine wash with cold water and like colors use only non chlorine bleach when needed avoid dry clean elevate your athletic performance and functionality with ny threads men s athletic shorts crafted from premium polyester these shorts offer superior stretch moisture wicking and breathability for unrestricted movement during workouts their durable yet lightweight design suits indoor and outdoor sports they ensure convenience and a perfect fit featuring two handy pockets and an adjustable drawstring waistband easy care and machine washable these quick dry shorts maintain quality wash after wash elevate your performance and style effortlessly with these versatile workout shorts ideal for those seeking comfort and peak performance in their active lifestyle,7.992,4.6,1280.0,52.0,0.3000616001645413,10
B096YJ8663,Amazon Essentials Men's Classic-Fit Stretch Golf Short (Available in Big & Tall),Amazon Essentials Store,Pants,https://m.media-amazon.com/images/I/31qzgy1KsOL.jpg,https://www.amazon.com/dp/B096YJ8663,amazon essentials men s classic fit stretch golf short available in big tall classic fit roomy through hip thigh with straight leg sits at the waist performance fabric train in confidence with these lightweight golf pants featuring a moisture wicking gentle stretch and wrinkle resistant fabricgolf styling designed for optimal performance and all day comfort on or off the course shirt gripping active waistband that keeps your shirt neatly tucked in details features classic front and back pant pocketing with a fifth pocket for tees markers or coins inseam 9 on us size 32 and 46 we listen to customer feedback and fine tune every detail to ensure our clothes are more comfortable higher quality and longer lasting at affordable prices for the whole family,26.6,4.4,20553.0,453.0,0.17948752148708944,3
B0CSQGX6CZ,Wrangler Authentics Authentics Men's Flat Front Short,Wrangler Authentics Store,Flat Front,https://m.media-amazon.com/images/I/41kw9yrV4XL.jpg,https://www.amazon.com/dp/B0CSQGX6CZ,wrangler authentics authentics men s flat front short regular fit these shorts for men have a regular fit through the seat and thigh for complete comfort and a streamlined look everday style the perfect combination of comfort and durability these shorts always have your back wear them with your favorite t shirt button down or hoodie to complete the look stretch fabric these men s shorts are crafted from comfortable cotton with just a hint of stretch to keep you comfortable no matter what s on the agenda on the go storage slash front pockets and two back pockets hold your wallet keys and phone when you re on the go signature details equipped with our easily recognizable w stitching on the button back pocket this is a style that will never go away plus they come in 2 inseams 7 9 for versatility the wrangler authentics collection delivers laid back style for the man on the go performance level comfort is built into our classic shorts cargo pants jeans jackets and shirts for a complete outfit that feels as good as it looks with innovative features like our advanced comfort technology the clothes in this collection move with you for all day comfort available in many different styles and colors it s easy to find clothes to fit your needs all year round from a night out on the town to a casual weekend spent with friends you will feel ready for life every day with wrangler,21.99,4.4,438.0,7.0,0.1642361111222222,10
B00BBW2XZG,Dockers Men's Perfect Classic Fit Shorts (Regular and Big & Tall),DOCKERS Store,Flat Front,https://m.media-amazon.com/images/I/41Cz7UYuCaL.jpg,https://www.amazon.com/dp/B00BBW2XZG,dockers men s perfect classic fit shorts regular and big tall classic fit our classic fit is what we built our brand on with easy straight lines10 5 inseam twill fabricationlarger smart phone pocket features hidden security pocket with a concealed zipper coin compartmentzip fly welt pockets cleverly crafted in a range of timeless and bold tones the dockers perfect shorts are a gentleman s best friend these classic fit shorts are crafted from a lightweight twill woven with added stretch for a comfortable all day wear making it practically perfect everyday shorts d3 classic fit sits naturally at the waist is eased through seat and thigh flat front styling with belt loops throughout waist side hand pockets and back button through welt pockets embroidered logo above the right rear pocket buttoned front and a zip fly closure 98 cotton 2 elastane machine wash tumble dry,23.6416,4.5,45836.0,2.0,0.41143579904943534,11
B07BPPGDWH,Nike Dri-FIT Icon,Brand: Nike,Active Shorts,https://m.media-amazon.com/images/I/31jOLQ0rycL.jpg,https://www.amazon.com/dp/B07BPPGDWH,nike dri fit icon nike shorts men s basketball shorts offer effortless mobility and unstoppable comfort on and off the court take training to the next level with sweat management technology men s athletic shorts embroidered nike swoosh trademark on the men s shorts left hem can be worn as basketball shorts running shorts or gym shorts dri fit technology nike dry fabric with dri fit technology moves sweat away from your skin to the surface of the garment where it evaporates quickly to help keep you dry and comfortable knit jacquard construction offers excellent breathability adjustable design these basketball shorts have an elastic waistband and internal drawstring to create a secure adjustable fit side pockets offer easy access for storage essentials training shorts machine wash imported fabric 100 polyester the nike dri fit icon men s basketball shorts offer effortless mobility and unstoppable comfort on and off the court the athletic shorts are made from a breathable knit fabric that s powered by dri fit technology to help keep you dry,33.24,4.5,11890.0,19.0,0.16229166666666664,2
B08D2TC7BT,5 Pack Men's Active Quick Dry Fit Shorts - Athletic Running Gym Workout Casual Shorts with Pockets Bulk,Real Essentials Store,Active Shorts,https://m.media-amazon.com/images/I/41neMCljdfL.jpg,https://www.amazon.com/dp/B08D2TC7BT,5 pack men s active quick dry fit shorts athletic running gym workout casual shorts with pockets bulk comfort mobility for every activity these men s athletic shorts are designed with a 9 inch inseam offering full range of motion and flexibility made from stretchy breathable fabric they provide comfort during running weightlifting or casual activities perfect for active individuals looking for versatile shorts for all types of physical activities moisture wicking technology experience all day comfort with the moisture wicking properties of these dry fit shorts whether you re hitting the gym or jogging outdoors these mens shorts athletic help keep sweat away from your body allowing you to stay dry and comfortable through the most intense workouts stay fresh and focused with every move unmatched performance and adaptability crafted from lightweight quick drying material these gym shorts men are made to withstand the toughest workouts the breathable fabric promotes airflow ensuring comfort and durability ideal for running training or any high energy sport they offer maximum flexibility to move freely and support your active lifestyle timeless style meets everyday comfort timeless style these workout and basketball shorts men come in sleek colors like black white and navy offering a stylish and functional design their versatile look allows you to wear them both on and off the court making them suitable for any workout shorts men or mens shorts casual outing pair them with your favorite athletic wear for a perfect combination of style and performance effortless care for long lasting wear our men s athletic shorts are easy to care for machine washable and retain their shape and color after multiple washes made from durable high quality materials they re built to last keeping you fresh and ready for any activity without the hassle real essentials makes maintaining your gym shorts simple real essentials men s performance athletic shorts lightweight quick drying and versatile activewear 5 pack the real essentials men s performance athletic shorts 5 pack are designed for active lifestyles offering the perfect mix of comfort durability and performance made from a high quality polyester and spandex blend these lightweight athletic shorts are breathable quick drying and ideal for mens basketball shorts gym workouts outdoor activities and sports whether you re running errands lounging or at the gym these athletic shorts for men provide comfort and flexibility each pair features two deep side pockets for securely storing your phone keys or wallet on the go the elastic waistband and adjustable drawstring of the athletic mens shorts offer a customizable secure fit ensuring the shorts stay in place during any activity the ideal length allows full mobility for high intensity workouts running or casual wear available in versatile colors like black white navy blue and gray this 5 pack of mens athletic shorts is perfect for mixing and matching with your favorite activewear for men at real essentials we offer premium activewear that combines style comfort and functionality at an affordable price these performance shorts are a must have addition to your wardrobe key features crafted with a durable blend of polyester and spandex for lightweight breathable and quick drying athletic shorts deep side pockets for secure storage of essentials like phones and wallets elastic waistband with adjustable drawstring for a custom fit that stays in place versatile for gym workouts sports casual wear or lounging comes in a 5 pack of shorts with classic color options for easy styling machine washable activewear for easy care and durability upgrade your activewear collection with the real essentials mens shorts enjoy the perfect blend of style comfort and performance for all your active lifestyle needs,28.4721,4.3,70848.0,21.0,0.26905242574885435,10
B00CAXS2Q4,"Hanes Men's Boxers, Cotton Knit Comfortable Boxer Underwear, Moisture-wicking Cotton Boxers, 5-pack",Hanes Store,Boxers,https://m.media-amazon.com/images/I/41eVMNDOXWL.jpg,https://www.amazon.com/dp/B00CAXS2Q4,hanes men s boxers cotton knit comfortable boxer underwear moisture wicking cotton boxers 5 pack t shirt softness soft and breathable cotton feels as good as your favorite tee stay cool cool comfort fabric wicks away moisture to keep you cool and dry all day comfort at the waist comfortsoft no pinch stretch logo waistband moves with you and won t stretch out no worry button fly stays flat and smooth tagless no annoying tag to bunch up or itch stock up 5 pack pack of basic colors for one and done ease think of everything you love about your softest tee and imagine how that would feel in ultra comfortable cotton knit boxers here they are from hanes with comfort in every detail soft and breathable these basic knit boxers are made from cool comfort fabric that wicks moisture away from your skin to keep you cool and dry all day these cotton boxers enhance comfort further with the comfortflex stretch logo waistband that moves with you and keeps its shape wash after wash without pinching or binding another detail of comfort designed into hanes t shirt soft knit underwear is the tagless styling which means no annoying tag to bunch up or itch you ll also appreciate the button fly that stays smooth and the convenience of a 5 pack for stock up ease,20.0,4.6,38226.0,1.0,0.4236825396825397,10
B08GZL48D9,"Fruit of the Loom Men's Tag Free Woven Boxer Shorts, Relaxed Fit, Moisture Wicking, Assorted Color Multipacks",Fruit of the Loom Store,Boxers,https://m.media-amazon.com/images/I/51iZBNskE7L.jpg,https://www.amazon.com/dp/B08GZL48D9,fruit of the loom men s tag free woven boxer shorts relaxed fit moisture wicking assorted color multipacks this is an assorted color pack this pack may contain all solids all prints or a combination legs don t bunch or bindfly front fruit of the loom men s men s tag free woven boxer shorts relaxed fit moisture wicking assorted color multipacks,19.9923,4.6,31816.0,2.0,0.2803956911144411,12
B09PYTB8SD,"Men's 5"" Running Shorts 2 Pack Quick Dry Athletic Workout Gym Shorts with Zipper Pockets",Brand: Gaglg,Active Shorts,https://m.media-amazon.com/images/I/41U2akFyT+L.jpg,https://www.amazon.com/dp/B09PYTB8SD,men s 5 running shorts 2 pack quick dry athletic workout gym shorts with zipper pockets a relaxed fit workout gym shorts made from lightweight for a supple feel and ideal drape the premium quality polyester fabric is stitched with double lock systems the quick dry breathable fabric helps the ventilation to your skin during the workouts running workout shorts are tested to last long and stay in great condition all throughout our men s fitness athletic shorts offer a comfortable fit and perforated detail for breathability to keep you dry through intense workouts athletic training shorts offer a relaxed fit with a rugged cut off hem to cater to both style and performance the dual concealed zippered pockets hold your small essentials whilst our premium elastic waistband with invisible drawcord provides a secure fit during high paced activities our bodybuilding workout running shorts have a streamlined design and very unique cuts and details that will be suitable for the fitness sports the athletic fitness shorts will have a breathable elastic panel between the sides and inner seams promoting ventilation as well as flexibility a super lightweight high stretch elastic panel complimented by breathable mesh fabric and low profile seams is technically engineered so you can train for flexibility and focus harder than ever before gaglg gym workout shorts have been carefully chosen for their fit their performance and their durability if you want gym bodybuilding shorts for men that can keep up with you pace for pace our fitness workout collection is easily up to the task suitable for running workout training jogging basketball boxing wear soccer cycling hiking and other training activities use the chart below to determine your size based on your measurements the chart below is based on ranges so look for the range that best suits you if you re on the borderline between two sizes order the smaller size for a tighter fit or the larger size for a looser fit we are committed to continuously improving our customers wearing experience if for any reason you are unhappy with the gym shorts for men we are here to provide a solution as per your wish,21.9915,4.3,5309.0,106.0,0.2803444635408451,10
B01AK7Z1ZG,"Champion Men's Sport Shorts, Moisture Wicking, Athletic Shorts, Gym Shorts (Reg. Or Big & Tall)",Champion Store,Shorts,https://m.media-amazon.com/images/I/31CWqrQ9sDL.jpg,https://www.amazon.com/dp/B01AK7Z1ZG,champion men s sport shorts moisture wicking athletic shorts gym shorts reg or big tall the fit standard fit sport shorts for men with a 10 inseam that hits at the knee the feel lightweight 4 4 oz fabrication delivers incredible comfort the look an elastic drawcord waistband provides a custom fit while side vents make for easy moves on and off the court don t sweat the sweat these men s shorts have double dry technology that wicks moisture away from the skin pockets side pockets keep essentials close by spot the c iconic c logo patch at the hem is recognizable on and off the field the length you want for a pickup game a workout at the gym or a morning run these sport shorts for men are a perfect fit they re made with double dry technology that wicks sweat away from skin and dries in a flash to keep you cool and comfortable designed for maximum mobility these men s shorts have an elasticized waistband with an inner drawcord that you can adjust to your best fit plus side vents make for easy moves on and off the court these performance training shorts are thoughtfully designed with convenient side seam pockets to hold your phone keys and other essentials you ll appreciate the knee length 10 inseam adding coverage and comfort the finishing touch on this effortless design is the iconic champion c logo at the left leg,18.7425,4.6,16581.0,399.0,0.28952789007682905,10
B07NDP7ZTX,Real Essentials 5 Pack: Men's Mesh Athletic Basketball Shorts Quick Dry Activewear with Pockets,Real Essentials Store,Active Shorts,https://m.media-amazon.com/images/I/41uEHW91iAL.jpg,https://www.amazon.com/dp/B07NDP7ZTX,real essentials 5 pack men s mesh athletic basketball shorts quick dry activewear with pockets designed for comfort and performance our men s mesh athletic shorts are made with a breathable and moisture wicking fabric that keeps you cool and dry during any activity with an adjustable drawstring waist and a comfortable fit these shorts are perfect for any workout or athletic event like a basketball game or running enjoy versatility and convenience with our 5 pack of men s mesh shorts you can enjoy the benefits of having multiple pairs of high quality shorts at an affordable price these shorts are perfect for any activity from basketball and soccer to running and fitness plus with pockets included you can carry your essentials with you wherever you go features you ll love our men s mesh shorts feature a quick dry fabric that ensures you stay dry and comfortable all day long these shorts also have a stretchy and loose 9 inch inseam design that provides maximum range of motion and flexibility plus the variety of colors allows you to mix and match with any shirt or athletic gear a great gift idea looking for the perfect gift for the sporty man in your life our 5 pack of men s mesh shorts is an excellent choice with a variety of colors and sizes to choose from these shorts make a practical and stylish gift for any occasion real essentials commitment to the family at real essentials we believe in providing high quality clothing options for hard working families at an affordable price our 5 pack of men s mesh shorts takes your dollar further giving you multiple options for any activity whether you re hitting the gym or just lounging around our men s mesh shorts are the perfect addition to your activewear collection,33.99,4.3,64551.0,34.0,0.3616286356023098,10
B08LT8LY5N,"Ultra Performance Mens 5 Pack Athletic Running Shorts, Basketball Gym Workout Shorts for Men with Zippered Pockets",Ultra Performance Store,Active Shorts,https://m.media-amazon.com/images/I/41Evxm8JGZL.jpg,https://www.amazon.com/dp/B08LT8LY5N,ultra performance mens 5 pack athletic running shorts basketball gym workout shorts for men with zippered pockets the right pair of men s workout shorts won t just improve your performance at the gym they could actually motivate you to break a sweat we provide the highest quality mens workout shorts our workout shorts for men come in 5 styles dry fit mens sport shorts with rubber zip pkts in inseam solid marled dry fit running shorts with rubber zip pkts in inseam marled dry fit athletic shorts with rubber zip pkts in inseam dry fit men s shorts with printed side panel rubber zipper pocket printed marble dry fit black solid work out shorts with rubber zippered pockets dry fit asst black pack with rubber zipper pocketour mens running shorts with pockets come in the following sizes small medium large x large 2x sizes active athletic performance mens gym shorts with pockets 5 pack are constructed with moisture wicking technology these athletic shorts for men are great for workouts basketball shorts for men football volleyball tennis baseball soccer exercise training cycling running hiking jogging boxing etc,32.996,4.1,7132.0,55.0,0.0881156737998843,10
B0728KK8VK,"Amazon Essentials Men's Performance Tech Loose-Fit Shorts (Available in Big & Tall), Pack of 2",Amazon Essentials Store,Active Shorts,https://m.media-amazon.com/images/I/31-voRHxyzL.jpg,https://www.amazon.com/dp/B0728KK8VK,amazon essentials men s performance tech loose fit shorts available in big tall pack of 2 relaxed fit our most generous shorts fit relaxed through the hip thigh and leg sits below the waist performance tech fabric an ultra lightweight and breathable fabric with a soft finish made with quick dry and moisture wicking finishes helping you stay comfortable and cool while you workout this honeycomb texture knit fabric has a 4 way gentle stretch for full flexibility during wear basketball shorts mix and match your wardrobe with these effortless shorts perfect for the studio or everyday comfort these shorts are designed to sit just above the knee whether you re heading out for a jog a quick game of basketball or running errands with the kids our apparel is made to work out live in and lounge details featuring an adjustable elasticated waistband with drawcord for additional security during workouts inseam length 8 on us size m we listen to customer feedback and fine tune every detail to ensure our clothes are more comfortable higher quality and longer lasting at affordable prices for the whole family,19.0,4.6,71445.0,8.0,0.42541060103131045,10
B0CQ1MZ1FP,adidas Men's Adi Advantage Golf Shorts,adidas Store,Active Shorts,https://m.media-amazon.com/images/I/31SZLIxnohL.jpg,https://www.amazon.com/dp/B0CQ1MZ1FP,adidas men s adi advantage golf shorts men s golf shorts for classic style and all day comfortregular fit strikes a comfortable balance between loose and snugeasy storage front and back pockets hold small itemsmade with recycled materials made with 100 recycled materials this product represents just one of our solutions to help end plastic waste enjoy warm days on the links in classic style these men s adidas golf shorts have a timeless look in lightweight polyester twill fabric front and back pockets hold extra balls and tees and loops let you add your favorite belt,26.2856,4.5,76.0,69.0,0.33957491477344415,10
B01JQTRMEC,Amazon Essentials Men's Classic-Fit Cargo Short (Available in Big & Tall),Amazon Essentials Store,Cargo,https://m.media-amazon.com/images/I/318u+MgVTEL.jpg,https://www.amazon.com/dp/B01JQTRMEC,amazon essentials men s classic fit cargo short available in big tall roomy through hip thigh with straight leg sits at the waistsoft lightweight and breathable twill cotton10 inch inseamsits naturally at waistan amazon brand we listen to customer feedback and fine tune every detail to ensure our clothes are more comfortable higher quality and longer lasting at affordable prices for the whole family,13.2517,4.4,47348.0,4.0,0.28478783538398916,10
B09LSJKWMV,Lee Men's Extreme Motion Crossroad Cargo Short,Lee Store,Cargo,https://m.media-amazon.com/images/I/31C9DVvBpRL.jpg,https://www.amazon.com/dp/B09LSJKWMV,lee men s extreme motion crossroad cargo short relaxed fit hits at the kneefeaturing 7 pockets including side cargo pockets and cell phone pocketcomfort stretch fabricextreme comfort waistband an athletic flex waistbandinseam 10 50 inches just like our founder h d lee our passion is helping can do people do more we are committed to designing clothing that conforms to your body allowing you to move through life freely we help you chase the things that bring you joy and laughter the things that make you fearless and hopefully because your passion is what makes you unique and what moves you moves us move your lee,19.9943,4.6,13419.0,3.0,0.2987126329112075,10
B0BFDRQLNC,"NORTHYARD Men's Athletic Running Shorts Quick Dry Workout Shorts 7""/ 5""/ 9"" Lightweight Sports Gym Basketball Shorts Hiking",NORTHYARD Store,Active Shorts,https://m.media-amazon.com/images/I/312TJSdIdvL.jpg,https://www.amazon.com/dp/B0BFDRQLNC,northyard men s athletic running shorts quick dry workout shorts 7 5 9 lightweight sports gym basketball shorts hiking lightweight breathability men s athletic hiking shorts are made quality 4 way stretch breathable and quick drying fabric helps to wick away moisture and dry quickly keep you cool a synthetic of polyester and spandex can be very durable abrasion resistant and stretchy enough to allow for better mobilityunique exercise cool shorts have stylish casual breathable holes on both sides designed exclusively by northyard soft elastic waistband built in adjustable drawstring for custom fit flatlock seams reduce chafe for additional comfort and ease of movementtwo stylish reflective strips at the front and back allow you to improve safety in low light situations3 zipper pockets men s athleisure unlined shorts feature conveniently placed and easily accessible pockets so that you can quickly store and retrieve your items the 2 side and 1 back pockets with zipper offer easy storage for your essentials and are also deep enough to prevent the items from falling out during activitiessunprotection cool upf 50 fabric let you move comfortably and provide great uv protection no belt loops pocket cloth made of mesh fabric very refreshing and breathable for your all day comfortperfect cooling shorts northyard men s thin active shorts are suitable for various occasions such as tennis beach play soccer vacation travel fitnes jogging holiday walking festival football sports or four seasons all day wear,22.0915,4.5,12885.0,2.0,0.2478630769230769,10
B00XKYM2AE,Wrangler Authentics Men's Premium Twill Cargo Short,Wrangler Authentics Store,Cargo,https://m.media-amazon.com/images/I/41kcIogGeCL.jpg,https://www.amazon.com/dp/B00XKYM2AE,wrangler authentics men s premium twill cargo short relaxed fit these cargo shorts sit at the natural waist with a relaxed seat and thigh this short is made with a 11 inch inseam and will keep you comfortable all day quick access storage equipped with 4 cargo flap pockets 2 back flap pockets and 2 slash pockets for easy access storage great for safely storing your cell phone tools wallet and other items in an enclosed pocket durable materials made from long lasting 100 cotton twill these shorts are built to last while maintaining breathability and comfort classic cargo style this classic cargo short is sure to be comfortable and functional for your everyday wear from the outdoors or work this short is built for versatility and comfort with a timeless silhouette and extra storage heavy duty hardware finished with a heavy duty zipper fly and button closure wrangler authentics men s premium relaxed fit twill cargo short this classic cargo short is constructed with durable materials built for long lasting comfort and breathability made with a relaxed fit thigh this comfortable cargo short sits at the natural waist and features a relaxed seat and thigh features durable materials 100 cotton twill relaxed fit relaxed seat and thigh and sits at the natural waistline 8 pockets 4 cargo pockets 2 slant pockets and 2 back flap pockets comfortable classic traditional cut with a relaxed leg secure closure heavy duty zipper fly with button closure,27.87,4.5,66559.0,6.0,0.2980675672039945,11
B08FBLCCWT,"Fruit of the Loom Men's Tag Free Knit Boxer Shorts, Relaxed Fit, Moisture Wicking, Assorted Color Multipacks",Fruit of the Loom Store,Boxers,https://m.media-amazon.com/images/I/31LyWKTKpiL.jpg,https://www.amazon.com/dp/B08FBLCCWT,fruit of the loom men s tag free knit boxer shorts relaxed fit moisture wicking assorted color multipacks this is an assorted color pack this pack may contain all solids all prints or a combination soft knit fabricsoft fabric covered tag free waistbandbutton flywicks moisture fruit of the loom men s men s tag free knit boxer shorts relaxed fit moisture wicking assorted color multipacks,16.9035,4.6,19323.0,4.0,0.0,1
B094JKXP76,TELALEO 6 or 5 Pack Compression Shorts for Men Spandex Sport Shorts Athletic Workout Running Performance Baselayer Underwear,TELALEO Store,Compression Shorts,https://m.media-amazon.com/images/I/31tUbn8RFpL.jpg,https://www.amazon.com/dp/B094JKXP76,telaleo 6 or 5 pack compression shorts for men spandex sport shorts athletic workout running performance baselayer underwear compression support our compression shorts use ergonomic design and 4 way stretch fabric provide the best support for your hips and thighs muscles increase muscle power and accelerate muscle recovery breathable quick dry these compression underwear for men are made of spandex fabric releases heat and wicks sweat quickly keeps you dry and odor free even after long time wear flatlock stitching the sports compression shorts use flatlock stitching increase durability and prevent chafing during exercises bring extremely comfort for any sports elastic waistband men s running compression shorts using wide waistband design fit close with your waist provides comfort and anti slippery allowing you to move without limits designed for all sports men s tights shorts provide upf 50 sun protection perfect for all weather sports such as workout running basketball fitness cycling baseball tennis weight training surfing squat football etc,27.99,4.6,8611.0,2.0,0.13805044056692406,10
B016Y8268U,Lee Men's Extreme Motion Flat Front Short,Lee Store,Flat Front,https://m.media-amazon.com/images/I/31UMTIpGNKL.jpg,https://www.amazon.com/dp/B016Y8268U,lee men s extreme motion flat front short straight fit with a straight fit from the seat through the thigh these khaki shorts feature a flex waistband for comfort in movement this short hits at the knee and provides a tailored yet casual look that keeps you comfortable all day long classic styling a timeless classic with performance features these straight fit khaki shorts are perfect for everyday wear from a casual lunch to a day in the park these shorts will add effortless style and all day comfort to any outfit live in comfort the extreme comfort shorts offer work to play versatility athletic details like mesh pockets a flex waistband and active comfort fabric are combined with a classic khaki look for maximum comfort and style a lifetime of quality for over 100 years lee has produced quality apparel with durability and long lasting construction in mind lee is committed to designing clothing that conforms to your body allowing you to move through life freely specifications 2 front slant pockets 2 back welt pockets zipper fly with button closure 10 inseam fabric varies by color just like our founder h d lee our passion is helping can do people do more we are committed to designing clothing that conforms to your body allowing you to move through life freely we help you chase the things that bring you joy and laughter the things that make you fearless and hopefully because your passion is what makes you unique and what moves you moves us move your lee,34.99,4.6,10747.0,11.0,0.24725041492898633,12
B082TJ32DM,Volcom Men's Vmonty Stretch 22,Volcom Store,Flat Front,https://m.media-amazon.com/images/I/31zh4qSoe0L.jpg,https://www.amazon.com/dp/B082TJ32DM,volcom men s vmonty stretch 22 zip fly with button closure22inch outseamasymmetrical back yokestretch knit constructionvolcom logo on leg feel the freedom of the road with the volcom vmonty stretch chino short this short includes front volcom logo button two side pockets and two back welt pockets volcom embroidery on the leg signature asymmetrical back yoke and zipper fly closure 22 inch outseam,24.0052,4.6,13458.0,3.0,0.28012776081241986,10
B08JTQP6VY,Men's Athletic Shorts with Pockets and Elastic Waistband Quick Dry Activewear Workout Shorts for Men,Profectors Store,Active Shorts,https://m.media-amazon.com/images/I/41DCw5ZsQwL.jpg,https://www.amazon.com/dp/B08JTQP6VY,men s athletic shorts with pockets and elastic waistband quick dry activewear workout shorts for men soft breathable the men s loose fit shorts are made with soft breathable lightweight fabrics that strike a balance of comfort and stretch for ultimate comfort quick drying moisture wicking the men s basketball shorts are made of moisture wicking fabric that wicks moisture away from the skin while quick drying make sure you stay cool and dry throughout the day elastic waistband internal drawcord thanks to the elastic waistband coupled with adjustable internal drawstring our men s athletic shorts stay comfortably in place whether running or training without sliding up or down deep pockets on both sides our workout shorts are designed with pockets on both sides that provide the perfect fit for your wallet smartphones keys and more all your small eseentials 10 inch inseam whether you re going for a run or working out at the gym our mens fitness shorts have you covered they are suitable for all your sports and workout activities including gym cycling running basketball football tennis weightlifting and more,25.684,4.5,5525.0,67.0,0.23115997088832957,10
B0151E6WTW,"Hanes Men's Athletic Shorts, Favorite Cotton Jersey Shorts, Pull-On Knit Shorts with Pockets, Knit Gym Shorts, 7.5"" Inseam",Hanes Store,Active Shorts,https://m.media-amazon.com/images/I/410Kqg3WjZL.jpg,https://www.amazon.com/dp/B0151E6WTW,hanes men s athletic shorts favorite cotton jersey shorts pull on knit shorts with pockets knit gym shorts 7 5 inseam comforting cotton pure cotton jersey that s as soft as your favorite tee shirt ease at the waist an elasticized pull on waist with an interior drawstring is all about comfort handy side pockets who could live without pockets for your essentials versatile length mid thigh length with a 7 5 inseam perfect for working out or hanging out the colors you want available in a range of the neutral colors guys want quality fabric hanes jersey shorts with pockets are made of 100 cotton light steel 90 cotton 10 polyester charcoal heather camo green heather 50 cotton 50 polyester it s no wonder these cotton jersey shorts from hanes for men are bestsellers these ultra versatile knit shorts are just the thing to slip into after work to wear to the gym to relax in on movie night or even to wear to bed simply styled they pull right on with an elasticized waist and adjustable interior drawstring handy side pockets hold keys and other essentials these pull on lounge shorts are a mid thigh length with a 7 5 inseam we suggest having several pairs of these comfortable cotton jersey shorts on hand you ll wear them again and again,9.9038,4.4,49561.0,4.0,0.30258979908979905,11
B0BQQYDHLG,JMIERR Mens Casual Twill Cargo Shorts Cotton Drawstring Classic Cargo Stretch Short with 6 Pockets,JMIERR Store,Cargo,https://m.media-amazon.com/images/I/31YZOYzp6DL.jpg,https://www.amazon.com/dp/B0BQQYDHLG,jmierr mens casual twill cargo shorts cotton drawstring classic cargo stretch short with 6 pockets classic cargo design jmierr classic cargo shorts for outdoor or work use with versatility and comfort roomy hips and thighs straight legs a timeless silhouette and extra storage multiple pockets 6 pockets for your storage needs 2 side cargo flap pockets 2 slash pockets and 2 rear cargo pockets great for storing personal items or gadgets comfortable material jmierr cargo shorts are made of 95 cotton 5 elastane for more breathability and softness the cycling twill casual stretch shorts are made of high stretch material to provide great flexibility and movement comfort in daily life applicable occasions designed with an adjustable drawstring these cargo shorts have a slimming effect suitable for golf training gym running basketball daily wear and work a perfect gift for your boyfriend son husband or yourself package content 1 x men s casual shorts please refer to the jmierr size chart before ordering not amazon size chart jmierr men chino cargo shorts cycling hiking outdoor recreation shorts twill fitness track jogging shorts casual cotton shorts,20.993,4.3,3987.0,5.0,0.3874504304927099,10
B07PPXVTXJ,Under Armour Men's Tech Golf Shorts,Under Armour Store,Active Shorts,https://m.media-amazon.com/images/I/3158OihbcrL.jpg,https://www.amazon.com/dp/B07PPXVTXJ,under armour men s tech golf shorts smooth stretchy woven fabric is light but durable4 way stretch construction moves better in every directionmaterial wicks sweat dries really fastflat front 4 pocket designinseam 10 smooth stretchy woven fabric is light but feels substantial 4 way stretch fabrication allows greater mobility in any direction material wicks sweat dries really fast flat front 4 pocket design inseam 11,39.9633,4.6,5297.0,45.0,0.28503738636091575,9
B09WCWZPLD,Under Armour Men's Tech Graphic Shorts,Under Armour Store,Active Shorts,https://m.media-amazon.com/images/I/31m2zjixQBL.jpg,https://www.amazon.com/dp/B09WCWZPLD,under armour men s tech graphic shorts ua tech fabric is quick drying ultra soft has a more natural feelmaterial wicks sweat dries really fastencased elastic waistband with internal drawcordmesh hand pocketsinseam 10 no liner ua tech is our original go to training gear these under armour men s printed training shorts are loose light and keep you cool basically they re everything you need ua tech fabric is quick drying ultra soft has a more natural feel material wicks sweat dries really fast encased elastic waistband with internal drawcord mesh hand pockets inseam 10 no liner loose fuller cut for complete comfort 100 polyester,25.1616,4.7,69005.0,10.0,0.20381417406833005,10
B0BLRWCWCB,CRZ YOGA Men's Linerless Workout Shorts - 5'' Lightweight Quick Dry for Running Sports Athletic Gym with Pockets,CRZ YOGA Store,Active Shorts,https://m.media-amazon.com/images/I/41azTreWPVL.jpg,https://www.amazon.com/dp/B0BLRWCWCB,crz yoga men s linerless workout shorts 5 lightweight quick dry for running sports athletic gym with pockets designed for workout or runningsoft and ultralight like feather quick drying soft to touch and highly durable5 inseam linerlesstwo side pockets and a right zipper pocketelastic waistband with drawstring,28.0,4.7,911.0,24.0,0.29804746620255734,11
B0DMRJYXLP,7 Pack Mens Athletic Shorts - Gym Basketball Running Workout Quick Dry Black Shorts with Pockets for Casual Performance,BOOJO Store,Active Shorts,https://m.media-amazon.com/images/I/41XzeBbeYnL.jpg,https://www.amazon.com/dp/B0DMRJYXLP,7 pack mens athletic shorts gym basketball running workout quick dry black shorts with pockets for casual performance comfortable cost effective mens shorts are fabricated with soft materials offering extreme comfort excellent breathability and abundant elasticity perfect for everyday wear or intense workouts the combination of 7 sets is more economical compared to 1 2 3 and 5 sets fit lightweight our shorts for men feature an elastic belt design inclusive of a drawstring it enables the adjustment of the waist tightness based on personal preferences whether during sports or leisure time it will not shift up and down providing a very relaxed experience deep pockets design the mens basketball shorts have two functional pockets which are convenient for storing small items such as phones and keys you don t need an extra backpack when going out and the pocket lines have been upgraded so they won t easily break even after multiple uses multi color selection 7 pack of mens gym workout casual shorts with a variety of colors such as black dark gray navy light gray army green etc enjoy a variety of colors at one time whether it is with casual short sleeves or shirts you can find the right color scene application athletic shorts men suitable for different scenarios can let you sweat in the gym busy in the office running outside and enjoy leisure time at home or outdoors they can be the ideal choice bringing comfort breathability and convenience to life,33.9915,4.6,67.0,104.0,0.40541125541125544,11
B088GTRQY8,Volcom Men's Vmonty Chino Shorts,Volcom Store,Flat Front,https://m.media-amazon.com/images/I/318+rBSk1tL.jpg,https://www.amazon.com/dp/B088GTRQY8,volcom men s vmonty chino shorts 22 outseamrelaxed fit chino shortdouble asymmetric back yokesback leg stone embroiderybranded front shank button the vmonty chino shorts come in a solid knee length making them a wardrobe essential,29.9933,4.6,1892.0,4.0,0.2717371794871795,10
B09M6RJCRV,ELETOP Men's Swim Trunks Quick Dry Bathing Suit Swimming Board Shorts Mesh Lining Beach Swimwear,ELETOP Store,Board Shorts,https://m.media-amazon.com/images/I/51ElR7sJIzL.jpg,https://www.amazon.com/dp/B09M6RJCRV,eletop men s swim trunks quick dry bathing suit swimming board shorts mesh lining beach swimwear superior fabric the 9 long swimming trunks are made of polyester and elastane soft lightweight and breathable the features of sweat absorbing and quick dry keep you dry and comfortable mesh liner and pockets the board shorts with mesh liner have 2 slanted hand pockets and 1 back pocket with velcro and drain hole effective storage wallet key or other small items elastic waistband our swim shorts are featured with elastic waistband and drawstring freely adjustment the tightness to fixed of your waist they will keep you comfort all day unique print high end printing technology unique and fashion tropical elements these beach shorts are a great gift for your boyfriends husband or father occasions not only as swimming trunks our holiday board shorts can also be used for many kinds of indoor outdoor sports including surfing beach volleyball drifting water park sliding hot spring in holiday casual home clothes etc,19.99,4.7,1715.0,3.0,0.5267556689342403,10
B000J9YQOS,"Champion Men's Shorts, Men's Mesh Gym Shorts, Lightweight Athletic Shorts (Reg. Or Big & Tall)",Champion Store,Shorts,https://m.media-amazon.com/images/I/31imc2DzC5L.jpg,https://www.amazon.com/dp/B000J9YQOS,champion men s shorts men s mesh gym shorts lightweight athletic shorts reg or big tall the fit classic mesh men s shorts with a standard fit and 9 inseam elastic waistband with drawcords adjust for the perfect fit the feel comfortable and light mesh material with tricot liner makes up these shorts for men the look mesh shorts with classic side slits for mobility pockets gym shorts with side pockets keep essentials close easy care machine wash cold with like colors for easy care that reduces energy use note c logo patch color may vary from image for the light airy comfort you crave for sports training or relaxing look to champion s long mesh basketball shorts from the company that invented the mesh athletic short the silhouette is classic with airy mesh and a smooth tricot lining that feels amazing against your skin designed for comfort and convenience these light breathable mesh gym shorts have an elasticized waistband with an inside drawstring to adjust for a perfect fit the loose legs with side vents at the hem are designed for ease of movement with convenient side pockets for essentials the longer length with a 9 inseam hits just at the knee go with the original mesh basketball shorts from champion,14.2952,4.5,41907.0,437.0,0.3725770741604075,10
B08Q86H92W,"Dockers Men's Perfect Classic Fit 8"" Shorts",DOCKERS Store,Flat Front,https://m.media-amazon.com/images/I/31-49IfkbHL.jpg,https://www.amazon.com/dp/B08Q86H92W,dockers men s perfect classic fit 8 shorts set on waistbandlarger smart phone pocketwe call these the perfect shorts for a reason doesn t stretch welt pockets zip fly imported style a16250001 color maritime bluestraight fit this fit is straight and relaxed but never baggy features a hidden security pocket with a concealed zipper and coin compartment imported style a16250001 color maritime blue we call these the perfect shorts for a reason made with a slightly shorter inseam for a modern look elastic waistband for all day comfort,24.4413,4.4,1877.0,30.0,0.35036529127438215,13
B07R1J9J3J,"MIER Men's Workout Running Shorts Quick Dry Active 5 Inches Shorts with Pockets, Lightweight, Breathable",MIER Store,Shorts,https://m.media-amazon.com/images/I/41WoByzfY2L.jpg,https://www.amazon.com/dp/B07R1J9J3J,mier men s workout running shorts quick dry active 5 inches shorts with pockets lightweight breathable super lightweight breathable mier training running shorts have super silky soft next to skin feel light as a feather putting no burden on your exercise spliced with micro air mesh that keeps air flowing to provide you with breathability3 versatility pockets 2 deep slash pockets for storage and convenience 10 5 x 7 5 one internal drop in pocket at waist for additional small items like keys coins mini cardquick dry technology fabric crafted with moisture wicking fabric and treatment of quick dry technology dries out rapidly during sweaty runs keep you a long day comfort elastic waistband with inside adjustable drawcord for a snug adjustable fitcomfy fit shorts single layer athletic shorts with 5 inseam side splits at hem for ventilated comfort and freedom to move 4 way stretch fabrication allows greater mobility maintains shapeeasy care machine washable these 5 inch mens athletic shorts are great for running gym sessions workouts basketball soccer training hiking various sports endeavors and everyday casual wear,18.9914,4.5,3595.0,4.0,0.215004515150026,10
B07RDL93KQ,"Hanes Mens 2 Pack Cotton Sleep Short, 7.5"" Inseam, Comfortable and Breathable, Assorted Colors",Hanes Store,Active Shorts,https://m.media-amazon.com/images/I/41j2IwRcx4L.jpg,https://www.amazon.com/dp/B07RDL93KQ,hanes mens 2 pack cotton sleep short 7 5 inseam comfortable and breathable assorted colors ultimate comfort experience unmatched comfort with these hanes sleep shorts designed with a soft cotton blend and a flexible elastic waistband for a perfect fit all night long breathable lightweight stay cool and relaxed in these lightweight pajama shorts featuring a breathable fabric that s ideal for sleeping or lounging at home convenient 2 pack double the value and versatility with this pack of two ensuring you always have a clean pair on hand for a restful night s sleep classic style fit these sleep shorts boast a classic look with practical side pockets and adjustable drawstrings making them a staple in any men s sleepwear collection easy care durable these hanes sleep shorts are machine washable and designed to retain softness and color ensuring long lasting comfort and convenience,18.7111,4.7,956.0,14.0,0.4178621933621933,10
B0B1LX9FGW,"Pudolla Men's Hiking Cargo Shorts 9"" Lightweight Outdoor Work Shorts for Men Travel Golf Camping Casual with 5 Zipper Pockets",Pudolla Store,Shorts,https://m.media-amazon.com/images/I/41qx9BUBhhL.jpg,https://www.amazon.com/dp/B0B1LX9FGW,pudolla men s hiking cargo shorts 9 lightweight outdoor work shorts for men travel golf camping casual with 5 zipper pockets 5 zipper pockets hiking shorts including 2 slash pockets 2 flat pockets and a back pocket all the deep zipper pockets allows for secure storage of valuables like wallets cell phone and keys lightweight moisture wicking fabric lightweight cargo shorts are made of breathable fabric features moisture wicking and quick drying keep you comfortable and cool in summer outdoor activities expandable waist cargo shorts designed with a elastic back waistband button closure with zip fly and 2 belt loop for a personalized fit offers a security support to ensure you move freely and bends easily sun protection water repellent durable upf 50 sun protection helps to block harmful uv rays when you are hike play or relax outdoors added durable water repellent finish to repel light moisture and dirt mens summer shorts great for various outdoor activities such as hiking golf cycling fishing and yard work the men s casual shorts also suitable for every day wear and a ideal gift for families and friends,29.9917,4.4,2712.0,1.0,0.22985200218171825,10
B09VBK13ZV,"maamgic Mens 5"" Gym Running Shorts for Men 2 in 1 Quick Dry Workout Athletic Shorts",maamgic Store,Active Shorts,https://m.media-amazon.com/images/I/51622193qzL.jpg,https://www.amazon.com/dp/B09VBK13ZV,maamgic mens 5 gym running shorts for men 2 in 1 quick dry workout athletic shorts 2 in 1 shorts men a built in compression liner can greatly reduce less chaffing than more traditional athletic shorts and offers support to thigh muscles to improve performance seams of liner designed for maximum comfort of private parts unlike other shorts with center seam breathable comfortable materials outer shorts 90 polyester 10 spandex compression liner 86 polyester and 14 spandex sweat wicking fabrics help dry quickly and stay cool the stretch allows for exceptional flexibility premium material and reinforced stitching hold up your most high intensity training product features elastic waistband with adjustable internal drawstring to customise to your preferred fit gym shorts for men have two deep side pockets and a back zipper pocket keep valuable things such as wallet phone and keys safe designed for running workout training jogging yoga playing basketball or biking avoiding embarrassing situation when it comes to shorts riding up problems vibrant colors and patterns comfortable and charming enough to be worn outside the gym in this 2 in 1 shorts men recommend machine wash cold and tumble dry low this running shorts for men these workout shorts men are shrink resistant and still look brand new after repeated washing if you have any other questions please do not hesitate to contact us and we will respond to you within 24 hours,32.99,4.6,1612.0,17.0,0.33901416166680154,10
B09CGWK6PR,CRZ YOGA Men's Linerless Workout Shorts - 7'' Quick Dry for Running Sports Athletic Gym with Pockets,CRZ YOGA Store,Active Shorts,https://m.media-amazon.com/images/I/31d+5rRgGbL.jpg,https://www.amazon.com/dp/B09CGWK6PR,crz yoga men s linerless workout shorts 7 quick dry for running sports athletic gym with pockets designed for workout or runningsoft and ultralight like feather quick drying soft to touch and highly durable7 inseam linerlesstwo side zipper pocket for your phone or other essentialselastic waistband with drawstring,28.0,4.7,1195.0,29.0,0.3612691413524747,10
B075MXZ12G,Wrangler Authentics Men's Performance Comfort Flex Cargo Short,Wrangler Authentics Store,Cargo,https://m.media-amazon.com/images/I/31Pfu9TX3XL.jpg,https://www.amazon.com/dp/B075MXZ12G,wrangler authentics men s performance comfort flex cargo short relaxed fit designed with a relaxed fit and comfort waistband these cargo shorts are made to keep you comfortable through any activity these shorts feature a 10 inch inseam that hits right at the knee for all day comfort comfort flex waistband designed with comfort in mind our innovative flex waistband ensures a comfortable fit that moves and bends with you stretch fabric allows natural range of motion with every activity quick drying from an unexpected rain to dewy grass on a morning walk these quick drying cargo shorts are built to help keep you dry through any conditions you encounter classic cargo style this classic cargo short is comfortable and functional for your everyday wear from the outdoors or a casual lunch this short is built for versatility and comfort with a timeless silhouette and extra storage extra storage equipped with 2 cargo zip pockets 2 back pockets and 2 slash pockets for easy access storage great for safely storing your cell phone wallet and other items in an enclosed pocket wrangler authentics men s performance comfort flex cargo short made with stretch fabric these men s cargo shorts are ready for any activity you have planned a relaxed fit and cargo style from the wrangler name you trust features quick drying stretch fabric 2 cargo zip pockets 2 back pockets and 2 slash pockets relaxed fit through the seat and thigh sits at the natural waist for a comfortable fit 10 inseam,28.3,4.6,14550.0,8.0,0.32908366316223453,10
B0BLYVSVTL,maamgic Men's 5/7 Inseam Shorts Casual Classic Fit Short Men with Multi-Pocket Mens Workout Shorts Hybrid Quick Dry Shorts,maamgic Store,Flat Front,https://m.media-amazon.com/images/I/41La0YlMLsL.jpg,https://www.amazon.com/dp/B0BLYVSVTL,maamgic men s 5 7 inseam shorts casual classic fit short men with multi pocket mens workout shorts hybrid quick dry shorts amphibious casual shorts shorts for men are made of soft polyester fabric which offers durability meanwhile being breathable for comfort in summer hybrid shorts are used for being worn as casual shorts or being in the water lightweight stretchy enough and quick drying material is also suitable for swimming multi pockets design crafted of 5 pockets for store various equipment designed with 2 side slit pockets and 1 side invisible zipper pocket that your wallet won t fall out of one back pocket with button and the other pocket with zipper all pockets include mesh interior for breathability multi wear waistband stretch waistbands are added at the waist positions on both sides for ultimate flexibility and drawstring for a adjustable fit drawstring can be pulled out and hidden inside the shorts shorts for men are also equipped with buttons and zippers for daily commuting mens 5 inch inseam shorts 5 inseam shorts length not above the knee and provides a tidy fresh look to any outfit men casual shorts can show your perfect legs many colors design and sizes for you to choose from for boardshort widely occasion this style of hybrid shorts for men give you options suitable for daily commuter wear or business wear ideal for activity like fishing golfing hiking or to a picnic surprisingly the shorts can be worn to swim because the shorts fabric is quick dry and all pockets with mesh interior,27.99,4.5,436.0,18.0,0.15942621151996147,10
B085C2KTNG,"Mens Swim Trunks Quick Dry Board Shorts with Mesh Lining, Breathable Fit Hawaii Beach Shorts Swimwear Bathing Suits",FT FENTENG Store,Board Shorts,https://m.media-amazon.com/images/I/41fDDNMib0L.jpg,https://www.amazon.com/dp/B085C2KTNG,mens swim trunks quick dry board shorts with mesh lining breathable fit hawaii beach shorts swimwear bathing suits mens quick dry swim trunks 100 high quality polyester wrinkle free quick drying breathable lightweight safe comfortable and skin friendly fabric can direct contact to skin it has some useful characteristics sweat absorbing quick drying etc normally it takes 5 to 10 minutes swim shorts have become dry already mens board shorts with mesh lining design all of our swim trunks are made with our comfort technology quick dry fabric with mesh lining elasticized waistband with drawstring can stretch and fixed the waist for comfort and adjustable mens swim trunks with pockets the board shorts all get two beside pockets it is mens elastic waist swim trunks and also mens drawstring swim trunks printed swim trunks for men these surf shorts can be worn in and out of the water during summer vacation our swim trunks using dye sublimation technology that allows graphics lifelike vibrant colors and comfy material will bring you a cool summer machine wash or hand wash with cold water recommend do not use bleach surprise vacation gift ultimate sun protection our mens swimming trunks provides upf 50 which blocks the sun s harmful ultraviolet rays it is suitable for various water activities such as swimming surfing bodyboarding kayaking fishing rafting etc nice gift ideal for your mens husband father in this summer mens swim trunks with liner the board shorts mens swimwear are suitable for swimming beach vacation and sports fitness or for home etc and the american flag swimsuits by our unique fashional stylish design are the best choice as men s swimwear,19.9939,4.4,3696.0,5.0,0.12717460317460313,4
B09L4N3BD7,EKLENTSON Men's Winter Jacket Thick Thermal Cotton Warm Fleece Lined Coat Trucker Lapel Work Cargo Jackets for Men,EKLENTSON Store,Fleece,https://m.media-amazon.com/images/I/41Hn8C2pvjL.jpg,https://www.amazon.com/dp/B09L4N3BD7,eklentson men s winter jacket thick thermal cotton warm fleece lined coat trucker lapel work cargo jackets for men material cotton lining fleece polyester soft thermal and comfortable warm sherpa lined the fleece lining of this winter jacket is thick and soft enough to keep you warm and comfy in cold weather windproof fuzzy lapel button front closure button adjustable cuffs and hem to effectively insulate from cold air multi pockets the fleece jacket has a total of 5 pockets including 2 side hand pockets 2 button closed chest pockets and 1 internal pocket multiple pockets improve the practicality of this jacket and provide enough storage for your small items suitable for the classically styled men s cargo jacket can be worn with a variety of clothes for many occasions utility and stylish whether it is for daily casual wear or outdoor activities this windbreaker is great choice for you or your family and friends such as working hiking traveling hunting camping motorcycling snowboarding golfing and so on,69.98,4.6,1195.0,6.0,0.3324384395366538,10
B08SS8M9JT,Amazon Essentials Men's Packable Lightweight Water-Resistant Puffer Jacket (Available in Big & Tall),Amazon Essentials Store,Jackets,https://m.media-amazon.com/images/I/41NYTbdRtnL.jpg,https://www.amazon.com/dp/B08SS8M9JT,amazon essentials men s packable lightweight water resistant puffer jacket available in big tall regular fit comfortable easy fit through the shoulders chest and waist water resistant nylon taffeta nylon plain weave shell and lining fabric fully lined quilted and insulated 100 polyester shell and lining fabric on marble print colorway cold weather styling stay warm in this versatile water resistant lightweight puffer jacket featuring a full length center front zipper and stand up collar details stand up collar two zippered hand pockets and elasticated cuffs and bottom opening jacket packs neatly into included carrying bag with a drawstring closure we listen to customer feedback and fine tune every detail to ensure our clothes are more comfortable higher quality and longer lasting at affordable prices for the whole family,38.4,4.5,30259.0,1.0,0.26327123703158184,10
B07S2D47L8,Carhartt Men's Relaxed Fit Washed Duck Sherpa-Lined Utility Jacket,Carhartt Store,Outerwear,https://m.media-amazon.com/images/I/41xcFLvxu3L.jpg,https://www.amazon.com/dp/B07S2D47L8,carhartt men s relaxed fit washed duck sherpa lined utility jacket 12 ounce 100 cotton ring spun washed ducksherpa lining in bodyquilted lining in sleevescardura reinforced sleeve hem with inner rib knit cuffattached hood with low profile adjustment at hood hemreinforced cordura at cuffs internal rib knit storm cuffs help keep out the cold carhartt men s relaxed fit washed duck sherpa lined utility jacket,139.99,4.7,11246.0,2.0,0.29113739050098697,10
B07VPH7GTM,TACVASEN Men's Bomber Jacket Lightweight Casual Spring Fall Windbreaker Zip Up Coat with Pocket,TACVASEN Store,Windbreakers,https://m.media-amazon.com/images/I/31pvZ8FA5AL.jpg,https://www.amazon.com/dp/B07VPH7GTM,tacvasen men s bomber jacket lightweight casual spring fall windbreaker zip up coat with pocket material polyester lightweight windbreaker breathablefull zipper stand collar bomber jacket the zipper head is on the leftfeature rib knit cuffs waistband collar for comfort dual pen pockets on sleevemulti pockets 1 zipper sleeve pocket 2 zipper slant hand pochets 1 inner pocketsuitable for outdoor casual sportwear working daily life hiking clubwear sports spring fall or other outdoor activities,39.9829,4.4,7537.0,1.0,0.33833229022961164,10
B08YRDNXJK,"33,000ft Men's Hooded Softshell Jacket Waterproof Lightweight Insulated Windbreaker Fleece Lined Rain Shell Jacket","33,000ft Store",Shells,https://m.media-amazon.com/images/I/31s1CtOMB9L.jpg,https://www.amazon.com/dp/B08YRDNXJK,33 000ft men s hooded softshell jacket waterproof lightweight insulated windbreaker fleece lined rain shell jacket waterproof breathable 33 000ft men s softshell jacket with hood features 3 layered material with outer soft shell tpu membrane mid layer and inner fleece lining to provide strong protection against the elements outer shell with dwr finish resists water dirt and oil to keep you dry and clean 8000mm fabric waterproofness rating 1000g m2 24hr fabric breathability rating warm fleece lined jacket 33 000ft men s fleece lined soft shell jacket gives you additional thermal insulation and superior moisture wicking performance the brushed fleece lining is soft to the touch and keeps you comfortable and cozy windproof lightweight featuring adjustable drawcord hood hem and ribbed cuffs blocking out the cold wind this 33 000ft lightweight lined windbreaker with hood is great to be your all weather go to jacket for spring and fall when the temperature changes stretch comfortable scratch resistant polyester fabric blended with spandex fibers gives the jacket a slight stretch allowing it to move with your body during outdoor sports like running hiking etc 5 functional utility pockets 2 outside hand zippered pockets 2 inner patch pockets and 1 left arm zip pocket are perfect for storing your cell phone wallet gloves etc this 33 000ft men s jacket with hood is suitable for casual wear or outdoor activities like mountaineering climbing riding biking fishing yardwork walking backpacking military combat tactical training cycling hunting driving travelling work camping etc,59.99,4.6,1368.0,1.0,0.3140933944384837,10
B07BN72SZ5,Amazon Essentials Men's Lightweight Water-Resistant Packable Hooded Puffer Jacket,Amazon Essentials Store,Down & Down Alternative,https://m.media-amazon.com/images/I/41d9-7xqgPL.jpg,https://www.amazon.com/dp/B07BN72SZ5,amazon essentials men s lightweight water resistant packable hooded puffer jacket regular fit comfortable easy fit through the shoulders chest and waist water resistant nylon taffeta nylon plain weave shell and lining fabric fully lined quilted and insulated 100 polyester shell and lining fabric on marble print colorway cold weather styling stay warm in this versatile water resistant lightweight puffer jacket featuring a full length center front zipper and hood details two zippered hand pockets and elasticated hood opening cuffs and bottom opening jacket packs neatly into included carrying bag with a drawstring closure we listen to customer feedback and fine tune every detail to ensure our clothes are more comfortable higher quality and longer lasting at affordable prices for the whole family,28.9332,4.5,11693.0,2.0,0.2162579049961292,10
B0D3V242Q7,Men's Ski Jacket Warm Winter Snow Coat Waterproof Mountain Windbreaker Snowboarding Jacket Hooded for Hiking Traval,Brand: MAOYSSEN,Jackets,https://m.media-amazon.com/images/I/41caVqwIWjL.jpg,https://www.amazon.com/dp/B0D3V242Q7,men s ski jacket warm winter snow coat waterproof mountain windbreaker snowboarding jacket hooded for hiking traval waterproof this ski jacket made with a high quality waterproof fabric that repels water keeping you dry and comfortable even in heavy rain or snowfallwarm designed to keep you warm in cold weather conditions the winter coat features a fleece lining that provides insulation and traps body heat ensuring maximum warmth and cozinessversatile this winter coat doubles as a ski jacket equipped with advanced features such adjustable cuffs and a detachable hood it is designed to withstand extreme weather conditions on the slopes keeping you protected and comfortable during your winter adventuresfunctional not only is our winter jakcet perfect for skiing and snowboarding but it also serves as a reliable jacket and rain jacket the waterproof fabric and sealed seams prevent water from penetrating making it an excellent choice for outdoor activities in wet weathersize notes jacket offers a standard fit please choose by us size,54.99,4.6,879.0,7.0,0.2923576447059419,10
B0B883C9XX,Rapoo Men's Winter Ski Snow Jacket Mountain Waterproof Windproof Rain Jacket,Rapoo Store,Jackets,https://m.media-amazon.com/images/I/41n+AfIsbrL.jpg,https://www.amazon.com/dp/B0B883C9XX,rapoo men s winter ski snow jacket mountain waterproof windproof rain jacket warm durable snow jacket the outer shell fabric is tough and resistant to wear while the inner soft fleece lining will keep you warm and comfortable during the cold winter the stitching is reinforced and solid so it will last for years waterproof quick dry winter coats for men our winter jacket with a professional water repellent coating and has a waterproof level of 10000mm the zippers are also waterproof so you don t have to worry about getting wet while skiing snowboarding or in rainy weather details 1 adjustable velcro cuffs help seal in warmth 2 detachable storm hood with adjustable drawstring velcro stand collar and full zipper closure all the well designs keep out the wind effectively 3 wear resisting soft shell is highly wind resistance and warmth multi pockets 2 zippered hand pockets 1 zippered chest pocket 1 internal secure pocket suitable for phone wallet passport and other accessories occasions an essential and relaxed fit outdoor travelling insulated jacket ideal outfits for downhill skiing snowboarding snow sports hiking mountaineering camping rock climbing cycling and other winter outdoor activities,62.99,4.4,1114.0,2.0,0.2721215076590076,10
B096YM16SV,Amazon Essentials Men's Full-Zip Fleece Jacket (Available in Big & Tall),Amazon Essentials Store,Fleece,https://m.media-amazon.com/images/I/41eHsCaWxIL.jpg,https://www.amazon.com/dp/B096YM16SV,amazon essentials men s full zip fleece jacket available in big tall regular fit comfortable easy fit through the shoulders chest and waist polar fleece double sided knit fabric with a brushed finish and subtle texture this soft and cozy midweight fleece keeps you warm and insulated while withstanding everyday wear cold weather styling designed for outdoor activity this polar fleece jacket takes you everywhere you need to go perfect as a finishing touch for a cool weather look or a comfy base layer when it s time to bundle up details features a mock neck with full length center front zipper two zippered hand pockets and elastic bound sleeve cuffs and bottom opening this product contains 100 recycled claim standard rcs certified recycled polyester we listen to customer feedback and fine tune every detail to ensure our clothes are more comfortable higher quality and longer lasting at affordable prices for the whole family,19.4432,4.5,14255.0,2.0,0.2720092062466012,10
B07KWV1N5V,Springrain Men's Wool Blend Pea Coat Notched Collar Single Breasted Overcoat Warm Winter Trench Coat,Springrain Store,Wool & Blends,https://m.media-amazon.com/images/I/31u9Sg2wAHL.jpg,https://www.amazon.com/dp/B07KWV1N5V,springrain men s wool blend pea coat notched collar single breasted overcoat warm winter trench coat material classic mens pea coat made of wool blend fabric lightweight warm and durablefit slim fit classic midi long pea coat with notched lapel collar and long sleevesfeatures single breasted front button closure two side slant entry pockets and one interior pocket this springrain men s wool coat is always a great choice for casual and business occasionsversatility mid length wool blend coat suitable for casual daily wear or business outfit classic and modern design trench coat for spring autumn and wintercare machine wash cold with like colors tumble dry medium iron low as needed,59.99,4.2,4467.0,2.0,0.29697807557852196,10
B00EUHD56A,Legendary Whitetails Journeyman Shirt Jacket Flannel Lined Shacket for Men Water-Resistant Coat Rugged Fall Clothing,Legendary Whitetails Store,Cotton,https://m.media-amazon.com/images/I/41JhSuA2dZL.jpg,https://www.amazon.com/dp/B00EUHD56A,legendary whitetails journeyman shirt jacket flannel lined shacket for men water resistant coat rugged fall clothing fit sizing for the signature legendary whitetails fit see our size chart which accomodiates standard and big tall sizes the journeyman shirt jacket is designed for extra layering material durability experience the legendary whitetails men s jacket quality with a blend of cotton and polyester its rugged waxed cotton suede appearance softer to the touch promises durability and is weather resistant warmth comfort top quality flannel lined for ultimate warmth the legendary whitetails journeyman is your shield against cold transitional jacket for every season functional features this legendary whitetails men s shirt jacket boasts hand warmer side pockets and robust double needle stitching ensuring durability while the snap closure ensures a snug fit signature design stand out with the weathered cotton look antique brass legendary snaps and the iconic legendary whitetails signature buck appliqu this shirt jacket coat is designed for outdoors and all activities we added a flannel lining to our popular weathered cotton leather shirt to build this one of a kind shirt jac the rugged cotton suede look comes with an unexpected softness features side hand warmer pockets antique brass legendary snaps signature buck applique and double needle stitching cotton poly blend big tall sizes are designed for men over 6 2 and add 2 in body length and 1 1 2 in sleeve length,86.46,4.4,18992.0,4.0,0.23440803823942957,10
B07S2D56H6,Carhartt Men's Relaxed Fit Duck BlanketLined Detroit Jacket,Carhartt Store,Outerwear,https://m.media-amazon.com/images/I/41bPJ15xqXL.jpg,https://www.amazon.com/dp/B07S2D56H6,carhartt men s relaxed fit duck blanketlined detroit jacket updated blanket lining in bodyquilted nylon lining in sleevescorduroy trimmed collar with under collar snaps for optional hoodleft chest pocket with zipper closuretwo inside pocketstwo lower front pockets carhartt men s relaxed fit duck blanketlined detroit jacket,109.99,4.6,5297.0,1.0,0.2375496031746031,1
B08ZNZ9NFT,Calvin Klein mens Mid-weight Sherpa Lined Puffer,Calvin Klein Store,Down & Down Alternative,https://m.media-amazon.com/images/I/31rOw7FKI8L.jpg,https://www.amazon.com/dp/B08ZNZ9NFT,calvin klein mens mid weight sherpa lined puffer this sorona filled jacket is designed with style warmth and comfort in mind sherpa interior lining fixed hood elastic banded cuffs and hem for comfortthe signature calvin klein logo is stitched onto the sleeve and zipper detailing and the addition of welt pockets give this down jacket added flare and functionsits just past the waist look good zipped up or left opena cozy lining make this calvin klein down jacket a quick favorite for trips to the lodge and beyond,79.99,4.6,1957.0,14.0,0.4243444943944944,10
B08PF4YNVQ,COOFANDY Mens Sport Coat Casual Blazer One Button Business Suit Jacket,COOFANDY Store,Suit Jackets,https://m.media-amazon.com/images/I/31kAFGNNCTL.jpg,https://www.amazon.com/dp/B08PF4YNVQ,coofandy mens sport coat casual blazer one button business suit jacket premium fabric mens casual blazer jacket is made of high quality twill materials which is lightweight breathable soft and wrinkle free providing great flexibility and comfort in daily lifeclassic design this mens slim fit sport coats features notched lapel two flap pockets one button closure and three sleeve buttons showing a modern and stylish lookingmatch tips this men s lightweight blazer can be paired with jeans and a basic t shirt for a stylish street look or with suit pants and a dress shirt for a formal business look which is a good blend of casual and business stylesmore occasion mens travel modern suit jacket is suitable for business wedding dating meeting event office work ceremony daily wear concerts etcnotice this men s suit jacket is a regular fit please carefully refer to the size chart on the product page before purchasing to ensure accurate fitting,73.99,4.2,5067.0,1.0,0.2857214953026248,10
B0BPLX5T1S,MAGNIVIT Men's Lightweight Jackets Light Windbreaker Full Zip Up Stylish Golf Coat Business Work Casual Dress,MAGNIVIT Store,Windbreakers,https://m.media-amazon.com/images/I/31XbCc28F+L.jpg,https://www.amazon.com/dp/B0BPLX5T1S,magnivit men s lightweight jackets light windbreaker full zip up stylish golf coat business work casual dress material full polyester no lining sandwich more suitable for the weather above 15 degrees zipper design side pockets and the front of the garment are closed with a zipper for convenience 3 pockets 2 side pockets 1 hidden pocket to provide ample storage space side pocket can accommodate a normal size smartphone design the collar of this jacket is in the shape of a shirt and the overall lines of the body are simple discarding superfluous lines and presenting a visually competent atmosphere high quality production our jackets are made with advanced production techniques reinforcing the shape not easily deformed by multiple washing whether you want to wear it indoors or outdoors for activities or for leisure it is a piece that you can t go wrong with,33.98,4.3,286.0,9.0,0.3664880952380952,10
B08ZQM6Y2B,Calvin Klein Men's Full Zip Down Puffer Coat,Calvin Klein Store,Down & Down Alternative,https://m.media-amazon.com/images/I/31WyE6NuRjS.jpg,https://www.amazon.com/dp/B08ZQM6Y2B,calvin klein men s full zip down puffer coat quality performance jackets with chest pocket and 2 lower welt pockets with zipper closures to keep your valuables safe elastic banded cuffs and hem provide a tailored look without sacrificing comfortkeeping warm coat with interior down insulation and water resistant outer layer provides added warmth and blocks out cold temperatures so you re ready for whatever the weather throws your wayinfinite stretch fabric this coat features breathable fabric that enables stretch allowing for extreme flexibility and full range of movementtravel friendly easily pack and store this puffer jacket men can t get enough of lightweight fabric and interior insulation allow the jacket to fit where you need itcomfort and style this puffer jacket is sure to become a staple in your closet bring it along in your work bag wear it for a night out as a winter jacket or as part of your daily outfit,69.99,4.6,2591.0,6.0,0.4816730769230769,10
B0CKSXVKCQ,TBMPOY Men's Lightweight Jackets Casual Windbreaker Stylish Light Fall Spring Golf Work Dress Business,TBMPOY Store,Windbreakers,https://m.media-amazon.com/images/I/41P2QA69NNL.jpg,https://www.amazon.com/dp/B0CKSXVKCQ,tbmpoy men s lightweight jackets casual windbreaker stylish light fall spring golf work dress business windproof water resistant on rainy or windy weather days men s lightweight jackets are water resistant and effectively prevent rainwater from penetrating perfect adaptation to weather changes laytown polo collar cuff button mens casual stylish jackets feature classic laydown collars and full zip closures which makes them more fashionable and well fitting 2 zip pockets 1 inner deep pocket two side entry hand warm pockets with zipper for added security one interior pocket space to stash your 10 phone and sunglasses etc classic plaid lining this men s full zip lightweight jacket features the classic design of the harrington on the jacket inside the integration of quality and fashion occation this men s full zip lightweight jacket is suitable for wearing on cool spring and autumn nights or in the morning ideal outfit for sports mechanic work traveling golf and other outdoor activities,43.99,4.3,921.0,4.0,0.336979969765684,10
B0D7ZT9VCM,Men's Mountain Winter Coat Warm Fleece Ski Snow Jacket Waterproof Raincoat with Hood,Brand: MAOYSSEN,Jackets,https://m.media-amazon.com/images/I/4154qcTbU+L.jpg,https://www.amazon.com/dp/B0D7ZT9VCM,men s mountain winter coat warm fleece ski snow jacket waterproof raincoat with hood all weather performance designed for outdoor enthusiasts this men s mountain winter coat provides exceptional protection against various elements its waterproof construction ensures you stay dry even during heavy rain or snowfallunmatched warmth crafted with a cozy fleece lining this winter coat offers superior insulation to keep you warm and comfortable in cold weather say goodbye to shivers and embrace the great outdoors with confidenceversatile ski jacket this ski jacket is engineered with functionality in mind it features a removable hood and adjustable cuffs to adapt to changing weather conditions whether you re hitting the slopes or exploring the mountains this jacket has you coveredreliable durability made from high quality materials this jacket is built to last the rugged design can withstand rigorous outdoor activities ensuring long lasting performance and durabilitystylish and practical in addition to its protective features this winter coat also boasts a stylish design the sleek and modern look makes it suitable for various occasions from outdoor adventures to everyday wear,54.99,4.6,378.0,43.0,0.3857424242424242,10
B0921G7MCY,Calvin Klein Men's Snap Front Puffer Jacket,Calvin Klein Store,Shells,https://m.media-amazon.com/images/I/31oLzAlVqtL.jpg,https://www.amazon.com/dp/B0921G7MCY,calvin klein men s snap front puffer jacket coat description this sherpa lined puffer jacket men is designed with style warmth and comfort in mind making it a great mens winter coats optiondesigner features the signature calvin klein logo is stitched onto the sleeve and middle zipper detailing and the two large side pockets give this quilted jacket added flare and functionfunction and style these winter coats for men land just past the waist look good zipped up or left open and represent the comfortable style you expect in a piece for calvin kleinwardrobe options calvin klein jackets for men sport an easy fit and can be worn over fall clothes and winter clothes looks great over a pair of jeans joggers or mens sweatpantscalvin klein men mens fashion you can count on for simple comfortable style,114.75,4.6,2753.0,60.0,0.3132442929741066,10
B08BG7WRTG,Carhartt Men's Loose Fit Washed Duck Insulated Active Jacket,Carhartt Store,Insulated,https://m.media-amazon.com/images/I/41xxkda7nPL.jpg,https://www.amazon.com/dp/B08BG7WRTG,carhartt men s loose fit washed duck insulated active jacket 12 ounce 100 percent ring spun cotton washed ducknylon lining quilted to 80g 3m thinsulate insulation in body sleeves and hoodattached hood with low profile adjustment at hood hemupdated lower front pockets with brushed tricot lining and reinforced bottomspen stall in wearer s right lower front pocket carhartt men s loose fit washed duck insulated active jacket,119.99,4.8,6086.0,28.0,0.29697571256066524,10
B0B713424T,SPOSULEI Mens Skiing Jackets with Hoode Snowboarding Waterproof Fleece Liner Coats Windproof Winter Raincoat Multi Pockets,SPOSULEI Store,Jackets,https://m.media-amazon.com/images/I/41R+bPsJkKL.jpg,https://www.amazon.com/dp/B0B713424T,sposulei mens skiing jackets with hoode snowboarding waterproof fleece liner coats windproof winter raincoat multi pockets material consists of multi layer structure strong high density spandex hydrophobic coating insulation padding and fuzzing lining in the cold winter it provides all round effective protection against storms or fog keep your body dry and warm throughout the day utility pockets two zippered pockets and chest pocket both with waterproof technology you don t need to worry about getting wet when skiing snowboarding or in the rain an interior zippered security pocket for phone wallet credit cards keys and more functional hoodie removable hoodie with velcro and drawstring for easy fixation and quick adjustment fitted design adjustable cuffs help seal and keep warm and a layer of soft skin friendly fleece is attached to the inner neckline the outer layer is tightly windproof and the inner layer is fleece and thickened achieve effective temperature lock warm and comfortable to wear occasion our men s winter jackets are perfect for downhill skiing snowboarding snow sports hiking mountaineering camping rock climbing biking and other winter outdoor activities,61.98,4.5,1235.0,12.0,0.32207119963369957,10
B0CLSRB5CF,Columbia Men's Ascender Softshell Jacket,Columbia Store,Shells,https://m.media-amazon.com/images/I/41uruyb3CVL.jpg,https://www.amazon.com/dp/B0CLSRB5CF,columbia men s ascender softshell jacket comfort stretch crafted from 100 polyester that offers comfort stretch this comfortable softshell makes for versatile wear from the trail to the office water resistant don t worry if it starts to drizzle or the wind picks up the water and wind resistant jacket has you covered classic fit this softshell is made with a regular fit cut for a classic design that you don t have to think twice about handy features thoughtful touches include an abrasion resistant chin guard zippered chest and hand pockets adjustable cuffs and an adjustable hem built to last columbia s attention to detail is what sets our apparel apart specifying only the highest quality materials expert stitching and craftsmanship this is a long lasting garment you will enjoy for seasons to come,51.3043,4.7,10807.0,5.0,0.4586621444863381,10
B0792XJHZL,TACVASEN Men's Special Ops Military Tactical Rain Jackets Winter Warm Fleece Softshell Hooded Raincoat Snowboard,TACVASEN Store,Shells,https://m.media-amazon.com/images/I/41lVGtO1ALL.jpg,https://www.amazon.com/dp/B0792XJHZL,tacvasen men s special ops military tactical rain jackets winter warm fleece softshell hooded raincoat snowboard outershell polyester inner soft fleece is warm lightweight breathable the smooth abrasion resistant softshell fabric help protect against the wind and keep you warm and comfortable fabric allows for more flexibility in the outdoors multi pockets two shoulder pocket forearm pocket on left arm two front slash zippered chest pockets one zippered back pockets vent zipper under each arm it can be used to store money keys phones wallets passports and other items providing you with great privacy and convenience humanized design drawstring waist and hood elastic hook loop adjustable wrist cuffs featuring adjustable hem and cuffs to help protect against wind and keep you warm inside there are headphone holes on the inside of the jacket to help with the hidden use of wired headphones waterproof windproof this softshell fleece lined jacket is treated to repel water while maintaining breathability and it effectively prevents rainwater from entering your interior fabric keeping you dry and comfortable it helps to keep the cold wind out in cold winter weather as well as preventing cold wind from entering the body to some extent multiple occasions men s jacket is suitable for tactical wear outdoor sports outdoor work travel cycling hiking mountaineering fishing camping hunting men s special ops military tactical soft shell jacket coat,53.9831,4.4,6754.0,6.0,0.23139803338483458,10
B01BUGS7DO,Carhartt Men's Rain Defender Relaxed Fit Heavyweight Softshell Jacket,Carhartt Store,Outerwear,https://m.media-amazon.com/images/I/41S77BlfwnL.jpg,https://www.amazon.com/dp/B01BUGS7DO,carhartt men s rain defender relaxed fit heavyweight softshell jacket carhartt company gear collectionrain defender durable water repellentwind fighter technology tames the windrugged flex technology for ease of movementmock neck collar carhartt men s rain defender relaxed fit heavyweight softshell jacket,119.99,4.6,2589.0,41.0,0.3326577380952381,10
B0BNVZFBQX,MAGCOMSEN Men's Winter Coats Water Resistant Ski Snow Jacket Warm Fleece Jacket Parka Raincoats With Multi-Pockets,MAGCOMSEN Store,Jackets,https://m.media-amazon.com/images/I/4119FBVfmJL.jpg,https://www.amazon.com/dp/B0BNVZFBQX,magcomsen men s winter coats water resistant ski snow jacket warm fleece jacket parka raincoats with multi pockets windproof adjustable cuffs with hooks and loops internal drawcord hem detachable and adjustable storm hood help to keep wind out water repellent professional water repellent jacket keep your body always dry and comfortable you won t worry about getting wet while skiing snowboarding hunting hiking in inclement weather fleece lining windproof warm jacket coat with thermal fleece lining to keep you warm in cold weather multi pockets 1 zipper chest pocket 2 huge zipper side pockets 1 deep inner zipper pocket great for ourdoor sports camping hiking climbing skiing snowboarding trekking fishing and travelling note standard us size,67.98,4.6,7323.0,1.0,0.27005756602854813,10
B0B2NTYHTK,Mens Lightweight Jacket Casual Bomber Jacket Varsity Coat,SAVKOOV Store,Varsity Jackets,https://m.media-amazon.com/images/I/518kaEarS4L.jpg,https://www.amazon.com/dp/B0B2NTYHTK,mens lightweight jacket casual bomber jacket varsity coat to ensure your most fit please refer to our size chart in the left product image columnfull zip front closure two lower side functional pockets and two interior pockets for added storagesuitable for spring and fall perfects for varies occasions outdoor activities daily casual life etcsoft lightweight and high quality fabric comfortable and durable,37.99,4.5,1567.0,2.0,0.4278698412698413,10
B075M97YPB,chouyatou Men's Classic Notched Collar Double Breasted Wool Blend Pea Coat,chouyatou Store,Wool & Blends,https://m.media-amazon.com/images/I/41gjTbL+lKL.jpg,https://www.amazon.com/dp/B075M97YPB,chouyatou men s classic notched collar double breasted wool blend pea coat fabric 30 wool 60 polyester 10 viscose lining 100 polyesterclassic turn down lapel collar front double breasted closure long sleeve with three buttonsside slant entry pockets and inner pockets thicked checker quilted lining for warmth solid color black and grey high quality wool blend fabric suitable for casual daily wear or business formal wearsize please refer to the last picture size chart before ordering if you are not sure about the size please contact us without hesitation,58.9841,4.3,6720.0,3.0,0.23696524516315787,10
B008KWXQ38,LONDON FOG Men's Auburn Zip-Front Golf Jacket (Regular & Big-Tall Sizes),Brand: LONDON FOG,Cotton,https://m.media-amazon.com/images/I/41pyjbVbkiL.jpg,https://www.amazon.com/dp/B008KWXQ38,london fog men s auburn zip front golf jacket regular big tall sizes a smart casual classic exceptional comfort and versatility this classic style men s golf jacket features a timeless design great for business casual outings or semi active wear this men s casual jacket provides polished comfort and flexibility 7 pockets elastic waist and adjustable cuff snaps zippered pockets and fastening pockets keep all the items you carry secure elastic lining inside allows the jacket to expand and return to its original shape during movement enhancing the overall fit and comfort of this stylish jacket practical and comfortable lightweight polyester soft microfiber blend construction is durable and great for all seasons this is your go to choice for layering be ready for any weather and any outing and don t fear being under dressed wind and water resistant a great year round zippered jacket for men your fall winter spring and summer jacket that provides protection from wind rain and chilly nights this sturdy build men s lightweight jacket ensures long lasting wear since 1923 designed by london fog for chilly and wet winters london fog has been keeping the active and stylish warm dry and at the forefront of fashion for over 100 years our coats and jackets for men are built to last auburn zip front golf jacket regular big tall sizes,44.6026,4.5,15217.0,1.0,0.3615884115884115,1
B09LQSKLX8,MAGCOMSEN Men's Winter Jacket Lined Sherpa Jacket Warm Trucker Coat Multi Pocket,MAGCOMSEN Store,Cotton,https://m.media-amazon.com/images/I/41AEaC+8eML.jpg,https://www.amazon.com/dp/B09LQSKLX8,magcomsen men s winter jacket lined sherpa jacket warm trucker coat multi pocket fabric shell cotton lining polyester warm heavyweight soft comfortable keep warm the cargo jackets with turn down collar and warm sherpa lining keeping you warm in cold winter multi pockets 2 chest flap pockets with snaps 2 side pockets and 1 inner pocket good enough for storing essentials feature cotton jacket with sherpa lining adjustable snap cuffs and hem effective wind protection suitable for the warm jacket is a good for work in winter perfect for daily wear outdoor casual travelling camping golf hiking and other outdoor activities keep you fashion and comfortable in cold winter,69.988,4.5,910.0,48.0,0.28002158374033376,10
B0B5NS9XXB,"The North Face Men's Flare 2 Insulated 550-Down Full Zip Puffer Jacket (Large, Tnf Black)",THE NORTH FACE Store,Insulated,https://m.media-amazon.com/images/I/41cnGvy7K6L.jpg,https://www.amazon.com/dp/B0B5NS9XXB,the north face men s flare 2 insulated 550 down full zip puffer jacket large tnf black nylon liningzipper closure,141.4514,4.6,189.0,23.0,0.4863095238095238,10
B083W4JW26,COOFANDY Men's Rain Jacket with Hood Waterproof Lightweight Active Long Raincoat,COOFANDY Store,Trench & Rain,https://m.media-amazon.com/images/I/31Q2q520zLL.jpg,https://www.amazon.com/dp/B083W4JW26,coofandy men s rain jacket with hood waterproof lightweight active long raincoat premium fabric high qualtity rain jacket made of 80 nylon 20 polyester extremely waterpoof and windproof quick drying touch soft and super comfortable wear feel waterproof this long rain coat is covered with waterproof coating for quick drying smooth zippers with waterproof strip buttons offer more secure protection velcro cuffs below the knees length adjustable hood and hem with elastic draw make sure a tight fit the slim design delivers a more modern look multiple use the breathable fabric makes sure that you can throw this jacket over your favorite tee on a rainy day in the middle of the summer you can also layer up under this jacket for fall or winter use the matt finish and the slick look ensure that no one knows you are using a rain jacket as a spring fall windbreaker you can also use this jacket to protect your pea coat from getting wet on a snow day occassion hooded windbreaker jacket perfect for working in rain days fishing camping trip or hunting bussiness trip hiking outdoor party adventure theme parks climbing or any other outdoor activities this full length rainjacket is also a great cosplay game costume garment care please wipe off the dirt with a cloth note please do not iron that would damage the waterproof wax no bleach do not machine wash hang to dry,39.9927,4.4,2734.0,25.0,0.24117510819177487,10
B07VQJ8QGP,TACVASEN Men's Jackets-Bomber Jacket Fall Winter Warm Windbreaker Full Zip Casual Padded Coats,TACVASEN Store,Windbreakers,https://m.media-amazon.com/images/I/41VWdQVfCcL.jpg,https://www.amazon.com/dp/B07VQJ8QGP,tacvasen men s jackets bomber jacket fall winter warm windbreaker full zip casual padded coats stylish stand up collar design and full zip up comfort fit ribbing on collar cuffs and hem for a snug fit multi pockets 2 front slash zipper pockets 1 pencil pocket on the left sleeve and 1 interior pockets on the chest lining design conspicuous orange polyester lining warm and fashion occasion classic design jackets for spring fall and cold winter perfect for casual wear business dates and parties or outdoor activities like hiking picnicking jogging cycling golf traveling and so on,39.982,4.5,7994.0,5.0,0.3602817646158555,10
B0076R6L58,Columbia Steens Mountain™ Full Zip 2.0,Columbia Store,Fleece,https://m.media-amazon.com/images/I/41J5DyznplL.jpg,https://www.amazon.com/dp/B0076R6L58,columbia steens mountain full zip 2 0 zip closed security pocket the next generation of a columbia classic this outdoor staple features a finely tuned fit and a soft yet rugged filament fleece fabrication to keep you warm when temperatures plummet,45.95,4.6,2285.0,1.0,0.5387830687830688,10
B01L0B0B24,Tommy Hilfiger Men's Down Alternative Hooded Puffer Jacket (Standard and Big & Tall),Tommy Hilfiger Store,Down & Down Alternative,https://m.media-amazon.com/images/I/41UU5vo6DaL.jpg,https://www.amazon.com/dp/B01L0B0B24,tommy hilfiger men s down alternative hooded puffer jacket standard and big tall warming features this nylon puffer jacket has the role of blocking out the cold it contains advantageous features such as rib knit storm cuffs and a fleece lined stand collar each feature adds to the insulation of the jacketfunctionality a center front zipper along with two side pockets gives viable storage the fleece lined collar contains adjustable draw cords for insulation and warmthstylish features the jacket demonstrates the signature look of tommy hilfiger with an embroidered flag on the left chest the cuffs also exuberate authenticity with a tommy flag placed on the inside of the cuffstand collar with fleece lining for added warmth,84.0,4.5,8779.0,11.0,0.32874579124579123,4
B07ZHXGYVG,"MAGCOMSEN Men's Hooded Windproof Water Resistant Rain Jacket Windbreaker 5 Pockets for Hiking,Fishing,Travel",MAGCOMSEN Store,Shells,https://m.media-amazon.com/images/I/41tJXS+ki2L.jpg,https://www.amazon.com/dp/B07ZHXGYVG,magcomsen men s hooded windproof water resistant rain jacket windbreaker 5 pockets for hiking fishing travel water resistant water repellent jacket zippers pockets are also waterproof design you won t worry about getting wet while hiking or in rainy days our rain jacket will keep your body dry and warm all day windproof adjustable cuffs with hooks and loops help seal in warmth internal drawcord hem detachable and adjustable storm hood full length zip closure stand collar all the attentive designs keep out the wind effectively breathable lightweight the mesh lining fabric is more breathable and lightweight can packs away into bag effortlessly this rain jacket is adaptable to a variety of outdoor scenarios 5 pockets this men jacket has 2 large zipper hand pockets 1 waterproof zipper pocket on left chest 2 inner pockets keeping your odds and ends secure providing enough room to essentials occasions an essential outdoor jacket for year round use ideal outfits for sports hiking mountaineering traveling camping rock climbing cycling fishing and other outdoor activities,40.7843,4.4,971.0,14.0,0.32776489732489733,10
B07GZX245D,INVACHI Men's Wool Blend Pea Coat Warm Winter Trench Coat with Detachable Soft Scarf Single Breasted Overcoat,INVACHI Store,Wool & Blends,https://m.media-amazon.com/images/I/51pW7eonB8L.jpg,https://www.amazon.com/dp/B07GZX245D,invachi men s wool blend pea coat warm winter trench coat with detachable soft scarf single breasted overcoat enhanced comfort and durability our men s wool trench coat is meticulously crafted from a high quality wool and polyester blend guaranteeing remarkable comfort and enduring strength design with detachable scarf the invachi men s wool coat showcases a notched lapel design and a removable scarf adding an element of elegance functional pockets and distinctive decorative elements underline its trendy style chic pairing choices our coat effortlessly adapts to both casual and formal settings match it with jeans and casual shoes for a relaxed look or pair it with tailored pants and leather shoes for a refined professional appearance versatility for all occasions made from windproof woolen fabric our coat comes in versatile colors like dark grey black camel and navy blue it s perfect for daily wear office school or going out pair it with your favorite sweater or sweatshirt for a stylish look size information our coats are available in us sizes consult our size chart for the best fit based on your shoulder width and chest measurements if you have any inquiries don t hesitate to contact us discover the perfect blend of fashion and functionality with the invachi men s wool coat,68.99,4.1,2882.0,4.0,0.2244571368611547,10
B0B4RXVVFG,CAMEL CROWN Men's Mountain Snow Waterproof Ski Jacket Detachable Hood Windproof Fleece Parka Rain Jacket Winter Coat,CAMEL CROWN Store,Jackets,https://m.media-amazon.com/images/I/31yt7pcWe7L.jpg,https://www.amazon.com/dp/B0B4RXVVFG,camel crown men s mountain snow waterproof ski jacket detachable hood windproof fleece parka rain jacket winter coat waterproof winter ski jacket for men has a waterproof index of 10 000mm all the zippers are waterproof and can prevent water from permeating into the jacket now with our advanced waterproof jacket you don t have to worry about fog and rain ruining your outdoor adventure warm windbreaker jacket this rain jacket for men is designed with a detachable hood and adjustable hem as well as elastic cuffs to seal off any openings where air may come in anti scratch wear resistant the ski coats shell is made of the polymer blending material the strong textile fiber fabric shell which can reduce the risk of accidental injury avoids being scratched by rocks and branches and at the same time protects your body muti pocket the snow jacket for men with 2 zip secured hand pockets 1 zippered inner pocket and inner big pocket and 1 waterproof chest zipper pocket this winter jacket lets you conveniently bring your keys wallet and phone when you do outdoor sports camel crown high quality winter coats for men for downhill skiing snowboarding snow sports hiking mountaineering camping rock climbing cycling and other winter outdoor activities,49.99,4.6,1984.0,16.0,0.2968492128786246,10
B08BG8D5TR,Carhartt Men's Loose Fit Washed Duck Sherpa-Lined Coat,Carhartt Store,Outerwear,https://m.media-amazon.com/images/I/31hTJ9aoUbL.jpg,https://www.amazon.com/dp/B08BG8D5TR,carhartt men s loose fit washed duck sherpa lined coat 12 ounce 100 cotton washed ducksherpa lining in body quilted nylon lining in sleevesunder collar snaps for optional hoodleft chest pocket with zipper closure two large sherpa lined front pocketsreplaces style c61 carhartt men s loose fit washed duck sherpa lined coat,129.99,4.5,563.0,54.0,0.3614380572109468,10
B09J18SNGM,SOMTHRON Men's Casual Trench Coat Slim Fit Notched Collar Long Jacket Overcoat Single Breasted Pea Coat wih Pockets,SOMTHRON Store,Wool & Blends,https://m.media-amazon.com/images/I/31hl5MTu53L.jpg,https://www.amazon.com/dp/B09J18SNGM,somthron men s casual trench coat slim fit notched collar long jacket overcoat single breasted pea coat wih pockets soft material our long trench coat made of 95 polyester 5 spandex soft cozy warm and comfortable to wear keeps you warm in cold winter features design long sleeve long lapel coat notched collar design single breasted 3 buttons trench coat with two pockets slim fit business work style show man elegant charm and perfect figure best gifts for husband father son and friends matching it can be matched with shirts leather shoes suits trousers jeans etc occasions suitable for spring fall and winter perfect for daily wear work school dates business meeting any occasion is perfect notice we offer us size items please refer to our brand size chart and select your fit size according to it not amazon size chart,54.99,4.2,1353.0,1.0,0.18516599769308095,10
B09QRMVL84,GIISAM Mens Windproof Jacket Waterproof Lightweight Mountain Sport Jacket for Men Hooded Windbreaker Raincoat,GIISAM Store,Trench & Rain,https://m.media-amazon.com/images/I/31e+gcYn-lL.jpg,https://www.amazon.com/dp/B09QRMVL84,giisam mens windproof jacket waterproof lightweight mountain sport jacket for men hooded windbreaker raincoat high quality material this men s rain jacket is made of professional waterproof and windproof polyester fiber and professional grade tpu coating material which effectively blocks the penetration of moisture while also protecting against wind lightweight and breathable the lightweight mesh lining of the rain coat effectively wicks away sweat leaving you feeling breathable and dry throughout the day more amazing is that the men s rain jacket can be folded easily into your bag even your pants pocket suitable for travel daily wear and other occasions multi pockets giisam men hooded hiking coat has seal tape invisible inside chest pockets two occlusion waterproof side pocket which provide enough and convenience room to put the accessories such as mobile phones keys cards etc adjustable highlights the hood of this men s rain jacket is detachable and the hood has stretch straps to fit various environmental needs detachable hood provides different ways of wearing the sleeves have adjustable cuffs which can resist the cold wind and make it easy to adjust the length of the sleeves multi occasions an essential and relaxed fit outdoor travelling insulated jacket for year round use which meet your active lifestyle traveling hiking sailing fishing camping rock climbing cycling and daily wear,35.99,4.3,2480.0,29.0,0.24676760695007266,10
B07L57PG34,TACVASEN Men's Winter Jacket Cotton Military Jackets Fleece Lined Thick Work Warm Cargo Coats with Hooded,TACVASEN Store,Outerwear,https://m.media-amazon.com/images/I/41h6eowa2HL.jpg,https://www.amazon.com/dp/B07L57PG34,tacvasen men s winter jacket cotton military jackets fleece lined thick work warm cargo coats with hooded fleece lining the men warm coats available in durable cotton shell fabric and thick fleece lining keep you warm in cold weather and providing maximum wind protection in all directions zipper head on the left windproof mens thick winter jackets with detachable zip hood drawstring design adjustable cuffs button stand collar and full zipper closure all the well designs keep out the wind effectively and help seal in warmth 8 multi pockets this work jacket has a lot of utility pockets different sized pockets for different storage needs 2 button flap pockets on chest 2 button flap pockets 2 slant hand pockets 1 inner hidden pocket on left chest 1 pocket on the left sleeve occasions mens winter jacket can be used in a variety of scenarios such as working hunting traveling military tactical hiking camping training motorcycling daily casual wear classical design old fashioned army field jacket durable and easy to match very suitable for autumn and winter season the chest and shoulder patches can be removed in a few minutes or replaced with a favorite badge sewn on,68.3837,4.4,7164.0,59.0,0.3012912030596972,10
B09BVPH8FX,QPNGRP Mens Waterproof Ski Snowboard Jacket Winter Windproof Snow Coat,QPNGRP Store,Jackets,https://m.media-amazon.com/images/I/41VXxBkR5PL.jpg,https://www.amazon.com/dp/B09BVPH8FX,qpngrp mens waterproof ski snowboard jacket winter windproof snow coat fit type skiing jacket offers a regular fit for menfeatures removable insulated storm hood and cuffs with hook loopexterior multi pockets 2 big zippered hand pockets 1 waterproof zippered chest pocketinterior pocket 1 zippered phone pocket on the leftapplication outdoor sports skiing snowboarding traveling cycling hiking mountaineering rock climbing hunting and camping etc,63.99,4.5,4605.0,5.0,0.29060912698412694,10
B0BBDTT6D4,KEFITEVD Men's Jacket Casual Windproof Bomber Jackets Full Zip Windbreaker Jackets Warm Winter Padded Coats Bomber Jackets,KEFITEVD Store,Windbreakers,https://m.media-amazon.com/images/I/31WSTqc+YKL.jpg,https://www.amazon.com/dp/B0BBDTT6D4,kefitevd men s jacket casual windproof bomber jackets full zip windbreaker jackets warm winter padded coats bomber jackets material polyester warm windproof water resistant and comfortable keep warm this quilted jacket is warm stylish and not bulky keeping you fashionable comfortable and warm in fall winter and spring its weight is between lightweight and heavyweight multi pockets 2 zipper hand pockets 1 zipper pocket and 2 pencil pockets on the left sleeve 1 interior pocket for safe storage of everyday essentials features rib knit collar cuffs and hem for a comfortable fit windproof design can prevent cold air from entering the interior of the jacket and minimize body heat loss note the zipper head is on the left not womens jacket occasion this men s jacket is a must have item in fall winter and spring wardrobes perfect for daily leisure life sports business work party golf outdoor etc,49.98,4.6,1038.0,13.0,0.370795138879798,10
B07PZ8M9H4,Amazon Essentials Men's Heavyweight Hooded Puffer Coat,Amazon Essentials Store,Down & Down Alternative,https://m.media-amazon.com/images/I/41rMvRMKADL.jpg,https://www.amazon.com/dp/B07PZ8M9H4,amazon essentials men s heavyweight hooded puffer coat relaxed fit comfortable relaxed fit water resistant polyester taffeta polyester plain weave shell fabric fully lined quilted and insulated cold weather styling stay warm in this versatile water resistant puffer jacket featuring a full length center front zipper and hood details fleece lined and insulated hood full length front zipper and storm flap with snap closures two front zippered hand pockets and interior knit sleeve cuffs we listen to customer feedback and fine tune every detail to ensure our clothes are more comfortable higher quality and longer lasting at affordable prices for the whole family,41.5432,4.6,5503.0,22.0,0.2953618253968254,10
B082F1D3Z6,Outdoor Ventures Men's Lightweight Packable Puffer Winter Jacket Insulated Puffy Coat for Snow Ski Hiking Travel,Outdoor Ventures Store,Down & Down Alternative,https://m.media-amazon.com/images/I/41K7oE87l8L.jpg,https://www.amazon.com/dp/B082F1D3Z6,outdoor ventures men s lightweight packable puffer winter jacket insulated puffy coat for snow ski hiking travel more comfortable outdoor ventures puffer jacket features high tech insulation to insulate cold air and retain warmth the elasticized cuffs and hem of the new version winter coat which can more effectively prevent wind from entering and make you warmer impeccable fit built to keep you protected in milder weather center front zipper has zipper garage at chin for next to skin comfort humanized design outdoor ventures men puffer jacket includes 2 outside zipper pockets and 1 zipper chest pocket it is great for storing money keys phone wallet passport etc providing great privacy and convenience for you packable design it is convenient to pack with a storage bag the storage bag comes with a drawstring and clip which will help you hook it and hang this winter coat on the backpack warm lightweight winter jacket outdoor ventures lightweight insulated jacket features water resistant fabric which will keep you dry in light rainy day this full zip jacket is versatile as a 3 season jacket in fall spring and winter multipurpose our outdoor apparel suitable for casual wear outdoor work traveling cycling hiking fishing camping a must for your wardrobe in spring autumn and winter,55.99,4.5,1159.0,5.0,0.3050792497485679,10
B01LXS51OS,LONDON FOG Men's Wool Blend Car Coat with Bib,LONDON FOG Store,Wool & Blends,https://m.media-amazon.com/images/I/417P5pfZdtL.jpg,https://www.amazon.com/dp/B01LXS51OS,london fog men s wool blend car coat with bib importedinner contrast color stand collar bib with knit top collarplaid upper body lininginsulated lining wool blend button front car coat with contrast color bib,119.97,4.6,355.0,79.0,0.42690901360544214,10
B09YPRWH1T,SCODI Men's Flannel Shirt Jacket Fleece Sherpa Lined Plaid Jackets Coat Full Zip Up Hoodie Winter Outwear,SCODI Store,Fashion Hoodies & Sweatshirts,https://m.media-amazon.com/images/I/616DVReV6wL.jpg,https://www.amazon.com/dp/B09YPRWH1T,scodi men s flannel shirt jacket fleece sherpa lined plaid jackets coat full zip up hoodie winter outwear high quality fabric this men s fleece jacket shell is made of polyester yarn dyed flannel fleece and lining is made of polyester sherpa lining including the sleeves the men flannel jacket soft and skin friendly warm and comfortable bring you warm enough in the cold winter dayswinter jacket men s hooded jacket full zipper design with two button front chest pockets and two side hand pockets which can provide enough safe space for your belongings men s sherpa lined jacket is great for daily wear and various outdoor activities such as lounging streetwear traveling mountaineering running sports activities and workouts etc the perfect birthday christmas gift for your father husband son boyfriend and yourselfversatile style classic men s flannel plaid jacket wearcomfort and fashion sense easy to pair with jeans joggers sweatpants or pants for a relaxed laid back look add depth and texture to your ensemble2024 new upgrade according to customers feedbacks the men flannel hoodie upgraded the zipper and stitching to make it more durable and added new styles to meet different aestheticsnotices 2 5 lb for xl size this men jacket anti pilling anti fading support machine washing please choose the size refer to our size chart,59.9925,4.3,968.0,914.0,0.20118796263279554,10
B0DGB7H1MB,Wrangler Men's Quilted Lined Jacket with Sherpa Hood,Wrangler Store,Outerwear,https://m.media-amazon.com/images/I/41bJQiYwCYL.jpg,https://www.amazon.com/dp/B0DGB7H1MB,wrangler men s quilted lined jacket with sherpa hood warm quilted lining brushed tricot for exceptional warmth and comfortsherpa lined hood extra cozy for those cold daysutility zip secured inside pockets convenient secure storage for all your essentialsmetal snap zip closure effortless on off for quick adjustmentsarticulated elbows superior mobility and added durability introducing the wrangler riggs workwear men s quilted lined jacket with sherpa hood where rugged durability meets unmatched comfort constructed from tough resilient cotton duck this jacket is designed to tackle the harshest conditions while keeping you warm and cozy the plush sherpa lined hood adds an extra layer of softness and warmth perfect for those chilly days with utility zip pockets for secure storage reinforced elbows for added durability and hidden inside pockets for your essentials this jacket is the ultimate blend of function and style gear up for anything life throws at you with a jacket that s as tough and ready as you are stay warm stay unstoppable,49.99,4.7,45.0,34.0,0.3665450396825397,10
B0CN2VVBV6,6 Pack Men's Quick Dry Long Sleeve Shirts Moisture Wicking Sun Protection Performance T-Shirt for Casual Workout,OYGSieg Store,T-Shirts,https://m.media-amazon.com/images/I/41mndBj-TDL.jpg,https://www.amazon.com/dp/B0CN2VVBV6,6 pack men s quick dry long sleeve shirts moisture wicking sun protection performance t shirt for casual workout quick dry breathable these active shirts feature quick dry and breathable technology wicking away moisture to keep you comfortable perfect fit and soft our mens long sleeve t shirts are made using a blend of 95 polyester 5 spandex strike the ideal balance between comfort and flexibility with a sweatshirt that is neither too loose nor too tight upf sun protection shield yourself from harmful uv rays during your outdoor runs the upf 50 sun protection feature ensures that you can focus on your run without worrying about sun damage comfortable design 4 way stretch fabric coupled with the flat seams and breathable fabric keep you comfortable all day versatile performance these shirts are not just for running you can use for various activities whether you re hiking camping surfing fishing working out golfing or engaging in any outdoor adventure this shirt ensures optimal performance,39.98,4.6,1562.0,11.0,0.0,0
B087G2XPB2,Workout Shirts for Men Short Sleeve Quick Dry Athletic Gym Active T Shirt Moisture Wicking,Brand: MCPORO,T-Shirts,https://m.media-amazon.com/images/I/41V7BBgWMpL.jpg,https://www.amazon.com/dp/B087G2XPB2,workout shirts for men short sleeve quick dry athletic gym active t shirt moisture wicking high performance activewear we combine soft breathable and stretchy fabric with a functional and modern design to bring you men s athletic wear t shirts that will give you the extra support you need to push your limits while playing or working outsoft comfortable our moisture wicking t shirts are made with comfort and functionality in mind this is why each shirt is made using 4 way stretch fabric that s gentle on the skin and flexes with your body to bring you mens athletic shirts you can comfortably wear all daybetter way to workout the moisture wicking short sleeve shirts provide you with the upper body support you need to push your limits while staying dry and cool great for most outdoor activities including sports hiking climbing biking cycling weight lifting and just for daily usequick drying moisture wicking thanks to the breathability of the fabric our men s workout shirts wick away moisture from the skin and dry quickly so you can stay dry around the clock making them the great choice for any men that want to enjoy comfortable workout sessionsstay ready all year we designed our workout shirts for men to offer protection against the sun enhanced breathability and just the right fit making them the great choice for use around the year in every season they can also be layered with other clothes to create eye catching combinations,29.9823,4.4,10820.0,10.0,0.2229215229215229,1
B0CT3HL8KK,"3 Pack Mens Athletic Sweatpants with Zipper Pockets,Workout Gym Joggers Pants for Men Running Jogging Pants",Brand: PARISDIARY,Sweatpants,https://m.media-amazon.com/images/I/41v2IZGnPfL.jpg,https://www.amazon.com/dp/B0CT3HL8KK,3 pack mens athletic sweatpants with zipper pockets workout gym joggers pants for men running jogging pants 87 polyester 13 spandeximportedzipper closuremachine wash,45.99,4.5,1830.0,9.0,0.33481990421586694,10
B07DRN7QQD,Real Essentials 5 Pack: Men’s Short Sleeve Dry Fit Active Crew Neck T Shirt - Athletic Running Gym Workout Tee Tops,Real Essentials Store,T-Shirts,https://m.media-amazon.com/images/I/411bJQ3f8DL.jpg,https://www.amazon.com/dp/B07DRN7QQD,real essentials 5 pack men s short sleeve dry fit active crew neck t shirt athletic running gym workout tee tops active crew t shirts elevate your workout gear with our pack of 5 men s athletic workout shirts these camisas para hombres provide the perfect blend of comfort and performance whether you re in the gym running on the track or just doing errands athletic style look and feel great in the gym with our pack of 5 active workout t shirts in solid colors perfect for layering or wearing alone these shirts will give you the confidence you need to excel your workouts and lead in the gym workout transformer say goodbye to sweaty t shirts with our quick drying dry fit fabric that wicks away moisture and keeps you cool and dry the breathable dry fit material easily cools heat and feels super soft on your skinworkout with free motion enjoy a non restrictive cut and 4 way stretch construction that allows for optimal range of motion so you can tackle any activity with ease our shirts also feature a tag free neckline for pure comfort traininggym staples for men add some style to your gym wardrobe with our stylish and vibrant men s athletic crewneck shirts designed with your comfort and performance in mind these shirts are a true classic that will never go out of style introducing the real essentials men s 5 pack dry fit shirts the perfect addition to your active wardrobe these versatile camisas para hombres triblend combine style comfort and performance to meet all your needs crafted with high quality materials these shirts offer exceptional durability and a comfortable fit whether you re hitting the gym or running errands these shirts keep you looking stylish and feeling great designed with a classic crew neck these shirts are perfect for any occasion wear them as standalone shirts or as a base layer for layering the lightweight and breathable fabric ensures you stay cool and dry even during intense workouts or hot summer days real essentials understands the importance of functionality which is why these shirts feature advanced dri fit technology the moisture wicking fabric pulls sweat away from your skin keeping you dry and comfortable throughout your activities with their short sleeves and athletic fit these shirts are ideal for workouts and sports whether you re running playing tennis or hitting the gym these shirts provide the flexibility and freedom of movement you need in addition to their performance features these shirts come in a pack of five offering great value for your money choose from a variety of colors including white black red and grey to suit your style upgrade your activewear with real essentials men s 5 pack dry fit shirts experience the perfect blend of style comfort and performance don t let sweat or discomfort hold you back choose real essentials and take your workouts to the next level,34.99,4.3,91800.0,33.0,0.084090909090909,1
B09H79QJSH,"G Gradual Men's Sweatpants with Zipper Pockets Tapered Joggers for Men Athletic Pants for Workout, Jogging, Running",G Gradual Store,Sweatpants,https://m.media-amazon.com/images/I/31pYQ38ZqfL.jpg,https://www.amazon.com/dp/B09H79QJSH,g gradual men s sweatpants with zipper pockets tapered joggers for men athletic pants for workout jogging running stretchy fabric comfortable soft and 4 way stretch fabric enhances the stretchability of sweatpants and increases the range of motion 3 zipper pockets zip pockets at sides and back for convenient and secure storage allows you can comfortably enjoy the exercise time adjustable elastic waistband elastic waistband and adjustable inner drawstring offer different people s custom fit stylish design the tapered leg design with enough length makes you look slim and athletic open tapered leg allows pants to rest comfortably over shoes versatile multi sweatpants g gradual athletic sports sweatpants are perfect for workout running jogging cycling walking and lounging at home,29.9925,4.5,9633.0,4.0,0.31811024531024523,10
B08P1NVJDW,"G Gradual Men's Sweatpants with Zipper Pockets Athletic Pants Traning Track Pants Joggers for Men Soccer, Running, Workout",G Gradual Store,Track Pants,https://m.media-amazon.com/images/I/41r9vCy5dDL.jpg,https://www.amazon.com/dp/B08P1NVJDW,g gradual men s sweatpants with zipper pockets athletic pants traning track pants joggers for men soccer running workout the pants are made of 87 polyester and 13 spandex smooth and stretchy material keep comfortable wear experience elastic waistband and adjustable inner drawstring offer different people s custom fit side deep pockets and back pocket are all designed with zipper to ensure put phone cards safe when moving tapered trouser legs and stretchy ankle cuffs keep length suitable for doing exercise these men s pants are perfect for gym soccer running jogging workout athletic track traning and others sports,29.99,4.5,8813.0,1.0,0.2773052749129955,10
B0785VV446,Under Armour Men's Tech 2.0 Short-Sleeve T-Shirt,Under Armour Store,T-Shirts,https://m.media-amazon.com/images/I/41EY+l+H+JS.jpg,https://www.amazon.com/dp/B0785VV446,under armour men s tech 2 0 short sleeve t shirt ua tech fabric is quick drying ultra soft has a more natural feelmaterial wicks sweat dries really fastanti odor technology is a superlative innovation which helps prevents odornew streamlined fit shaped hemunder armour s mission is to make all athletes better through passion design and the relentless pursuit of innovation ua tech fabric is quick drying ultra soft has a more natural feel material wicks sweat dries really fast new streamlined fit shaped hem ua tech is our original go to training gear loose light and it keeps you cool that s why this men s training t shirt is everything you need loose fuller cut for complete comfort tall sizes all tall sizes are 2 5 cm longer than regular sizes sleeve lengths are adjusted proportionately depending on silhouette stretchy anti odor fabric is built to last,16.5334,4.5,23949.0,8.0,0.33271117216117213,10
B09KWY2C3W,Real Essentials 3 Pack: Men's Mesh Athletic Gym Workout Lounge Open Bottom Sweatpants with Pockets (Available in Big & Tall),Real Essentials Store,Sweatpants,https://m.media-amazon.com/images/I/413Qu-cCf4L.jpg,https://www.amazon.com/dp/B09KWY2C3W,real essentials 3 pack men s mesh athletic gym workout lounge open bottom sweatpants with pockets available in big tall our men s mesh athletic sweatpants outshine the competition with their innovative open bottom design ensuring unbeatable comfort and style during workouts sports or casual lounging say goodbye to restrictive pants elevate your lifestyle elevate your workouts and lounging experience with these sweatpants featuring quick dry technology and ample pockets for your essentials these pants are perfect for gym sessions soccer practice or simply relaxing in ultimate comfort feature packed performance real essentials sweatpants are loaded with features like a convenient drawstring versatile for various waist sizes making them perfect for track running training and all your active endeavors endless options get more bang for your buck with our multi pack options enjoy multiple pairs of these versatile pants in different colors to suit your mood occasion or style real essentials knows how to stretch your dollar further real essentials commitment to the family at real essentials we re dedicated to providing affordable high quality clothing options for hardworking families when you choose our men s mesh athletic sweatpants you re not just getting great pants you re supporting our mission to make comfort and style accessible to everyone join the real essentials family today,34.99,4.1,6441.0,10.0,0.2057753941462975,10
B07815BYTV,Under Armour Men's Tech 2.0 V-Neck Short-Sleeve T-Shirt,Under Armour Store,T-Shirts,https://m.media-amazon.com/images/I/31PFEUyMdSL.jpg,https://www.amazon.com/dp/B07815BYTV,under armour men s tech 2 0 v neck short sleeve t shirt ua tech fabric is quick drying ultra soft has a more natural feel material wicks sweat dries really fast anti odor technology prevents the growth of odor causing microbes new streamlined fit shaped hem ua tech fabric is quick drying ultra soft has a more natural feel material wicks sweat dries really fast new streamlined fit shaped hem stretchy anti odor fabric is built to last,16.9332,4.4,2012.0,1.0,0.34381764069264065,10
B01GH5KNR6,Under Armour Men's Tech Golf Polo,Under Armour Store,Polos,https://m.media-amazon.com/images/I/31HqGRfa0EL.jpg,https://www.amazon.com/dp/B01GH5KNR6,under armour men s tech golf polo textured fabric that s soft light breathable material wicks sweat dries really fast anti odor technology prevents the growth of odor causing microbes ua tech is our original go to training gear under armour men s tech polos are loose light and keep you cool basically they re built to be everything you need textured fabric that s soft light breathable material wicks sweat dries really fast 3 button placket self fabric collar loose fuller cut for complete comfort 100 polyester,18.8053,4.7,61179.0,1.0,0.0,0
B09CD5QCJJ,LBL Leading the Better Life Men's Sweat Suit 2 Piece Outfit Casual Contrast Sports Jogging Tracksuits Set,LBL Leading the Better Life Store,Active Tracksuits,https://m.media-amazon.com/images/I/51OqJKzZh4L.jpg,https://www.amazon.com/dp/B09CD5QCJJ,lbl leading the better life men s sweat suit 2 piece outfit casual contrast sports jogging tracksuits set high quality material lightweight comfortable quality polyester material with stylish design fits for spring autumn winter active wear sweat suit jacket 2 zipper pockets and warmth sealing ribbed cuffs and hem jogger sweatpants jogger pants elastic drawstring waist 2 side slant pockets side contrast color stripe decoration ankle banded pants occasion this track suits for men set is great for gym workout training camping jogging traveling fishing hiking sports club or wearing at home great gift men s sweatsuits 2 piece sets are good gift choice for your husband father son boyfriend and friends,43.99,4.1,1965.0,17.0,0.3682035713888889,10
B0B728NH19,5 Pack Men’s Active Quick Dry Crew Neck T Shirts | Athletic Running Gym Workout Short Sleeve Tee Tops Bulk,Liberty Imports Store,T-Shirts,https://m.media-amazon.com/images/I/41JVvrGZunL.jpg,https://www.amazon.com/dp/B0B728NH19,5 pack men s active quick dry crew neck t shirts athletic running gym workout short sleeve tee tops bulk athletic crewneck shirts elevate your workout gear with our pack of 5 premium men s athletic crewneck shirts these shirts provide the perfect blend of comfort and performance whether you re pumping iron hitting the track or just running errands active style look and feel great in the gym with our set of 5 premium athletic crewneck t shirts in solid colors perfect for layering or wearing solo these shirts will give you the confidence you need to crush your workouts and stand out in the gym game changer say goodbye to sweaty uncomfortable shirts with our quick drying fabric that wicks away moisture and keeps you cool and dry the breathable material easily dissipates heat and feels ultra soft on the skin move with ease enjoy a non restrictive cut and 4 way stretch construction that allows for optimal range of motion so you can tackle any activity with ease our shirts also feature a tag free neckline for distraction free training men s gym staples add some flair to your gym wardrobe with our stylish and vibrant athletic crewneck shirts designed with your comfort and performance in mind these shirts are a true classic that will never go out of style,39.9533,4.6,46920.0,14.0,0.0,0
B00JUM4CT4,Hanes Men's EcoSmart Fleece Full-Zip Hoodie Sweatshirt,Hanes Store,Active Hoodies,https://m.media-amazon.com/images/I/41cNLmDJB-L.jpg,https://www.amazon.com/dp/B00JUM4CT4,hanes men s ecosmart fleece full zip hoodie sweatshirt fleece to feel good about this hanes ecosmart zip up hoodie is made with cotton sourced from american farms classic zip front silhouette hooded sweatshirt with full zip front featuring a drawstring hood and front pockets unisex sizing this zip up hoodie is designed with a standard men s fit that also creates an effortless oversized look for women female model is 5 8 and wearing a size medium made to stay soft made with thick sturdy fleece for extra warmth design details double needle stitching at the neck and armhole seams for quality and sturdiness plus a dyed to match drawstring at the hood ribbed cuffs and hem big tall options this men s sweatshirt is available in big men s sizing so you can always find your perfect fit hanes ecosmart fleece is your new go to wardrobe staple soft and plush this cozy zip up fleece hoodie is made of a midweight cotton poly fleece blend that features cotton sourced from american farms the fleece in this classic zip front hooded jacket is incredibly soft thick and made to keep its warm cozy feel and it will hold its shape thanks to ribbed cuffs and hem double needle stitching at the neck and armhole seams further enhances quality and sturdiness in classic hoodie style there s a split kangaroo pocket and a dyed to match drawstring at the hood,13.3544,4.5,79336.0,1.0,0.1261773504273504,10
B01L8JJ5KC,"Hanes Men's EcoSmart Fleece, Pullover Crewneck Sweatshirt, 1 or 2 Pack",Hanes Store,Men,https://m.media-amazon.com/images/I/31-HqsUNhCL.jpg,https://www.amazon.com/dp/B01L8JJ5KC,hanes men s ecosmart fleece pullover crewneck sweatshirt 1 or 2 pack fleece to feel good about this men s pullover sweatshirt is made with cotton sourced from american farms stays soft thick sturdy fleece keeps this crewneck sweatshirt warm and cozy unisex sizing this sweatshirt is designed with a standard men s fit that also creates an effortless oversized look for women female model is 5 8 and wearing a size medium made to last double needle stitching at the neck and armholes adds extra quality and sturdiness to this men s sweatshirt classic silhouette basic crewneck sweatshirt shaping for that versatile look you love big tall options this pullover sweatshirt is available in big men s sizing up to 3xl so you can find your perfect fit hanes ecosmart men s fleece sweatshirt is sure to become your new go to wardrobe staple soft and plush this cozy pullover sweatshirt is made from a midweight blend featuring cotton sourced from american farms a classic crewneck style this pullover is sturdy and made to keep its plush comfort for a long time the fleece design is built to hold its shape thanks to a ribbed crewneck cuffs and hem double needle stitching at the neck and armholes further enhance the quality and sturdiness pair this hanes crewneck sweatshirt with everything from jeans to sweats for a laid back look,11.9933,4.6,9013.0,8.0,0.15344126937876937,10
B01M2ZRGN4,Under Armour Men's Sportstyle Tricot Joggers,Under Armour Store,Track Pants,https://m.media-amazon.com/images/I/31VaWwCBgCL.jpg,https://www.amazon.com/dp/B01M2ZRGN4,under armour men s sportstyle tricot joggers durable knit fabric with a smooth face a soft inner to trap warmth material wicks sweat dries really fast ribbed waistband with external drawcord back left pocket hand pockets with right side internal phone pocket tapered leg ribbed cuffs faux fly durable knit fabric with a smooth face a soft inner to trap warmth material wicks sweat dries really fast ribbed waistband with external drawcord back left pocket hand pockets with right side internal phone pocket tapered leg ribbed cuffs faux fly inseam 30 tall 32,52.7412,4.6,15566.0,8.0,0.36716409747659745,10
B07HDLPVLH,"Hanes Men's Ecosmart Jogger Sweatpants, Men's Midweight Fleece Lounge Pants, 30.5",Hanes Store,Sweatpants,https://m.media-amazon.com/images/I/41sgtanXb2L.jpg,https://www.amazon.com/dp/B07HDLPVLH,hanes men s ecosmart jogger sweatpants men s midweight fleece lounge pants 30 5 fashion to feel good about hanes ecosmart mid weight year round fleece sweats are made with cotton sourced from american farms soft plush and sturdy thick fleece men s activewear stays warm and cozy so they can be a longtime favorite relaxed silhouette for warming up cooling down or kicking back these men s joggers have a relaxed fit convenient pockets side seam pockets and single back pocket hold essentials comfort at the waist functional drawcord adjusts for a custom comfortable fit quality fabric hanes ecosmart fleece sweatpants with pockets are made with a quality cotton polyester blend just right men s joggers let you take leisure seriously while staying versatile hanes ecosmart mid weight year round fleece sweats are made with cotton sourced from american farms so you can feel good about your choice thick fleece is made with a quality cotton polyester blend that stays warm and cozy so jogger pants can be a longtime favorite whether you re kicking back or warming up for game day these comfortable sweatpants for men have a relaxed athletic fit that gets the job done side seam pockets and single back pocket hold essentials freeing up your hands throw these men s sweatpants in the washer on laundry day for easy care use cold water wash to reduce energy use love this men s activewear grab one in every color to maximize your style options,14.0536,4.4,40158.0,6.0,0.2664445187165775,10
B01L9H7IS4,"Hanes Sport Xtemp Workout Pockets, Men's Training Pants",Hanes Store,Track Pants,https://m.media-amazon.com/images/I/317YMetULBL.jpg,https://www.amazon.com/dp/B01L9H7IS4,hanes sport xtemp workout pockets men s training pants hanes sport performance style comfort hanes sport apparel builds on our comfort heritage with innovative technologies to give you the looks that fit your life your sport and your style stay cool xtemp technology is engineered to adapt to your activity level and body temperature keeping you cooler and drier all day moisture wicking pants cool comfort fabric wicks sweat away to help you stay cooler fast drying this men s activewear features cool dri technology that dries fabric faster so you stay more comfortable all in the details an elastic waistband with built in quick cord adjusts and secures the fit of these training pants that feature a 32 inseam side seam pockets and an open bottom hem quality fabric these men s training workout pants are made from 100 polyester you put in the sweat let hanes do the rest hanes sport men s activewear is designed to keep you fresher no matter how long the workout x temp performance training pants are engineered to adapt to your body temperature and activity level keeping you comfortable cool comfort fabric wicks away sweat while cool dri technology speeds drying an elastic waistband and built in quick cord adjust for the perfect fit the result you can focus on your training without the distraction of uncomfortable clothing featuring an open bottom hem and convenient side pockets to stash your stuff these pants are ready to work or not just as hard as you are,15.9045,4.3,19146.0,12.0,0.22910487772608984,10
B00JUM2V8I,Hanes Men's EcoSmart Fleece Hoodie Sweatshirt,Hanes Store,Active Sweatshirts,https://m.media-amazon.com/images/I/31Nj6jpe5pL.jpg,https://www.amazon.com/dp/B00JUM2V8I,hanes men s ecosmart fleece hoodie sweatshirt fleece to feel good about hanes ecosmart men s hoodie is made with cotton sourced from american farms hooded design classic fleece hoodie styling featuring a dyed to match drawstring for the perfect fit unisex sizing this hooded sweatshirt is designed with a standard men s fit that also creates an effortless oversized look for women female model is 5 8 and wearing a size medium comfy cozy midweight fleece keeps you warm without the bulk kangaroo pocket this men s sweatshirt features a front kangaroo pocket to keep hands warm and hold small everyday essentials made to last comfortable design with double needle stitching at the neck and armholes for added sturdiness sporty ribbed cuffs and hem hold their shape when you re shopping for your next fleece hooded sweatshirt why not choose one that you can feel good about buying while feeling good wearing hanes ecosmart fleece is your new go to wardrobe staple soft and plush this cozy hoodie is made of mid weight cotton poly fleece with up to 5 of the poly fibers the fleece in this classic hoodie is pill resistant super soft and made to keep its plush feel for a long time and it will hold its shape thanks to ribbed cuffs and hem double needle stitching at the neck and armhole seams further enhance quality and durability in classic hoodie style there s also a front kangaroo pocket here s a soft warm fleece hooded sweatshirt to wear well and with pride,12.4643,4.5,155236.0,1.0,0.22117870225013078,3
B08LTC498Q,"Ultra Performance 3 Pack Fleece Active Tech Joggers for Men, Mens Sweatpants with Zipper Pockets",Ultra Performance Store,Sweatpants,https://m.media-amazon.com/images/I/41QzgZv9DDL.jpg,https://www.amazon.com/dp/B08LTC498Q,ultra performance 3 pack fleece active tech joggers for men mens sweatpants with zipper pockets men s joggers if you are looking for high quality men s joggers sweatpants for men then look no further we re proud to offer durable mens jogger pants the perfect gifts for men mens joggers material high quality fleece mens athletic pants make for the ideal mens workout pants jogger pants for men styles with zipper pocket our activewear tech fleece joggers for men come in 3 styles black sweatpants 3 pack color block 3 pack black heather grey charcoal grey sweatpants 3 pack all feature a high tech heat sealed oversized zipper pocket men s jogger sizes fleece mens sweatpants with pockets sizes small medium large x large 2x 3x 4x and 5x satisfaction guaranteed based on the confidence in quality our mens jogger sweatpants 3 pack is protected by worry free support customer satisfaction is our top priority joggers for men are a staple in every wardrobe these dayjoggers for men are a staple in every wardrobe these days mens joggers with pockets come in a variety of different styles that can fit just about any occasion whether you re going out for an errand heading to the airport or having an informal dinner there is a style of mens joggers pants just right for you we re proud to offer durable workout pants for men our mens sweatpants joggers come in 3 styles solid color mens sweats with rubber side zipper color block fleece jogging pants men with rubber size zipper solid color joggers for men 3 pack with colored rubber side zipper pack of 3 mens joggers sweatpants sizes are small medium large x large 2x 3x 4x and 5x s mens joggers with pockets come in a variety of different styles that can fit just about any occasion whether you re going out for an errand heading to the airport or having an informal dinner there is a style of mens joggers pants just right for you we re proud to offer durable workout pants for men our mens sweatpants joggers come in 3 styles solid color mens sweats with rubber side zipper color block fleece jogging pants men with rubber size zipper solid color joggers for men 3 pack with colored rubber side zipper pack of 3 mens joggers sweatpants sizes are small medium large x large 2x 3x 4x and 5x,34.9942,4.0,8737.0,18.0,0.2941618104118104,10
B07NWY7XK9,Real Essentials 4 Pack: Men's Dry-Fit UV Moisture Wicking UPF 50+ SPF Sun Protective Fishing Hiking Active Long Sleeve Shirt,Real Essentials Store,T-Shirts,https://m.media-amazon.com/images/I/41kFee2DaJL.jpg,https://www.amazon.com/dp/B07NWY7XK9,real essentials 4 pack men s dry fit uv moisture wicking upf 50 spf sun protective fishing hiking active long sleeve shirt moisture wicking quick dry performance stay cool and comfortable with our men s athletic shirts designed with moisture wicking and quick dry fabric these long sleeve tees are ideal for intense workouts whether at the gym running or hiking available in black white blue and orange perfect for both casual and activewear the cool dry fit technology keeps you feeling fresh in all conditions multi pack essentials for every occasion stock up with our convenient multi pack of dry fit t shirts for men from gym to construction work these camisas para hombres and camisetas hombre are perfect for everyday wear offering a lightweight and breathable fit choose from a variety of styles including rash guard compression shirts and thermal options for colder months ideal as winter sweatshirts or fall clothes spf upf sun protection enjoy superior sun protection with our quick dry and compression t shirts featuring spf uv and upf 50 ratings these work shirts are perfect for construction fishing golf and other outdoor activities available in hi vis orange for enhanced visibility during work or running these manga larga tees are built for performance and protection versatile all season wear from fall to winter these long sleeve t shirts are perfect for layering or wearing solo crafted from breathable polyester they provide warmth during cooler months while still being lightweight enough for summer activities great for casual wear construction or as an undershirt these essential shirts offer durability and comfort throughout the year durable stylish everyday wear built to last our good fellow playeras combine style and function ideal for work gym or leisure these drifit shirts feature a comfortable fit and are available in classic black red white and more whether you re on a construction site hitting the gym or going for a run these adult tees offer reliable moisture wicking and quick dry features to keep you at your best men s athletic shirts stay cool comfortable and protected whether you re hitting the gym going for a run or working on a construction site our men s athletic shirts are designed to keep you cool comfortable and protected made from premium polyester and cotton blends these moisture wicking and quick dry tees ensure you stay dry even during the most intense activities the lightweight fabric offers excellent breathability making these shirts perfect for workouts casual wear or outdoor activities perfect for every season available in various styles like long sleeve tees compression shirts and rash guards these shirts are designed for year round comfort in cooler months our thermal options keep you warm while the breathable fabric is perfect for warmer days whether you re looking for casual fall clothes or something more durable for winter our shirts offer the versatility you need available in popular colors like black blue white red and hi vis orange they easily match your style and activity sun protection performance with built in spf uv and upf 50 sun protection our quick dry t shirts shield you from harmful rays making them ideal for fishing golf or any other outdoor activities multi pack value for convenience get more with our multi pack options offering several shirts in one convenient purchase perfect for work gym or casual wear these camisetas hombre are ideal for everyday use choose from a variety of styles and colors to match your needs from long sleeves for cooler days to short sleeve tees for workouts and hiking durable versatile built to last these good fellow shirts are designed with durability and style in mind whether you re wearing them for work or as an undershirt these dry fit shirts provide the perfect combination of function and fashion with sizes available for all body types including big and tall you ll find the perfect fit for any occasion,34.993,4.4,53960.0,64.0,0.0,0
B077XM54L9,Under Armour Men's Sportstyle Left Chest Short Sleeve T-Shirt,Under Armour Store,T-Shirts,https://m.media-amazon.com/images/I/41IUvcyRM3L.jpg,https://www.amazon.com/dp/B077XM54L9,under armour men s sportstyle left chest short sleeve t shirt super soft cotton blend fabric provides all day comfortribbed collarloose fuller cut for complete comfortsoft on skin the men s short sleeve tee is crafted using super soft comfortable fabric that is kind to skin and offers relief all day long everyone makes graphic ts but under armour makes them better the fabric we use is light soft and quick drying super soft cotton blend fabric provides all day comfort ribbed collar loose fuller cut for complete comfort 60 cotton 40 polyester,16.9932,4.6,1583.0,5.0,0.3870912698746031,10
B06XCQSPKL,"Hanes, EcoSmart Fleece Sweats for Men, Open Bottom Sweatpants, 30.5""",Hanes Store,Sweatpants,https://m.media-amazon.com/images/I/31pgRA4vD7L.jpg,https://www.amazon.com/dp/B06XCQSPKL,hanes ecosmart fleece sweats for men open bottom sweatpants 30 5 fleece for the future ecosmart mid weight year round cotton poly fleece with up to 5 of the poly fibers relaxed silhouette for warming up cooling down or kicking back these sweats have a relaxed fit with a straight leg and an open hem soft plush and made to stay that way pill resistant durable fleece stays warm and cozy handy pockets side seam pockets hold essentials ease at the waist an inside drawstring assures the fit you want at the waist tag free and itch free tagless design means no annoying tag to itch or bunch up have you heard of wearing your heart on your sleeve well now you can wear your values on your legs with hanes ecosmart fleece sweatpants these are plush fleece sweats you can feel good about buying and feel good about wearing hanes ecosmart fleece is your new go to wardrobe staple soft and plush these drawstring waist fleece joggers are made of mid weight cotton poly fleece with up to 5 of the poly fibers the medium weight fleece in these classic men s sweats is pill resistant super soft and made to keep its plush feel for a long time the inside drawstring at the waist makes adjusting the fit a breeze the relaxed fit is enhanced by straight legs with an open hem and there are side seam pockets for your essentials,15.0017,4.3,57216.0,1.0,0.0,0
B09XH244ZF,adidas Men's Sportswear Basic 3-stripes Tricot Track Suit,adidas Store,Active Tracksuits,https://m.media-amazon.com/images/I/31msm7E-bIL.jpg,https://www.amazon.com/dp/B09XH244ZF,adidas men s sportswear basic 3 stripes tricot track suit men s track suit for iconic styleregular fit not tight and not loose the perfect in between fittimeless sport style full zip with stand up collar for a classic track jacket lookeasy storage side pockets hold small itemsmade with recycled materials made with 100 recycled materials this product represents just one of our solutions to help end plastic waste nothing says effortlessly put together like a track suit this men s set is perfect for showing off your style in ease whether you re meeting up with friends or going for a stroll a drawcord waist lets you customize the fit to match your style and comfort needs signature 3 stripes show off your adidas pride,45.324,4.6,1942.0,1.0,0.4629994172494173,10
B07H5QPL1R,5 Pack Men's Active Quick Dry Fit Shorts - Athletic Running Gym Workout Casual Shorts with Pockets Bulk,Real Essentials Store,Active Shorts,https://m.media-amazon.com/images/I/41neMCljdfL.jpg,https://www.amazon.com/dp/B07H5QPL1R,5 pack men s active quick dry fit shorts athletic running gym workout casual shorts with pockets bulk comfort mobility for every activity these men s athletic shorts are designed with a 9 inch inseam offering full range of motion and flexibility made from stretchy breathable fabric they provide comfort during running weightlifting or casual activities perfect for active individuals looking for versatile shorts for all types of physical activities moisture wicking technology experience all day comfort with the moisture wicking properties of these dry fit shorts whether you re hitting the gym or jogging outdoors these mens shorts athletic help keep sweat away from your body allowing you to stay dry and comfortable through the most intense workouts stay fresh and focused with every move unmatched performance and adaptability crafted from lightweight quick drying material these gym shorts men are made to withstand the toughest workouts the breathable fabric promotes airflow ensuring comfort and durability ideal for running training or any high energy sport they offer maximum flexibility to move freely and support your active lifestyle timeless style meets everyday comfort timeless style these workout and basketball shorts men come in sleek colors like black white and navy offering a stylish and functional design their versatile look allows you to wear them both on and off the court making them suitable for any workout shorts men or mens shorts casual outing pair them with your favorite athletic wear for a perfect combination of style and performance effortless care for long lasting wear our men s athletic shorts are easy to care for machine washable and retain their shape and color after multiple washes made from durable high quality materials they re built to last keeping you fresh and ready for any activity without the hassle real essentials makes maintaining your gym shorts simple real essentials men s performance athletic shorts lightweight quick drying and versatile activewear 5 pack the real essentials men s performance athletic shorts 5 pack are designed for active lifestyles offering the perfect mix of comfort durability and performance made from a high quality polyester and spandex blend these lightweight athletic shorts are breathable quick drying and ideal for mens basketball shorts gym workouts outdoor activities and sports whether you re running errands lounging or at the gym these athletic shorts for men provide comfort and flexibility each pair features two deep side pockets for securely storing your phone keys or wallet on the go the elastic waistband and adjustable drawstring of the athletic mens shorts offer a customizable secure fit ensuring the shorts stay in place during any activity the ideal length allows full mobility for high intensity workouts running or casual wear available in versatile colors like black white navy blue and gray this 5 pack of mens athletic shorts is perfect for mixing and matching with your favorite activewear for men at real essentials we offer premium activewear that combines style comfort and functionality at an affordable price these performance shorts are a must have addition to your wardrobe key features crafted with a durable blend of polyester and spandex for lightweight breathable and quick drying athletic shorts deep side pockets for secure storage of essentials like phones and wallets elastic waistband with adjustable drawstring for a custom fit that stays in place versatile for gym workouts sports casual wear or lounging comes in a 5 pack of shorts with classic color options for easy styling machine washable activewear for easy care and durability upgrade your activewear collection with the real essentials mens shorts enjoy the perfect blend of style comfort and performance for all your active lifestyle needs,28.4721,4.3,70848.0,21.0,0.0,0
B096QFTC9Q,"Mens Sweatpants with Zipper Pockets Open Bottom Athletic Pants for Workout,Running,Training,Jogging,Gym",SACUIMAN Store,Sweatpants,https://m.media-amazon.com/images/I/41sJg271ieL.jpg,https://www.amazon.com/dp/B096QFTC9Q,mens sweatpants with zipper pockets open bottom athletic pants for workout running training jogging gym warm tips the sweatpants are loose fit before placing an order please measure your dimension according to the size chart to be clear whether the size and dimension of the product meets your needs this will help you avoid unnecessary hassles and ensure you have a g o o d shopping experiencezipper pockets deep zippered pockets on both sides can be used to store your phone wallet keys cards etc to prevent losing your belongings while exercising and runningquick dry sweatpants are made of 100 polyester lightweight fabric to keep you cool and comfortable during your workouts and sports machine washable for easy careadjustable drawstring and elastic waistband the external drawstring and elastic waistband fit your waist perfectly allowing you to exercise with peace of mind loose fit relaxed fit allows for easy movement and comfortversatile style suitable for outdoor activities basketball soccer tennis training fitness and bodybuilding jogging running cycling hiking and so on also a good choice for indoor home casual and loungewear,37.9924,4.3,3269.0,65.0,0.30649296536190473,10
B0CSJ76HVN,5 Pack Mesh Workout Shirts for Men Dry Fit Gym Shirts Quick Dry Athletic Short Sleeve T-Shirt Moisture Wicking,Brand: Kinglaman,T-Shirts,https://m.media-amazon.com/images/I/41Hfwg3fdaL.jpg,https://www.amazon.com/dp/B0CSJ76HVN,5 pack mesh workout shirts for men dry fit gym shirts quick dry athletic short sleeve t shirt moisture wicking unbeatable value 5 6 pack workout shirts for men are the only deal on amazon pay less and get more moisture wicking dry fit t shirts with quick drying properties to help you get rid of the sweat during exercise and keep dry all the time athletic tees design active t shirts for men with crew neck and short sleeve will make your excercise more comfortable using 4 way stretch fabric that s gentle on the skin and flexes with your body high performance activewear our sport tshirt is practical whether at home or in the gym perfect for hiking fitness cycling training tennis running training outdoor work etc tagless and easy clean our breathable top don t have sewn tags so the tags won t wear your skin during training they are machine washable,19.999,4.4,504.0,27.0,0.0,0
B0874V8THD,Under Armour Men's HeatGear Compression Long-Sleeve T-Shirt,Under Armour Store,Shirts,https://m.media-amazon.com/images/I/31mfMfV80LL.jpg,https://www.amazon.com/dp/B0874V8THD,under armour men s heatgear compression long sleeve t shirt super light heatgear fabric delivers superior coverage without weighing you downmesh underarm back panels for strategic ventilationmaterial wicks sweat dries really fastergonomic design keeps seams off high abrasion areas increases durabilityhybrid raglan sleeve construction for added range of motion comfortwrite in locker tag on back of neck for your initials or number super light heatgear fabric delivers superior coverage without weighing you down mesh underarm back panels for strategic ventilation ergonomic design keeps seams off high abrasion areas increases durability hybrid raglan sleeve construction for added range of motion comfort compression ultra tight second skin fit body 84 polyester 16 elastane mesh 92 polyester 8 elastane,26.6224,4.6,18341.0,1.0,0.0,0
B00H383N8I,"Jerzees Men's Dri-Power Cotton Blend Long Sleeve Tees, Moisture Wicking, Odor Protection, UPF 30+, Sizes S-3x",Jerzees Store,T-Shirts,https://m.media-amazon.com/images/I/41LcykUAWqS.jpg,https://www.amazon.com/dp/B00H383N8I,jerzees men s dri power cotton blend long sleeve tees moisture wicking odor protection upf 30 sizes s 3x crew neck long sleeve t shirt in heavyweight jersey with lay flat collarcrew neck long sleeve t shirt with lay flat collarlay flat collar for added comfortclassic fit the jerzees long sleeve t shirt is made with dri power technology that wicks away moisture to keep you cool and dry throughout your day we also included a rib collar and cuffs for added durability and a lay flat collar for comfort if you are looking for a versatile shirt that you can wear throughout the transitioning seasons then look no further,10.74,4.5,62276.0,4.0,0.21583944135574568,10
B07PNRZFKQ,Under Armour Men's Woven Vital Pants,Under Armour Store,Track Pants,https://m.media-amazon.com/images/I/313-PE2DhIL.jpg,https://www.amazon.com/dp/B07PNRZFKQ,under armour men s woven vital pants smooth ripstop woven fabric is lightweight extremely durablewind resistant materials construction shield you from the elementsmesh lining delivers superior breathability comfortencased elastic waistband with internal drawcordopen hand pockets7 ankle zips for easy on off even over cleats smooth ripstop woven fabric is lightweight extremely durable wind resistant materials construction shield you from the elements mesh lining delivers superior breathability comfort encased elastic waistband with internal drawcord open hand pockets 7 ankle zips for easy on off even over cleats inseam 31 75,32.192,4.3,15186.0,4.0,0.3156795634920635,10
B08JTWR1S3,Men's Athletic Shorts with Pockets and Elastic Waistband Quick Dry Activewear Workout Shorts for Men,Profectors Store,Active Shorts,https://m.media-amazon.com/images/I/41DCw5ZsQwL.jpg,https://www.amazon.com/dp/B08JTWR1S3,men s athletic shorts with pockets and elastic waistband quick dry activewear workout shorts for men soft breathable the men s loose fit shorts are made with soft breathable lightweight fabrics that strike a balance of comfort and stretch for ultimate comfort quick drying moisture wicking the men s basketball shorts are made of moisture wicking fabric that wicks moisture away from the skin while quick drying make sure you stay cool and dry throughout the day elastic waistband internal drawcord thanks to the elastic waistband coupled with adjustable internal drawstring our men s athletic shorts stay comfortably in place whether running or training without sliding up or down deep pockets on both sides our workout shorts are designed with pockets on both sides that provide the perfect fit for your wallet smartphones keys and more all your small eseentials 10 inch inseam whether you re going for a run or working out at the gym our mens fitness shorts have you covered they are suitable for all your sports and workout activities including gym cycling running basketball football tennis weightlifting and more,33.9823,4.5,5525.0,67.0,0.0,0
B01H7HOS6U,"Champion Men's Joggers, Powerblend, Fleece Joggers, Comfortable Sweatpants for Men (Reg. or Big & Tall)",Champion Store,Sweatpants,https://m.media-amazon.com/images/I/31Rct8lhzQL.jpg,https://www.amazon.com/dp/B01H7HOS6U,champion men s joggers powerblend fleece joggers comfortable sweatpants for men reg or big tall the fit standard fit men s joggers have a 31 inseam elastic waistband with an adjustable drawcord ensures a fit that feels good the feel made with a midweight 9 oz fleece that s brushed on the interior for comfort the look classic men s jogger silhouette gets you from workout to weekend with versatility side pockets keep essentials close low pill low shrink high quality fleece fabrication designed to reduce pilling and shrinkage spot the c iconic c logo hits at the hip of these men s sweatpants the powerblend collection a powerhouse fabric blend that s made for the daily with a stay true fit and comfort that never quits champion men s joggers powerblend fleece joggers comfortable sweatpants for men reg or big tall,29.9533,4.6,44266.0,14.0,0.2746377465460798,10
B073R217LC,"Champion Men's Joggers, Lightweight Lounge Pants, Jersey Graphic Pants for Men, 31""",Champion Store,Sweatpants,https://m.media-amazon.com/images/I/31I-T9t-KtL.jpg,https://www.amazon.com/dp/B073R217LC,champion men s joggers lightweight lounge pants jersey graphic pants for men 31 the fit standard fit men s lounge joggers with a 31 inseam the feel these lightweight pants are made from soft 6 1 oz cotton or a cotton blend that is perfect for everyday wear added comfort lounge pants with an internal drawcord for adjustability and comfort pockets two deep side pockets hold lightweight tech spot the c these men s joggers feature the iconic c logo at the hip note c logo patch color may vary from image champion men s joggers lightweight lounge pants jersey graphic pants for men 31,18.8146,4.4,46320.0,21.0,0.314486074771789,10
B08MLNXBCB,adidas Men's Essentials 3-Stripes Tricot Jogger Pants,adidas Store,Track Pants,https://m.media-amazon.com/images/I/31LQExPPcpL.jpg,https://www.amazon.com/dp/B08MLNXBCB,adidas men s essentials 3 stripes tricot jogger pants men s track pants with a tapered cutregular tapered fit is not tight and not loose with a close fit on the legsdrawcord on elastic waist lets you customize your fitfront pockets for storage cuffed hems for a snug feelthis product is made with primegreen a series of high performance recycled materials they re called warm up pants for a reason the perfect layer to get your mind and muscles ready these adidas track pants are made from classic sport tricot for a smooth look and feel the drawcord elastic waist and cuffed hems help them stay in place take them off once you re in the zone and pull them right back on when it s time to head out the sleek style isn t limited to your workout though 3 stripes are all about versatility,29.97,4.6,6065.0,5.0,0.4340731120731121,10
B01DOLE1QA,"Hanes Essentials Sweatpants, Men’s Cotton Jersey Pants with Pockets, 33”",Hanes Store,Sweatpants,https://m.media-amazon.com/images/I/31h7c45FzaL.jpg,https://www.amazon.com/dp/B01DOLE1QA,hanes essentials sweatpants men s cotton jersey pants with pockets 33 open bottom styling men s activewear features a 33 inseam and classic open bottom hem hanes quality these comfortable sweatpants for men are bolstered by sturdy details such as double needle stitching at leg openings pocket it store the essentials in handy side seam pockets the details men s lounge pants feature a covered elastic waistband with interior quick drawcord loop cotton goodness made from 100 ring spun cotton hanes jersey pants are soft and cozy light steel and charcoal heather are cotton polyester blend home grown cotton used in this product is sustainably grown on u s farms heat up or chill out with hanes essentials sweatpants that transition from work out to loungewear mainstay crafted from 100 ring spun cotton these open bottom men s sweats boast the softness that can only come from natural fibers details like robust double needle stitching at the leg openings covered elastic waistband with interior drawcord and convenient side seam pockets make these men s joggers a versatile rotation favorite top with your favorite hanes tee or sweatshirt for a look that works at the gym running errands or just relaxing with friends and here s the best part these men s sweatpants with pockets are made from cotton sustainably grown on u s farms,11.3343,4.2,29397.0,2.0,0.21624358044733044,10
B01M0DR0HO,"Gildan Adult Fleece Open Bottom Sweatpants with Pockets, Style G18300",Gildan Store,Sweatpants,https://m.media-amazon.com/images/I/31GdDm3yaAL.jpg,https://www.amazon.com/dp/B01M0DR0HO,gildan adult fleece open bottom sweatpants with pockets style g18300 classic fit with seamless sides for easier printabilitybrushed interior provides superior cozy softnessjersey lined pocketsdifferential rise for better fitslightly tapered leg with open bottomtear away label for customizable comfort with slightly tapered legs a differential rise for a better fit and covered elastic waistband with drawcord the gildan adult fleece open bottom sweatpants with pockets is the ultimate loungewear style featuring a non pilling surface that s great for decorating it delivers a soft comfort that you re sure to love,10.9915,4.3,27644.0,8.0,0.2317310555801268,10
B09ZD9WFGM,PURE CHAMP Mens 3 Pack Fleece Active Athletic Workout Jogger Sweatpants for Men with Zipper Pocket and Drawstring Size S-3XL,PURE CHAMP Store,Sweatpants,https://m.media-amazon.com/images/I/41VXfLyPjvL.jpg,https://www.amazon.com/dp/B09ZD9WFGM,pure champ mens 3 pack fleece active athletic workout jogger sweatpants for men with zipper pocket and drawstring size s 3xl versatile activewear whether you re looking for a comfortable pair of mens pants that will withstand your intense jogging routine or you simply want to add a modern touch to your casual look the pure champ mens lounge pants are exactly what you need premium super soft fabric these mens sweatpants are made using finest quality fabric blends with 60 cotton and 40 polyester being easy to wash and designed to withstand the test of time without discoloration or shrinking modern and casual colors our mens jogger pants come in a variety of attractive color choices being easy to mix and match with your favorite t shirt and sneakers each pack includes 3 pairs of sweatpants choose from black heather gray charcoal black navy charcoal black heather olive black natural olive black black black zipper pockets unlike similar products on the market our gym pants men feature 3 individual pockets one on the back and 2 front zippered ideal for storing your wallet keys smartphone or other essentialslightweight comfortable featuring a durable ribbed elastic waistband and jogger style bottom cuffs functional drawstring with silver tips for a finished touch 4 way stretch with super soft and skin friendly fleece touch these mens sweats are incredibly lightweight allowing the skin to breathe yet keeping you warmmulti purpose fleece joggers perfect for all outdoor activities like training basketball football soccer jogging track cycling climbing hiking training gym practice bodybuilding weightlifting performance or any other type of sports activities as well as casual and loungewear,39.99,4.2,15868.0,20.0,0.2521095406786196,10
B08ML4W3X1,adidas Men's Essentials Warm-Up Open Hem 3-Stripes Tracksuit Pants,adidas Store,Track Pants,https://m.media-amazon.com/images/I/31N9oCmdA0L.jpg,https://www.amazon.com/dp/B08ML4W3X1,adidas men s essentials warm up open hem 3 stripes tracksuit pants men s adidas track pants with front pocketsregular fit is not tight and not loose the perfect in between fitdrawcord on elastic waist lets you customize your fitfront pockets for storagethis product is made with primegreen a series of high performance recycled materials adidas mens essentials warm up open hem 3 stripes tracksuit pants,23.0049,4.5,9493.0,3.0,0.24959154774065487,10
B08HPT1516,Nike Club Men's Training Joggers,Brand: Nike,Sweatpants,https://m.media-amazon.com/images/I/31gobnsF9vL.jpg,https://www.amazon.com/dp/B08HPT1516,nike club men s training joggers premium brushed back fleece feels soft warm and comfortable elastic waistband with drawcord offers a snug fit elastic jogger cuffs keep the comfort close and let you show off your sneakers item width 12 00 inches classic and comfortable the nike sportswear club fleece pants combine classic style with the soft comfort of fleece soft comfort brushed back fleece fabric feels soft and smooth secure fit elastic waistband with an adjustable drawcord lets you personalize the fit ribbing at the cuffs lets you show off your kicks product details standard fit for a relaxed easy feel 80 81 cotton 19 20 polyester material percentages may vary check label for actual content machine wash imported,43.6612,4.4,271.0,22.0,0.468248334998335,10
B0B59KV3WS,4-7 Pack Long Sleeve Shirts for Men Quick Dry Moisture Wicking Mens Long Sleeve Tee Shirts Workout T Shirts,MLYENX Store,T-Shirts,https://m.media-amazon.com/images/I/41zxl6xHHkL.jpg,https://www.amazon.com/dp/B0B59KV3WS,4 7 pack long sleeve shirts for men quick dry moisture wicking mens long sleeve tee shirts workout t shirts breathable comfort crafted from premium moisture wicking fabric these long sleeve shirts for men offer excellent moisture wicking performance great for keeping cool and dry during workouts hiking or outdoor activitiessun protection these sun protection shirts for men provide upf 50 protection against harmful uv rays perfect for fishing running or beach trips ensures your skin stays safe in the sunquick dry easy care designed as quick dry shirts for men these long sleeve t shirt men options are easy to care for machine washable and resistant to shrinking dries quickly and maintains shape after each washgreat value combining comfort and durability these athletic shirts for men are versatile enough to be worn as work shirts workout shirts or casual mens long sleeve tee shirts a great addition to any wardrobeversatile use suitable for a wide range of activities wear these long sleeve cooling shirts for men at the gym work outdoor hiking or fishing available in various colors to match your style,35.9933,4.6,3830.0,98.0,0.3949024216524216,10
B091MKD517,adidas Men's Entrada 22 Shorts,adidas Store,Active Shorts,https://m.media-amazon.com/images/I/31mehgN-RfL.jpg,https://www.amazon.com/dp/B091MKD517,adidas men s entrada 22 shorts men s soccer shorts made in part with recycled materialsregular fit strikes a comfortable balance between loose and snugfeel dry stay dry adidas aeroready manages your body s moisture to keep you dry and in the zone these adidas shorts for men have an unfussy classic soccer design moisture absorbing aeroready keeps you dry and comfortable while a drawcord waist gives them an adjustable fit,13.0028,4.3,1281.0,46.0,0.26770238095238097,10
B08PYH5PCC,MEN'S NIKE THERMA PULLOVER HOODIE,Brand: Nike,Active Hoodies,https://m.media-amazon.com/images/I/31ELlt2FIiL.jpg,https://www.amazon.com/dp/B08PYH5PCC,men s nike therma pullover hoodie nike therma fabric helps manage your bodys natural heat to keep you warm and performance high when temperatures are lowdri fit technology wicks sweat for faster evaporation to keep you dry and comfortabledurable hoodiestylish hoodie cold weather coverage the nike therma men s training pullover hoodie features soft insulating fibers and an adjustable hood for warm coverage this product is made with at least 50 recycled polyester fibers,58.1922,4.6,140.0,14.0,0.41067063492063494,10
B077XQ3L5L,Under Armour Men's Tech 2.0 Long-Sleeve T-Shirt,Under Armour Store,Active Shirts & Tees,https://m.media-amazon.com/images/I/31+oP4ZxrtL.jpg,https://www.amazon.com/dp/B077XQ3L5L,under armour men s tech 2 0 long sleeve t shirt ua tech fabric is quick drying ultra soft has a more natural feelmaterial wicks sweat dries really fastsuperlative innovationnew streamlined fit shaped hemunder armour s mission is to make all athletes better through passion design and the relentless pursuit of innovationunder armour ua tech is our original go to training gear loose light and it keeps you cool that means this long sleeve training shirt does everything you need it to ua tech fabric is quick drying ultra soft has a more natural feel material wicks sweat dries really fast new streamlined fit shaped hem loose fuller cut for complete comfort 100 polyester,30.0,4.5,8117.0,143.0,0.3165486111111111,10
B000U62IYK,"Russell Athletic Men's Dri Power Fleece Open Bottom Sweatpants with Pockets, Relaxed Fit, Moisture Wicking",Russell Athletic Store,Sweatpants,https://m.media-amazon.com/images/I/41ph8Fh1jVL.jpg,https://www.amazon.com/dp/B000U62IYK,russell athletic men s dri power fleece open bottom sweatpants with pockets relaxed fit moisture wicking relaxed fit roomy design for unlimited movement and ultimate comfortmedium weight 9 oz fleece keeps in body heat so you can stay warmdri power technology wicks sweat away keeping you warm and dryelastic waistband with inside quick cord and generous side pocketsinseams s 30 m 31 l 32 xl 33 xxl 34 3xl 35 4xl 36 stay warm all season with these sweatpants made with medium weight fleece featuring dri power moisture wicking technology to keep body heat in so you can stay warm and dry elastic waistband with inside quick cord for an adjustable fit relaxed open bottom and generous pockets to carry your accessories with you on the go inseams s 30 m 31 l 32 xl 33 xxl 34 3xl 35 4xl 36,20.99,4.3,24407.0,12.0,0.24879493432078328,10
B07YHG62J6,THE GYM PEOPLE Mens' Fleece Joggers Pants with Deep Pockets in Loose-fit Style,THE GYM PEOPLE Store,Sweatpants,https://m.media-amazon.com/images/I/31gQvxOQL2L.jpg,https://www.amazon.com/dp/B07YHG62J6,the gym people mens fleece joggers pants with deep pockets in loose fit style high class material our men s lounge jogger made of premium fleece machine wash provides you a soft and comfortable feel in a stylish fit with the season changing you can choose the plus fleece type or without fleece pockets adjustable draw cord design feature with open side deep pockets offer convenient storage the elastic waistband of joggers sweatpants can perfect suit your waist which makes you can do the exercises without anxietyperfect style the lounge jogging pants have tapered sweatpants with a ribbed elastic waistband and an adjustable drawstring promise a comfortable secure fit to have a perfect feeling while doing your training athletic fit for maximum comfort multi occasion this lounge sweatpants for men is perfect both for various outdoor activities like basketball training football training tennis morning and night jogging cycling climbing etc please check the size chart last image before ordering please note color may vary slightly from image and don t worry about size problem you can through online returns center exchange it if the men s sweatpants size don t fit,26.9931,4.4,7452.0,27.0,0.2561065441677569,10
B09FCBZ4YK,"Hanes Men's Underwear Boxer Briefs, Cotton Stretch Moisture-Wicking Underwear, Multi-pack",Hanes Store,Boxer Briefs,https://m.media-amazon.com/images/I/319M680aDGL.jpg,https://www.amazon.com/dp/B09FCBZ4YK,hanes men s underwear boxer briefs cotton stretch moisture wicking underwear multi pack america s 1 men s underwear brand source circana consumer tracking service u s sales underwear bottoms and undershirts 12 months ending november 2023comfort you deserve a comfort flex waistband helps your men s underwear boxer briefs flex and move with you while a no ride up design stays firmly in place throughout the daystretch cotton fabric our men s boxer briefs are made from soft cotton with enough stretch for garments to move with you comfortably breathable moisture wicking cool comfort technology helps wick moisture to keep you cool and comfortable all day long tagless too because who has time for scratchy tags value you expect each men s underwear pack includes six black boxer briefs with different waistband colors branded with our signature logo this men s boxer briefs multipack is made from soft and breathable stretch cotton that moves with you thanks to our cool comfort fabric our experts designed them with a comfort flex waistband that flexes and moves with you each pair of boxer brief underwear has a no ride up design so they ll stay put no matter what your day holds plus you can throw them right in the washer when they need a quick refresh and our favorite feature part of all these men s black boxer brief underwear sets have different waistband colors and also come in multiple size options from small to extended sizes like 3xl so you can choose the one that works best for you,26.0,4.7,12359.0,2.0,0.446047619047619,10
B00PWP0JFO,"Hanes Men's Boxer Briefs, Soft and Breathable Cotton Underwear with ComfortFlex Waistband, Multipack",Hanes Store,Boxer Briefs,https://m.media-amazon.com/images/I/41J4rSRM13L.jpg,https://www.amazon.com/dp/B00PWP0JFO,hanes men s boxer briefs soft and breathable cotton underwear with comfortflex waistband multipack america s 1 men s underwear brand source circana consumer tracking service u s sales underwear bottoms and undershirts 12 months ending november 2023cottony soft our men s boxer briefs are made from cotton or a cotton rich blend depending on the color that s soft and moves with you breathable moisture wicking cool comfort technology helps wick moisture to keep you cool and dry all day long comfort you deserve a comfort flex waistband now adjusts to fit you no ride up construction means your underwear should stay firmly in place tagless too because who has time for scratchy tags big tall options available in sizes up to 3xl so you can be sure to find your perfect fit if you re looking for comfort and performance in stretch boxer briefs look to hanes ultimate comfort flex fit boxer briefs the remarkable comfort starts with the specially designed lightweight pouch that gives you the support of a brief in a sleek fitted boxer brief silhouette this sexy underwear is knit from cool comfort fabric that wicks away moisture to keep you cool and dry all day these stretch cotton modal boxer briefs are also made with hanes s freshiq advanced odor protection technology that removes odor for all day freshness and here s even more comfort the comfort flex stretch waistband moves with you and keeps its shape wash after wash without pinching or binding no ride up leg bands are designed to stay smoothly in place and there s a traditional open fly these moisture wicking stretch boxer briefs are available in a convenient 4 pack of assorted solid colors for effortless stocking up,17.5,4.5,160603.0,1.0,0.3703452881152461,10
B077ZG222Z,"Gildan Mens Underwear Boxer Briefs, Multipack",Gildan Store,Boxer Briefs,https://m.media-amazon.com/images/I/41ZK0ubqeVL.jpg,https://www.amazon.com/dp/B077ZG222Z,gildan mens underwear boxer briefs multipack soft breathable ring spun cottonplus tag free waistbandcontour pouch with vertical fly for superior fitmoisture wicking technology keeps you cool and dry6 regular length inseam,16.99,4.6,124511.0,7.0,0.38565592903828194,4
B00CAXQYMS,"Hanes Men's Underwear Boxer Briefs Pack, Cotton ComfortSoft Boxer Brief for Men, Moisture-Wicking Breathable, Multipack",Hanes Store,Boxer Briefs,https://m.media-amazon.com/images/I/31pCUu5bz2L.jpg,https://www.amazon.com/dp/B00CAXQYMS,hanes men s underwear boxer briefs pack cotton comfortsoft boxer brief for men moisture wicking breathable multipack america s 1 men s underwear brand source circana consumer tracking service u s sales underwear bottoms and undershirts 12 months ending november 2023cottony soft our men s boxer briefs are made from cotton or a cotton rich blend depending on the color that s soft and moves with you fabric covered waistband a soft against the skin comfortsoft waistband is designed to eliminate pinching stay cool cool comfort moisture wicking technology helps wick moisture in boxer briefs for men that keep you cool and comfortable all day long no ride up fit leg bands are designed to stay put in this comfortable men s underwear no more scratchy tags say goodbye to irritating tags with a tagless interior that is smooth against the skin hanes men s tag less no ride up boxer briefs with comfort soft waistband,18.0,4.6,36065.0,8.0,0.34651839826839825,10
B00VTV5XU6,"Fruit of the Loom Men's Cotton Briefs, Tag Free & Moisture Wicking, Assorted Color Multipacks",Fruit of the Loom Store,Briefs,https://m.media-amazon.com/images/I/41Mh8jG81XL.jpg,https://www.amazon.com/dp/B00VTV5XU6,fruit of the loom men s cotton briefs tag free moisture wicking assorted color multipacks 6 pack mid rise style and comfortactual prints and colors may varynaturally soft and durable cottonplush backed waistbandfunctional support shaped fly these fruit of the loom men s fashion briefs are a modern update to a timeless classic the underwear provides support and comfort with a mid rise fit they are designed with a tag free plush backed waistband that is soft against the skin to keep you comfortable the comfortable full cut provides pinch free leg openings with secured support it is designed to help prevent distracting adjustments throughout the day each pair wicks away moisture so you can stay cool and dry,11.2036,4.6,76151.0,1.0,0.35639893836322406,10
B08CZZZB1N,"Fruit of the Loom Men's Coolzone Boxer Briefs, Moisture Wicking & Breathable, Assorted Color Multipacks",Fruit of the Loom Store,Boxer Briefs,https://m.media-amazon.com/images/I/31JyS6kSyWL.jpg,https://www.amazon.com/dp/B08CZZZB1N,fruit of the loom men s coolzone boxer briefs moisture wicking breathable assorted color multipacks breathable mesh fly provides ventilation where you need itconsumer tested expertly designedlegs don t ride upmoisture wickingsupport shaped fly the fruit of the loom cotton boxer briefs are better than ever we ve added eversoft fabric that provides premium softness wash after wash this collection of black and grey coolzone men s boxer briefs are designed with a mesh fly that provides ventilation and support right where you need it most with legs that don t ride up and strategically placed breathable mesh our coolzone boxer briefs will keep you cool and comfortable all day each pair is carefully crafted and includes moisture wicking benefits designed to help keep you dry and fresh,24.74,4.6,231192.0,3.0,0.25970183982683986,10
B082DLPZTR,Levi's Mens Boxer Briefs Breathable Stretch Underwear 4 Pack,Levi's Store,Boxer Briefs,https://m.media-amazon.com/images/I/517GTqjFq3L.jpg,https://www.amazon.com/dp/B082DLPZTR,levi s mens boxer briefs breathable stretch underwear 4 pack men s underwear pack 4 pack of big and tall boxers for men with no fly double layer pouch available in small medium large x large 2x sizes designed for comfortability these boxer briefs are made for you mens boxer ultimate comfort made from 95 cotton and 5 spandex these mens briefs are tagless and breathable with the ultimate comfort a lightweight 4 way stretch supports your every move boxer brief for men feature moisture wicking quick drying design moves sweat away from your body which will keep you cool and dry perfect for working out family activities and daily wear underwear men superior design these men boxers feature an elastic waistband for added flex men s boxer briefs also feature a no ride inseam you will not have to deal with uncomfortable bunching boxer for men pack gift men underwear trunks multipack great gift for your husband dad son grandpa and yourselves wear one color pants a day keeps refreshing everyday mens underwear mens boxers mens boxer briefs men boxer men boxer brief mens boxer brief underwear men boxer underwear mens boxer brief underwear mens boxer underwear underwear for men mens underwear boxer briefs men boxer briefs 3 pack men boxer briefs 4 pack men boxer briefs multi pack men brief boxer briefs big and tall boxer briefs long boxer briefs short boxer briefs white boxer briefs black boxer briefs blue boxer briefs grey boxer briefs navy boxer briefs with fly boxer briefs with no fly men underwear cotton men underwear mens underwear breathable underwear for men breathable boxer briefs breathable boxers for men mens underwear small mens underwear mens underwear large mens underwear extra large mens underwear xl mens underwear 1x best underwear for men underwear men pack pack of mens underwear packs of mens boxers boxer brief pack of underwear wicking underwear men mens moisture wicking underwear moisture wicking underwear for men boxers boxer briefs boxer brief underwear boxers for men boxer brief for men boxer briefs men quick dry underwear for men cotton underwear for men mens quick dry underwear mens comfortable boxers mens comfortable boxer briefs comfort boxer brief boxer brief comfort mens stretch boxers mens stretch boxer brief stretch mens briefs mens stretch underwear performance mens underwear performance mens boxer brief underwear mens performance boxer briefs performance stretch boxer briefs performance boxer brief underwear performance underwear for menperformance technology underwear performance technology mens boxerscool fit mens underwear cooling underwear for men cooling boxers cooling boxer briefs cooling boxers for men compression underwear for men compression mens underwear compression boxers compression boxer briefs mens compression underwear mens compression boxers mens underwear cool fit men cool fit underwear levis underwear levis mens underwear levis boxer briefs levis boxers levis mens boxers levis underwear,18.99,4.3,18794.0,34.0,0.24203839680268252,10
B0B34WQ6L2,POLO RALPH LAUREN Men's Athletic Performance Cotton Crew Socks - 6 Pair Pack - Moisture Wicking Mesh,POLO RALPH LAUREN Store,Crew Socks,https://m.media-amazon.com/images/I/41oBv9QMObL.jpg,https://www.amazon.com/dp/B0B34WQ6L2,polo ralph lauren men s athletic performance cotton crew socks 6 pair pack moisture wicking mesh delight in careful craftsmanship found in the perfect pair of socks from polo ralph laurensignature embroidered details exemplify class and sophisticationclassic performance and style effortlessly elevate your athletic and casual essentialscustomize your look with authentic style from the golf course to the clubhousegive gifts for him that will leave an impression with socks made to stand the test of time discover timeless style and comfortable fit in every pair of socks from polo ralph lauren take on the court or field in ultimate comfort when you wear these men s high performance cotton crew socks each pair in this six pack features a comfortable rib knit a finish for odor free freshness a reinforced toe and heel and is embroidered with the signature polo pony for a subtle nod to sophistication a selection of neutral colors makes them easy to style premium socks are the ideal gift for any occasion birthday graduation christmas or father s day explore the world of polo ralph lauren and find superior quality in each pair of ultra soft socks that your son or husband will truly appreciate for years to come,28.989,4.6,4334.0,6.0,0.2957891929499072,10
B09PF7NPPZ,Champion Men's Every Day Comfort Stretch Cotton Boxer Briefs,Champion Store,Boxer Briefs,https://m.media-amazon.com/images/I/3111URmpYhL.jpg,https://www.amazon.com/dp/B09PF7NPPZ,champion men s every day comfort stretch cotton boxer briefs five times the fun boxer briefs for men pack includes 5 pairs of black men s cotton boxer briefs with contrasting branded waistbands stretch support boxer brief underwear is made from a blend of polyester and spandex for just the right stretch and light compressive support say no to ride ups a stay put fit featuring hemmed legs means you won t worry about annoying ride ups when you re wearing these comfortable boxer briefs classic champion show your champion pride these boxer briefs feature a repeating script logo on contrasting waistbands mesh pouch mesh pouch provides advanced support where you need it the most cold water wash champion recommends machine washing this product in cold water to help reduce energy usage champion stretch cotton boxer briefs are your all day every day comfort solution made to move when you do this men s underwear is constructed from a super soft cotton blend,36.99,4.6,12701.0,23.0,0.0,1
B07JDGJ4P2,"Gildan Men's Underwear Covered Waistband Boxer Briefs, Multipack",Gildan Store,Boxer Briefs,https://m.media-amazon.com/images/I/31stwrOQDlL.jpg,https://www.amazon.com/dp/B07JDGJ4P2,gildan men s underwear covered waistband boxer briefs multipack moisture wicking keeps you cool and drynon binding plush waistbandlow profile leg bands for stay in place comfortfriction free seams colors may vary gildan mens underwear covered waistband boxer briefs multipack,17.5,4.4,66198.0,13.0,0.2794875095328791,10
B00IO9H6QU,Hanes Men's Double Tough Ankle Socks,Hanes Store,Athletic Socks,https://m.media-amazon.com/images/I/31LKlKuaaTL.jpg,https://www.amazon.com/dp/B00IO9H6QU,hanes men s double tough ankle socks extra durable our socks are made to be durable but these socks are made to be double tough during testing these socks are able to withstand more than twice the number of rubs than our regular socks making them extra resistant to holes keep your cool cool comfort fabric wicks away moisture so your feet stay cool and dry all day fresh all day fresh iq advanced odor protection technology that removes the odor on workout days or any days to help fight stinky feetsmooth seams comfort toe seams are our smoothest seams yeteasy care throw your new socks right in the washing machine on laundry day wash on cold and save fabric content may vary slightly hanes men s double tough ankle socks pack a powerful punch with double tough durability and a cushioned foot bottom of the sock for all day comfort wicking cool comfort fabric helps keep your feet cool and dry our freshiq advanced odor protection will help fight those stinky feet spandex is knit into the sock to help provide a better fit and our comfort toe seam provides additional comfort,11.8321,4.5,27339.0,40.0,0.26750220456825397,10
B07XJ6M8GT,"Amazon Essentials Mens Underwear Boxer Briefs, Comfortable Cotton, Tag-Free, Pack of 5",Amazon Essentials Store,Boxer Briefs,https://m.media-amazon.com/images/I/51me2TQVZ0L.jpg,https://www.amazon.com/dp/B07XJ6M8GT,amazon essentials mens underwear boxer briefs comfortable cotton tag free pack of 5 soft cotton for comfort enjoy the softness of men s boxer briefs in lightweight ribbed cotton these breathable underwear for men provide stretch for all day wearabilityslim fit design these cotton boxer briefs for men offer a slim fit through the hip thigh and leg opening sitting below the waist they provide a sleek silhouette and comfortable fittag free everyday wear these tag free boxer briefs offer easy going daily wear without any irritationsecure and supportive fit the men s boxer briefs are designed with a contour pouch with fly flap and soft elastic waistquality you can count on trust in the reliability of these men s underwear boxer brief options by amazon essentials these boxer briefs are crafted with soft lightweight 100 cotton offering breathable and stretchable wear for all day comfort designed to sit below the waist they gently hug through the hip thigh and leg opening providing a secure yet relaxed feel offering both style and practicality these men s boxer briefs provide support thanks to the contour pouch with fly flap reinforced with soft elastic around the waist they offer a snug fit while flexible stitching on the leg opening allows for easy movement,18.0,4.4,30000.0,12.0,0.3305604673104673,10
B077SVB38N,5Mayi Mens Underwear Boxer Briefs Cotton Men's Boxer Briefs Underwear Men Pack,5Mayi Store,Boxer Briefs,https://m.media-amazon.com/images/I/31VVpFk0vmL.jpg,https://www.amazon.com/dp/B077SVB38N,5mayi mens underwear boxer briefs cotton men s boxer briefs underwear men pack standard size this mens underwear is made in standard american size s 30 32 m 33 35 l 36 38 xl 39 41 xxl 42 44 3xl 49 51 4xl 52 54 5xl 55 58 quality and package there are black underwear men pack of 5 in a frosting zip bag which is convenient to reserve underwear for mencomfortable men s underwear made from natural cotton mens underwear men pack comfortable to wear all day long clothing and feel fresh all day3d pouch designer underwear 3d pouch with open fly underwear for men with body defining fit double stitched for durability lightweight underwear durable waistband 1 35 inch wide waistband midway men s boxer briefs comfor to human body and support well tagless design underpants for men without annoying labels on the back print instead tagless boxer briefs for men is no discomfort or scratchy feeling,26.9913,4.4,31905.0,19.0,0.2317039944182801,10
B07QZZ1LSG,"New Balance Men's 6"" Premium Performance Boxer Brief with Fly Front (3 Pack)",New Balance Store,Boxer Briefs,https://m.media-amazon.com/images/I/41q7xtryi2L.jpg,https://www.amazon.com/dp/B07QZZ1LSG,new balance men s 6 premium performance boxer brief with fly front 3 pack 90 polyester 10 spandex imported what s included 3 6 performance boxer brief with fly front underwear the sizes are available in small 28 30 medium 32 34 large 36 38 x large 40 42 xx large 44 46 3x large 48 50 4x large 52 54 and 5x large 56 58 the boxers come in a variety of colors and patterns optimal comfort crafted from a blend of 90 polyester and 10 spandex these boxer briefs offer exceptional softness breathability and a tagless design ensuring the ultimate comfort experience while keeping you cool and dry throughout the day premium design these boxer briefs features a jacquard elastic waistband that enhances flexibility and ensures a comfortable fit around your waist these briefs also feature a no ride inseam and tagless labels preventing any uncomfortable bunching in this lightweight fabric remarkable durability these boxer briefs are remarkably durable and exhibit strong resistance to fading from washing and drying care instructions you can safely use your washer and dryer for these boxer briefs machine wash them in cold water with similar colors use non chlorine bleach only when necessary opt for a low tumble dry setting and avoid ironing,18.98,4.6,80054.0,11.0,0.3238432824485456,10
B0D6NJP2H4,"Hanes Men's Moves Performance Boxer Brief, Total Support Pouch, Regular, Trunk, and Long Leg, 3-Pack",Hanes Store,Boxer Briefs,https://m.media-amazon.com/images/I/31Z-etWk64L.jpg,https://www.amazon.com/dp/B0D6NJP2H4,hanes men s moves performance boxer brief total support pouch regular trunk and long leg 3 pack 8 inseam perfect for when you re dialing up the intensity of your workout you ll get all the support of a traditional boxer brief plus a longer leg that helps prevent rubbing and chafing total support pouch breathable mesh panels in total support pouch men s underwear separate and support for anti chafing comfort that lasts anti chafe cooling zones targeted mesh and anti chafe cooling zones enhance ventilation and help reduce chafing stay cool feel fresh breathable lightweight moisture wicking fabric dries fast and wicks sweat away while x temp technology is designed to adapt to the body temperature odor guard technology keeps you feeling fresh stay comfortable exceptionally soft 4 way stretch fabric delivers increased flexibility and an advanced no ride up fit design details these men s boxer briefs feature a logo waistband tag free interior and a quick dry cooling pouch hanes moves total support pouch men s boxer briefs are sweat wicking and stretchy enough for the active days and comfortable enough for the kick back and rest days featuring breathable mesh panels the hanes total support pouch separates and supports ensuring all day anti chafing comfort targeted mesh and cooling zones enhance ventilation built with x temp technology these men s boxer briefs are designed to adapt to your temperature while moisture wicking fabric and a quick dry pouch lift sweat away flexibility is key and this high 4 way stretch fabric teams up with advanced no ride up legs to help you perform your best without feeling restricted a real game changer this boxer brief underwear for men is available in a convenient 3 pack featuring logo waistbands hanes moves ready for anything,17.981,4.4,484.0,31.0,0.4264265872587301,10
B0D2JCJRFT,Handcraft Mens Underwear Funny Gifts for Men Chucky Cookie Monster Rick and Morty Scooby Doo Tom and Jerry Boxers for Men,Brand: Handcraft,Boxer Briefs,https://m.media-amazon.com/images/I/512wA5jrD-L.jpg,https://www.amazon.com/dp/B0D2JCJRFT,handcraft mens underwear funny gifts for men chucky cookie monster rick and morty scooby doo tom and jerry boxers for men fun and comfortable set this set includes a pair of boxer briefs printed all over with spongebob and friends plus a pair of striped crew socks featuring gary the snail soft and stretchy fabric crafted from a cozy polyester and spandex blend the boxer briefs and socks hug the body with four way stretch for all day comfort wide size range available in sizes small through extra large to fit most men s waist sizes comfortably perfect gift for spongebob fans any spongebob enthusiast is sure to love showing off their favorite bikini bottom characters around the house or dorm in this fun underwear and socks set machine washable set for easy care both the boxer briefs and socks can be tossed in the washing machine and tumble dried,16.99,4.7,101.0,1149.0,0.4335728785103785,10
B00G99WZJU,"Hanes Men's Tagless Boxer Underwear, Exposed Waistband, Multi-packs Available",Hanes Store,Boxers,https://m.media-amazon.com/images/I/51O0hnGDQoL.jpg,https://www.amazon.com/dp/B00G99WZJU,hanes men s tagless boxer underwear exposed waistband multi packs available quality fabric our solid men s boxers are made from 55 cotton and 45 polyester that s soft and moves with youvalue you expect each men s underwear value pack includes 6 pairs of boxers for men in assorted colors and patternsbreathable moisture wicking cool comfort technology helps wick away moisture to keep you cool and dry all day longcomfort you deserve a no gap fly and comfort flex waistband keep your boxer underwear from pinching and bindingtagless too because who has time for scratchy tags size options from men s underwear sizes small 3xl our multiple boxer underwear options make shopping simple hanes men s 5 pack red label comfort flex woven boxer,22.99,4.6,109379.0,3.0,0.35516296296296296,10
B07KQVKMPP,"Gildan Men's Underwear Boxers, Multipack",Gildan Store,Boxers,https://m.media-amazon.com/images/I/51MyOGefUyL.jpg,https://www.amazon.com/dp/B07KQVKMPP,gildan men s underwear boxers multipack soft breathable cottonwoven elastic waistband with flap fly for ultimate comfortlays flat under pantsmoisture wicking technology keeps you cool and drytag free to prevent irritationconvenient flap fly gildan woven boxers are the ultimate in comfort crafted with breathable cotton and moisture wicking technology to keep you cool and dry from day to night perfect for lounging or every day wear these will soon be your new favorite if they re not already,19.99,4.5,55974.0,6.0,0.28055654612272257,10
B09KMB7QB4,"Dickies 5 Pack Mens Boxer Briefs With Pouch, Moisture Wicking Performance Underwear For Men",Dickies Store,Boxer Briefs,https://m.media-amazon.com/images/I/415wI1mHboL.jpg,https://www.amazon.com/dp/B09KMB7QB4,dickies 5 pack mens boxer briefs with pouch moisture wicking performance underwear for men men s boxer briefs with pouch 5 pack dickies workwear valuable pack of 5 mid thigh boxer briefs for men is made to support your lifestyle while keeping you covered and protected all day long design features dickies anti chafing underwear men have been designed with an elastic waistband that sits perfectly on the waist and flat stitches that prevent ride ups its pouch design allows for keeping everything in its place providing comfort throughout the day 95 poly 5 spandex these mens boxers are designed with breathable soft and flexible fabrics that provide comfort for everyday wear and prevent any chafing rubbing or sweating one style for everyday our underwear packs include 5 different color options for you to pick according to your mood or vibe for the day you ll get a pack with an assortment of colors perfect to match with your everyday activities easy washing cares these not too long boxer briefs for men have been designed with effortless to care fabrics wash without worries each piece is machine washable friendly mix with similar colors and use gentle laundry detergents,14.995,3.8,1168.0,132.0,0.2899759615761905,10
B0BV8JC4SS,True Religion Mens Boxer Briefs Cotton Stretch Underwear for Men Pack of 4,True Religion Store,Boxer Briefs,https://m.media-amazon.com/images/I/51sMvIxqaaL.jpg,https://www.amazon.com/dp/B0BV8JC4SS,true religion mens boxer briefs cotton stretch underwear for men pack of 4 unparalleled comfort crafted from a premium blend of cotton and stretch fabric these boxer briefs for men pack of 4 deliver an incredibly soft and smooth feel against your skin enjoy all day comfort whether you re at work hitting the gym or simply lounging around breathable and fresh stay cool and fresh in these underwear for men pack of 4 throughout the day with true religion s advanced breathable design the cotton fabric allows for excellent airflow keeping you dry and comfortable in any situation engineered support these men s boxer briefs are built for support and flexibility the contoured pouch provides excellent support for your most important assets while the stretch fabric ensures a snug yet unrestricted fit stylish versatility true religion understands that style matters even in your most intimate wear these men s underwear features a sleek and modern design blending seamlessly with your wardrobe feel confident and fashionable even underneath your clothes easy care we know your time is valuable which is why these mens underwear boxer briefs are designed for hassle free maintenance they are machine washable and durable maintaining their shape and softness wash after wash quality and convenience go hand in hand,23.9925,4.4,713.0,224.0,0.29500000000000004,10
B00ACIGNMY,"Hanes Men's Tagless Briefs, Soft Moisture Wicking Underwear, Tagless, 7-pack",Hanes Store,Briefs,https://m.media-amazon.com/images/I/41Je9e62ioL.jpg,https://www.amazon.com/dp/B00ACIGNMY,hanes men s tagless briefs soft moisture wicking underwear tagless 7 pack fresh all day freshiq advanced odor protection technology keep your cool cool comfort fabric wicks away moisture to keep you cool and dry comfort at the waist comfortflex no pinch covered stretch waistband moves with you and keeps its shape wash after wash no tag no itch no annoying tag to bunch up or itch a better basic ultra comfortable briefs are one of the best basics you can find with hanes quality built in stock up convenience a 7 pack of basic solid briefs for week at a time stocking up need to stock up on quality cotton knit briefs look to hanes ultimate men s performance brief 7 pack all about comfort these soft breathable cotton briefs are thoughtfully designed knit from cool comfort fabric that wicks away moisture to keep you cool and dry all day they re also made with hanes s freshiq advanced odor protection technology for all day freshness and here s even more comfort the comfortflex stretch waistband that moves with you and keeps its shape wash after wash without pinching or binding you ll also appreciate the tagless no itch design the traditional open fly and full cut silhouette this comfortable cotton brief underwear comes in a convenient 7 pack of basic solid colors for stocking up on a week s worth at once,24.0043,4.6,26844.0,3.0,0.22497690274008955,10
B08QBDWX2C,"Lacoste Men's Cotton Stretch Big Croc Print Boxer Briefs, 3-Pack",Lacoste Store,Boxer Briefs,https://m.media-amazon.com/images/I/41HY4mVxcNL.jpg,https://www.amazon.com/dp/B08QBDWX2C,lacoste men s cotton stretch big croc print boxer briefs 3 pack stretch cotton jerseyelasticized waistband with crocodile printcut that offers comfort and support in all circumstancescut provides comfort and support in all circumstances lacoste mens cotton stretch big croc print boxer briefs 3 pack,28.41,4.6,1902.0,162.0,0.30029978354978354,10
B0DP8B4LBQ,"Men's Disposable Underwear and socks, 14 Pack Cotton Briefs Panties and Crew Socks for Travel, Spa, Hospital Stays",COVAX Store,Briefs,https://m.media-amazon.com/images/I/41XUn59jAZL.jpg,https://www.amazon.com/dp/B0DP8B4LBQ,men s disposable underwear and socks 14 pack cotton briefs panties and crew socks for travel spa hospital stays disposable but comfortable made from cotton fabric these disposable briefs and socks are soft breathable and gentle on the skin they can be worn once or washed for reuse making them a convenient essential for your daily life convenient and hygienic these are perfect for travel situations especially longer trips where you may not have the chance to do laundry no more carrying around dirty sock and underwear on your trips simply wear and discard lightweight and compact one wear disposable underwear is individually packaged for cleanliness and portability which won t take much space in a travel bag you will get 8 pack panties and 6 pack socks white and black available comfy and well fit available in sizes small to 2x for briefs and one size for socks please choose the size that suits you as there maybe a 1inch error in manual measurement suitable occasions men s disposable underwear and socks are versatile enough for numerous scenarios whether you re hitting the gym camping travel spa or hospital stays these disposable panties offer comfort and practicality eliminating the hassle of laundering,19.99,4.4,6.0,502.0,0.1397743309020912,6
B000SKI752,Hanes Men's 6-12 6-Pack Cushion Crew Socks,Hanes Store,Calf Socks,https://m.media-amazon.com/images/I/31rp13SARzL.jpg,https://www.amazon.com/dp/B000SKI752,hanes men s 6 12 6 pack cushion crew socks crew sock 6 pack featuring reinforced heels and toescushioned foot bottom for all day comfortcomfort toe seam our most comfortable seam everwicks away moisture to keep you cool and dryfreshiq advanced odor protection technology attacks the odor causing bacteria in your clothing that causes your underwear and socks to smell so now you can feel fresh all daybreathable and moisture wicking sock to keep your socks dry comfortable and fresh hanes established in 1901 has been a leader in the basics apparel industry with great socks underwear shirts and other apparel our crew socks made with cotton for all over softness superior fit and ultimate durability for all wears and occasions these are great for work boots athletic shoes and everyday casual outfits,12.0,4.4,6441.0,187.0,0.468452380952381,2
B07QPVWZKK,Nautica Men's Cotton Woven 3 Pack Boxer,Nautica Store,Boxers,https://m.media-amazon.com/images/I/41IuwUwrrKL.jpg,https://www.amazon.com/dp/B07QPVWZKK,nautica men s cotton woven 3 pack boxer moisture control nautica boxers are breathable and transmits moisture away from the body allowing you to remain comfortable all dayinsulation protecting you against the heat in the summer and cold in the winter nautica men s underwear provides just the right amount of thermal insulationsuper soft nautica cotton men s underwear briefs are super soft and reduce skin irritation3 packspecial size type standard a timeless classic silhouette from nautica super soft woven boxers in 100 cotton for lasting comfort comfortable for all day wear these men s knit boxers giver you ample room to move and feature a buttoned fly and are adorned with the iconic nautica j class logo on a self covered microfiber waistband for an easy relaxed everyday fit expertly crafted to keep you comfortable everyday with durable breathable and super soft cotton these loose woven men s boxers keep you looking good on the go built to last nautica boxers ensure an easy fit that you ll love to wear this style includes 3 pairs of nautica woven boxers,15.5122,3.8,8180.0,7.0,0.2772553167731739,10
B08NMPSNZ4,Levi's Mens Underwear Microfiber Boxer Brief for Men Ultra Soft 4 Pack,Levi's Store,Boxer Briefs,https://m.media-amazon.com/images/I/411TKVogExS.jpg,https://www.amazon.com/dp/B08NMPSNZ4,levi s mens underwear microfiber boxer brief for men ultra soft 4 pack boxer briefs if you re trying to build a great wardrobe your first step needs to be adding our levis boxer briefs for men men s underwear boxer brief colors our men s underwear pack is available in beautiful assorted colors men s boxer briefs underwear pack our men s briefs come in a pack of 4 and small medium large x large and xx large sizes breathable comfortable our men s boxer briefs feature smooth fabric for all day comfort satisfaction guaranteed based on the confidence in the quality our levis men s underwear boxer brief pack of 4 is protected by worry free support,17.994,4.2,3193.0,51.0,0.25789682539682535,10
B08DP681C4,"Fruit of the Loom Men's Breathable Boxer Briefs, Moisture Wicking Underwear, Assorted Color Multipacks",Fruit of the Loom Store,Boxer Briefs,https://m.media-amazon.com/images/I/31qMdo8R0uL.jpg,https://www.amazon.com/dp/B08DP681C4,fruit of the loom men s breathable boxer briefs moisture wicking underwear assorted color multipacks this is an assorted color pack this pack may contain all solids all prints or a combination breathable micro mesh fabric with moisture wicking for stay cool comfortodor protectionno fly contoured support pouch for additional support legs don t ride upthis pack may contain all black or a combination of black grey fruit of the loom breathable boxer briefs feature soft cotton blend mesh fabric that promotes air flow preventing you from getting hot moisture wicking technology distributes sweat away from the skin keeping you dry throughout the day these boxer briefs have a traditional fly design with reinforced seams for better support a wider tag free waistband feels soft against the skin,17.9,4.6,34778.0,30.0,0.3230999313186813,10
B0B34QD8XV,POLO RALPH LAUREN Classic Sport Solid Ankle Socks - 6 Pair Pack - Athletic Cushioned Cotton,POLO RALPH LAUREN Store,Calf Socks,https://m.media-amazon.com/images/I/31D5eluUIgL.jpg,https://www.amazon.com/dp/B0B34QD8XV,polo ralph lauren classic sport solid ankle socks 6 pair pack athletic cushioned cotton delight in careful craftsmanship found in the perfect pair of socks from polo ralph laurensignature embroidered details exemplify class and sophisticationclassic performance and style effortlessly elevate your athletic essentialscustomize your look with authentic style from the golf course to the clubhousegive gifts for him that will leave an impression with socks made to stand the test of timebuilt in comfort cushioning in the sole offers durability that is second to none polo ralph lauren classic sport solid ankle socks 6 pair pack athletic cushioned cotton,28.9815,4.7,2355.0,220.0,0.5614599567099567,10
B0B47TJ3TN,"POLO RALPH LAUREN Men's 4D Flex Cooling Microfiber Boxer Briefs & Long Leg Boxer Briefs, 3 Pack",POLO RALPH LAUREN Store,Boxer Briefs,https://m.media-amazon.com/images/I/41VR9xqunCL.jpg,https://www.amazon.com/dp/B0B47TJ3TN,polo ralph lauren men s 4d flex cooling microfiber boxer briefs long leg boxer briefs 3 pack four way stretch for freedom of movementfunctional fly pouch and gusset construction for added supportadvanced cooling technology is designed to adapt to your bodywicks away moistureno ride uptag free polo ralph lauren mens 4d flex cool microfiber boxer briefs 3 pack,54.5,4.7,1784.0,118.0,0.3572727272727273,10
B0BRXJV1PP,ABAFIP Men's Sissy Skirted Thong Panties Bowknot Low Rise G-string Bikini Briefs Underwear with 4 Gaters Belt,ABAFIP Store,Briefs,https://m.media-amazon.com/images/I/31vhr5xX9OL.jpg,https://www.amazon.com/dp/B0BRXJV1PP,abafip men s sissy skirted thong panties bowknot low rise g string bikini briefs underwear with 4 gaters belt sissy panties for men men s lingerie underwear sissy panties crossdressing underpants ruffle skirt panties underpants low waisted girly panties underpants sissy garter panties for men for daily wear lingerie party lingerie night etc design mens sissy panties with garters belt low waisted design make you look more hot decorated with cute mini bowknots at side waist super sissy and girly frilly ruffle skirted panties for men elastic waistband for better fit elastic spandex straps offers you comfort wearing experience four adjustable garters can hold up the stocking to complete a more captivating look suitable occasions mens lingerie underpants sissy panteis garters belt underwear suitable for lingerie party valentine s day anniversary date nights homewear holiday vcation crossdresser self pleasure or as a outfit or surprise for your partner material 65 polyester 35 nylon sissy skirted panties for men made of soft and breathable polyester and nylon fabric material is super soft lightweight and comfortable to wear 4 way stretch skin friendly no itchy to your skin close fitted to the body gives you a pleasant wearing experience one size fits for most male weight below 160 lbs care instructions hand wash under 30 water do not bleach iron on low heat one size waist 24 0 62cm,17.98,3.8,43.0,123.0,0.16011904761904758,7
B0B1WMKNM5,"Mens Underwear Cotton Boxer Briefs Comfy Breathable 6"" Underwear Tagless Wide Waistband Boxer Briefs Multipack",Brand: CONKEND,Boxer Briefs,https://m.media-amazon.com/images/I/51Jin3on3oL.jpg,https://www.amazon.com/dp/B0B1WMKNM5,mens underwear cotton boxer briefs comfy breathable 6 underwear tagless wide waistband boxer briefs multipack cotton material men s underwear is made of 95 high quality cotton and 5 spandex which does not ball and does not fade high stretch material will not deform for a long time will be more durable than other men s underwear for 90 days 3d fly pouch design men s front flap and 3d fouch boxer briefs conform to your natural body shape have good support for legs and buttocks and fit firmly durable belt without label the widened 1 57 inch waist belt maintains long lasting comfort all day long and can maintain its shape after long term use tageless no discomfort or scratching wider than other 1 38 inch belts no ride up and breathable pouch the structure of no ride up can keep the body coordinated and prevent bunching the ergonomically ventilated paired bagging can firmly fix your things in a non stressed position provide a comfortable space in your personal area and provide you with a dry environment comfortable cotton men s underwear boxer briefs are made of natural cotton the material is super soft and breathable it is comfortable to wear and feel fresh all day long the ultra smooth 4 needle 6 thread brings extraordinary comfort,33.98,4.2,993.0,108.0,0.18721793328034367,7
B08L8HGG6T,"Pair of Thieves Men's Athletic Cotton Low-Cut Socks - 6-Pack Cushioned Comfort Socks for Sports, Work & Casual Wear",Pair of Thieves Store,Athletic Socks,https://m.media-amazon.com/images/I/41dJFVjF1CL.jpg,https://www.amazon.com/dp/B08L8HGG6T,pair of thieves men s athletic cotton low cut socks 6 pack cushioned comfort socks for sports work casual wear check us out love pair of thieves we feature all our underwear t shirts socks and loungewear there you can get to it through the blue link above our product title uber comfy fit discover the secret to seriously happy feet designed with arch support and a blend of polyester and spandex our low cut socks for men are super soft moisture wicking and feature a mesh upper for supreme breathability ready for everything office or off trail these low cut socks are ready for whatever we call it sneaky performance you ll love the 4 way stretch that moves with you and the no shift grip that complements dress shoes or casual sneakers best gift idea love tight thank you hugs pair of thieves socks are just what you need to steal anyone s heart with 6 pairs of the comfiest socks in every pack you just might make your husband boyfriend brother or dad shed that elusive tear amazing value our goal is to provide all of you wonderful people with the best basics on the planet we specially engineered these low cut socks to give you the sneaky performance features you know and love at the best possible value,9.7425,4.5,2085.0,176.0,0.36013818030544215,10
B09RQY638M,Pair of Thieves Soft Cotton Boxer Briefs for Men Pack (4 & 8 Pack) - Tagless Underwear for Men Pack,Pair of Thieves Store,Boxer Briefs,https://m.media-amazon.com/images/I/31jqjdrGktL.jpg,https://www.amazon.com/dp/B09RQY638M,pair of thieves soft cotton boxer briefs for men pack 4 8 pack tagless underwear for men pack unbelievably soft comfortable made with a premium cotton blend that feels like a second skin these boxer briefs keep you cozy all day with soft breathable fabric that moves with you never against you stays in place no riding up designed with a 5 inseam and 4 way stretch for total freedom of movement our boxer briefs stay exactly where they should no ride up no bunching just pure comfort breathable cool comfort whether you re working out or kicking back the moisture wicking fabric keeps you dry and fresh all day long stay cool and comfortable no matter the hustle tag free no roll waistband say goodbye to scratchy tags and annoying waistband roll ups our tag free design and soft waistband keep you itch free and comfortable even during the busiest days made for every day 4 pack value get more of what you love our 4 pack of boxer briefs gives you the perfect combination of comfort durability and value perfect for daily wear from lounging to running errands or hitting the gym,19.99,4.4,12824.0,21.0,0.2167506657627742,10
B09T9H75NQ,"Custom Mens Underwear Boxer Briefs, Socks with Faces on Them Custom Gifts for Boyfriend & Husband",PUREFLY Store,Boxer Briefs,https://m.media-amazon.com/images/I/41b9KY+DcjL.jpg,https://www.amazon.com/dp/B09T9H75NQ,custom mens underwear boxer briefs socks with faces on them custom gifts for boyfriend husband funny gifts click the customize button upload your avatar and you will get a funny gift just for your boyfriend he will definitely find it funny when he sees your face skin friendly fabric the package includes a pair of custom socks and underwear our boxers with face on them customize and socks are made of polyester the fabric is soft and stretchy skin friendly and comfortable hd printing our custom underwear and socks are printed in high definition no blurring and image quality is absolutely guaranteed sizing our custom socks fit everyone underwear is available in xs s m l xl 2xl 3xl 4xl 5xl sizes for you to choose from so you don t have to worry about sizing after sales service please confirm your customize information before adding it to cart if you have any problem when you receive your product please feel free to reach us we will help you in every possible way,14.99,4.4,134.0,1516.0,0.24609977321882087,10
B0B34WC9KB,POLO RALPH LAUREN mens Athletic Performance Cotton Ankle Socks - 6 Pair Pack - Moisture Wicking Mesh,POLO RALPH LAUREN Store,Ankle Socks,https://m.media-amazon.com/images/I/31tYR8VKVLL.jpg,https://www.amazon.com/dp/B0B34WC9KB,polo ralph lauren mens athletic performance cotton ankle socks 6 pair pack moisture wicking mesh delight in careful craftsmanship found in the perfect pair of socks from polo ralph laurensignature embroidered details exemplify class and sophisticationclassic performance and style effortlessly elevate your athletic and casual essentialscustomize your look with authentic style from the golf course to the clubhousegive gifts for him that will leave an impression with socks made to stand the test of time polo ralph lauren mens athletic performance cotton ankle socks 6 pair pack moisture wicking mesh,28.989,4.7,1935.0,1191.0,0.4175621885621886,10
B07C8C786Y,INNERSY Men's Boxer Briefs Cotton Stretchy Underwear 7 Pack for a Week,INNERSY Store,Boxer Briefs,https://m.media-amazon.com/images/I/41qH2AT9RfL.jpg,https://www.amazon.com/dp/B07C8C786Y,innersy men s boxer briefs cotton stretchy underwear 7 pack for a week men s 7 pack underwear for a week the boxer briefs are comfortable breathable and stretchy bright and vibrant colors bring much fun wearing one color a day keeps you refreshing in a weekfunctional fly supportive open fly provides more room and decreases the friction between your private area and underwear let the boys stay in place and enjoy their comfortregular size big and tall underwear measurement in inches based on waist size x small 26 28 small 28 30 medium 32 34 large 36 38 x large 40 42 xx large 44 46stylish waistband the waistband is nicely stretchy and stays in place all the time comfortable to wear with no riding up or rolling down the stylish logo at the waistband adds extra charmfun gifts for men solid or vibrant colors in 7 pack a colorful change from purely black white briefs a new favorite in your drawer,35.99,4.6,11191.0,140.0,0.350758917008917,10
B086KKT44V,"New Balance Men's 5"" Performance No Fly Boxer Brief (4 Pack)",New Balance Store,Boxer Briefs,https://m.media-amazon.com/images/I/41+qzcIQYcL.jpg,https://www.amazon.com/dp/B086KKT44V,new balance men s 5 performance no fly boxer brief 4 pack what s included 4 new balance men s performance 5 no fly boxer briefs underwear the sizes are available in small 29 31 inches medium 32 34 inches large 36 38 inches and x large 40 42 inches the boxers come in a variety of colors ranging in each 4 pack from grey gray black blue royal and pigment ultimate comfort made from 90 polyester and 10 spandex the new balance men s performance 5 no fly boxer briefs are super soft tagless and breathable and will provide you with the ultimate comfort staying cool and dry all day long superior design the new balance men s performance 5 no fly boxer briefs feature an elastic waistband for added flex and will sit comfortably on the waist these briefs also feature a no ride inseam and tagless labels you will not have to deal with any uncomfortable bunching from this lightweight fabric incredibly durable these boxers are incredibly durable and are highly fade resistant to washing and drying how to wash washer and dryer safe machine wash cold with like colors only non chlorine bleach when needed tumble dry low do not iron,17.47,4.7,846.0,52.0,0.20040833333333335,10
B07JQ12R59,Polo Ralph Lauren Men's Ribbed Casual Crew Socks -3 Pair Pack- Cotton Comfort & Heel-toe Reinforcement,POLO RALPH LAUREN Store,Crew Socks,https://m.media-amazon.com/images/I/41b+begU5OL.jpg,https://www.amazon.com/dp/B07JQ12R59,polo ralph lauren men s ribbed casual crew socks 3 pair pack cotton comfort heel toe reinforcement delight in careful craftsmanship found in the perfect pair of socks from polo ralph laurensignature embroidered details exemplify class and sophisticationcustomize your look in socks that effortlessly complement your attireperfect for dress shoes every pair of socks is inspired by classic menswear patterninggive gifts for him that will leave an impression with socks made to stand the test of time polo ralph lauren men s ribbed casual crew socks 3 pair pack cotton comfort heel toe reinforcement,24.0,4.7,218.0,41.0,0.22849988662131518,10
B09R7YKSM1,"Hanes Men’s Total Support Pouch Boxer Briefs, X-Temp Cooling, Moisture-Wicking Underwear, Regular, Long-leg and Trunk, 3-Pack",Hanes Store,Boxer Briefs,https://m.media-amazon.com/images/I/41gwwveFEcL.jpg,https://www.amazon.com/dp/B09R7YKSM1,hanes men s total support pouch boxer briefs x temp cooling moisture wicking underwear regular long leg and trunk 3 pack value you love this sexy men s underwear pack comes with 3 pairs of total support pouch moisture wicking underwear in your choice of regular boxer briefs long leg boxer briefs or men s trunk underwear note colors patterns may vary depending on availability helps prevent chafing hanes total support pouch has a breathable mesh liner that separates and supports for anti chafing comfort that lasts starts cool keeps cool x temp technology men s boxers are designed to adapt to your temperature and activity to help you stay cool no matter what your day brings targeted mesh zones make them breathable odor control advanced odor protection plus moisture wicking performance fabric help keep you dry comfort you expect comfort flex waistband keeps your men s underwear with pouch from pinching and binding plus they re tagless for itch free comfort no ride up legs stay in place quality fabric our anti chafing underwear is made from soft lightweight stretch fabric that moves with you,17.956,4.5,30794.0,4.0,0.0,1
B00IO9JCY4,Hanes Men's FreshIQ Over The Calf Tube Socks (Pack of 12),Hanes Store,Ankle Socks,https://m.media-amazon.com/images/I/31voGBMoExL.jpg,https://www.amazon.com/dp/B00IO9JCY4,hanes men s freshiq over the calf tube socks pack of 12 maximum cushioning full cushion double tough durabilitywicking cool comfort fabric helps wick moisture and keep feet dryfreshiq advanced odor technology helps fight stinky feetspandex for better fitcomfort toe seam hanes double tough b t 12 pack over the calf crew socks pack a powerful punch with double tough durability and maximum cushioning around the foot for ultimate comfort wicking cool comfort fabric will help keep your feet cool and dry our freshiq advanced odor protection will help fight those stinky feet spandex and comfort toe seam will provide comfort and a better fit fits men s shoe size 12 14,14.98,4.5,3014.0,19.0,0.44707070707070706,10
B0B34TX2T2,Polo Ralph Lauren Men's Argyle Pattern Dress Crew Socks - 3 Pair Pack - Soft Lightweight Cotton Comfort,POLO RALPH LAUREN Store,Calf Socks,https://m.media-amazon.com/images/I/41cVLofq3vL.jpg,https://www.amazon.com/dp/B0B34TX2T2,polo ralph lauren men s argyle pattern dress crew socks 3 pair pack soft lightweight cotton comfort delight in careful craftsmanship found in the perfect pair of socks from polo ralph laurensignature embroidered details exemplify class and sophisticationcustomize your look in socks that effortlessly complement your attireperfect for dress shoes every pair of socks is inspired by classic menswear patterninggive gifts for him that will leave an impression with socks made to stand the test of timeexperience the difference in each smooth comfort toe seam for a custom fit and feel polo ralph lauren mens argyle pattern dress crew socks 3 pair pack soft lightweight cotton comfort,24.0,4.7,1444.0,53.0,0.45438383838383845,10
B084HFMYG3,"Gildan Men's Underwear Cotton Stretch Boxer Briefs, Multipack",Gildan Store,Boxer Briefs,https://m.media-amazon.com/images/I/31CZ9A7YFdL.jpg,https://www.amazon.com/dp/B084HFMYG3,gildan men s underwear cotton stretch boxer briefs multipack soft breathable ring spun cottonplush tag free waistband to prevent irritationcontoured pouch for superior fitmoisture wicking technology keeps you cool and dry6 classic length inseam gildan cotton stretch boxer briefs deliver a premium fit and feel boxer briefs made using soft cotton and tag free design will feel great all day long gildan brand delivers high quality apparel choices for any wearing occasion check out our full line of gildan apparel today gildan is one of the world s largest vertically integrated manufacturers of apparel and socks gildan uses cotton grown in the usa which represents the best combination of quality and value for gildan cotton and cotton blended products since 2009 gildan has proudly displayed the cotton usa mark licensed by cotton council international on consumer s product packaging and shipping materials gildan environmental program accomplishes two core objectives reduce our environmental impact and preserve the natural resources being used in our manufacturing process at all operating levels gildan is aware of the fact that we operate as a part of a greater unit the environment in which we live and work,21.225,4.7,16241.0,22.0,0.2969794372294372,10
B0D3659J5K,JOYNÉE 20 Pairs Mens No Show Socks Low Cut Ankle Socks Short Casual Socks,JOYNÉE Store,No-Show Socks,https://m.media-amazon.com/images/I/51WObqmRD3L.jpg,https://www.amazon.com/dp/B0D3659J5K,joyn e 20 pairs mens no show socks low cut ankle socks short casual socks best ankle running sports socks for men made of 95 polyester 5 spandex high quality material makes the athletic socks so breathable comfortable to wear all day without irritating your feet skin well made cuff the ergonomically designed well made cuff make socks fit your feet perfectly will not be tight and neither loose occasion match with any shoes oxfords sneakers and more they suitable for many scenarios such as home casual running jogging in spring autumn and winter one size fits most men s shoe size 6 12 us sock size 10 13 they are elastic and perfectly make it suitable for your feet perfect gift these men socks can be a perfect gift given to friends and family members who holds interest in athletics,25.99,4.3,132.0,67.0,0.27499999999999997,4
B086KKT23M,"Hanes Men's Moisture-Wicking Cotton Briefs, Available in White and Black, Multi-Packs Available",Hanes Store,Briefs,https://m.media-amazon.com/images/I/31v1A6pl9+L.jpg,https://www.amazon.com/dp/B086KKT23M,hanes men s moisture wicking cotton briefs available in white and black multi packs available stay cool and dry cool comfort fabric wicks away moisture to keep you cool and dry all day soft and breathable the comfort of a soft cotton blend feels great against your skin comfort at the waist comfortflex no pinch waistband moves with you and keeps its shape wash after wash no tag no itch no annoying tag to bunch up or itch a better basic ultra comfortable briefs are one of the best basics you can find with hanes quality built in convenient 6 pack stock up with ease with a 6 pack of white briefs when it s time to stock up on basic white briefs hanes has the ones you want these soft cotton blend men s briefs are knit from cool comfort fabric that wicks away moisture from your skin to keep you cool and dry all day you ll really appreciate the comfortflex waistband that moves with you and keeps its shape wash after wash without pinching or binding these ultra comfortable full cut cotton blend briefs are also tagless so there s no annoying tag to bunch up or itch with a traditional open fly this cool breathable underwear comes in a convenient 6 pack of all white so stocking up is a no brainer,10.72,4.6,44569.0,2.0,0.2012575863678805,7
B0B34Z57RW,True Religion Mens Boxer Briefs Cotton Stretch Underwear for Men Pack of 6,True Religion Store,Boxer Briefs,https://m.media-amazon.com/images/I/41gGLhdnUbL.jpg,https://www.amazon.com/dp/B0B34Z57RW,true religion mens boxer briefs cotton stretch underwear for men pack of 6 boxer briefs for men pack these boxers for men are designed with comfort in mind this mens boxers have a lightweight breathable design so it helps regulate temperature to keep you cool and dry high quality mens briefs this men s boxer briefs feature a 4 way stretch fabric it is an ultra soft cotton spandex material that moves with you to keep a perfect fit no more uncomfortable men boxers that keeps bunching up on you features along with the features mentioned above these mens underwear briefs are anti chafing mens boxer shorts which offers supreme comfort and superior durability mens underwear boxer briefs pack not only are these men s boxers premium quality you also have here a variety of options you get 6 men boxer briefs in one order with an assortment of cool colors and patterns mens underwear boxer briefs pack not only are these men s boxers premium quality you also have here a variety of options you get 6 men boxer briefs in one order with an assortment of cool colors and patterns the true religion men boxer briefs have everything you want in your perfect pair of underwear these briefs are made with an incredibly soft cotton spandex blend you don t have to worry about these briefs riding up or bunching up on you these boxer briefs for men are made with a lightweight breathable fabric that helps regulate your temperature and keep you dry avoid uncomfortable chafing and bunching up with this form fitting stretch design these mens compression boxers briefs are the perfect choice for any man you can find our true religion mens underwear in many different ways such as anti chafing underwear men boxer breifs boxer brief boxer briefs for men boxer brifs boxers briefs for men boxers briefs men breathable boxer briefs men breathable underwear for men comfortable mens underwear boxer briefs compression boxers for men compression boxers men compression underwear for men contour underwear men light underwear for men male underwear man underwear men boxer briefs underwear men boxers briefs men underwear boxer brief mens boxer breifs mens boxer brief men s boxer briefs mens boxer briefs underwear pack mens boxers briefs men s boxers briefs mens breathable boxer briefs mens breathable underwear boxer briefs mens briefs boxer men s briefs boxer mens compression underwear mens seamless underwear mens spandex underwear men s underwear boxer brief mens underwear boxer briefs pack spandex underwear for men underpants for men underwear for men pack boxer briefs and underwear mens boxer brief,29.9914,4.3,1769.0,149.0,0.40407653061224486,10
B07DBS6VLL,Hanes Men's X-Temp 12-Pack Active Cool Crew Socks,Hanes Store,Calf Socks,https://m.media-amazon.com/images/I/51NWrmvGsWL.jpg,https://www.amazon.com/dp/B07DBS6VLL,hanes men s x temp 12 pack active cool crew socks cottonpull on closuremachine wash,26.8225,4.5,1677.0,227.0,0.30610515873015876,10
B0C523G7RV,HUGO mens Underwear Gift Set With Trunk and Quarter Length Socks,HUGO Store,Trunks,https://m.media-amazon.com/images/I/31h6qyi+MSL.jpg,https://www.amazon.com/dp/B0C523G7RV,hugo mens underwear gift set with trunk and quarter length socks underwear gift set with trunk and quarter length socks underwear gift set with trunk and quarter length socks,20.48,4.4,0.0,210.0,0.0,0
B09XBV1X8S,Under Armour Men's Charged Assert 10 Running Shoe,Under Armour Store,Road Running,https://m.media-amazon.com/images/I/210Bw9pQHsL.jpg,https://www.amazon.com/dp/B09XBV1X8S,under armour men s charged assert 10 running shoe lightweight breathable mesh upper with synthetic overlays for added durability supporteva sockliner provides soft step in comfortcharged cushioning midsole uses compression molded foam for ultimate responsiveness durabilitysolid rubber outsole covers high impact zones for greater durability with less weightoffset 10mmweight 9 5 oz under armour mens charged assert 10,59.2521,4.5,12003.0,1.0,0.29299678909772076,10
B087YQCWKG,Under Armour Men's Charged Assert 9 Running Shoe,Under Armour Store,Road Running,https://m.media-amazon.com/images/I/319G7S-lFeL.jpg,https://www.amazon.com/dp/B087YQCWKG,under armour men s charged assert 9 running shoe lightweight mesh upper with 3 color digital print delivers complete breathabilitydurable leather overlays for stability that locks in your midfooteva sockliner provides soft step in comfortcharged cushioning midsole uses compression molded foam for ultimate responsiveness durabilitysolid rubber outsole covers high impact zones for greater durability with less weightoffset 10mm these running shoes are built to help anyone go faster charged cushioning helps protect against impact leather overlays add durable stability and a mesh upper keeps your feet cool for miles lightweight mesh upper with 3 color digital print delivers complete breathability durable leather overlays for stability that locks in your midfoot eva sockliner provides soft step in comfort charged cushioning midsole uses compression molded foam for ultimate responsiveness durability solid rubber outsole covers high impact zones for greater durability with less weight offset 10mm neutral for runners who need a balance of flexibility cushioning lace type standard tie,59.9914,4.6,52602.0,2.0,0.33344616957116957,10
B01G3LZ0IG,PUMA Mens Tazon 6 Cross Trainer,PUMA Store,Road Running,https://m.media-amazon.com/images/I/41f3UHhCfRL.jpg,https://www.amazon.com/dp/B01G3LZ0IG,puma mens tazon 6 cross trainer contemporary design seasonal fracture graphic on this tazon cross trainer for a modern look reliable padding stable cushioning for running and training needs smooth and snug sleek streamlined silhouette with synthetic leather upper and midfoot saddle for maximum fit and comfort shock absorption eva in the heel absorbs impact for added support and comfort puma mens tazon 6 cross trainer,35.005,4.5,42988.0,15.0,0.44278968253968254,10
B0BHPRRS6C,adidas Men's Swift Run Sneaker,adidas Store,Road Running,https://m.media-amazon.com/images/I/31w6KyicaOL.jpg,https://www.amazon.com/dp/B0BHPRRS6C,adidas men s swift run sneaker 100 rubbermade in the usa or importedethylene vinyl acetate soleshaft measures approximately low top from archregular fit the swiftrun shoe runs large we recommend sizing downlightweight eva midsole enjoy the comfort and performance of ortholite sockliner adidas mens swift run,60.0033,4.5,3679.0,8.0,0.3330904882154882,10
B0CKMDL9T3,adidas Men's Daily 4.0 Sneaker,adidas Store,Fashion Sneakers,https://m.media-amazon.com/images/I/31rgkFg3DcL.jpg,https://www.amazon.com/dp/B0CKMDL9T3,adidas men s daily 4 0 sneaker classic skate inspired sneakers for stylish everyday wearflexible upper soft textile upper is stretchy and comfortablereinforced toe added protection in the toe area offers extra durabilitytextile lining textile lining provides a soft comfortable feelrubber outsole the rubber outsole provides outstanding grip and a sleek low profile look adidas mens daily 4 0,55.2015,4.6,1253.0,8.0,0.3833850408850409,9
B08KL9BZ17,PUMA Men's Axelion Cross Trainer,PUMA Store,Road Running,https://m.media-amazon.com/images/I/41H-AFLv54L.jpg,https://www.amazon.com/dp/B08KL9BZ17,puma men s axelion cross trainer bold enhancement this cross trainer shoe features a new material that takes the axelion design to the next level stable support the upper has a molded saddle piece that adds fresh interest and bold exaggerated lacing durable and comfortable the shoe has a tpu shank for support and an eva heel piece for long lasting comfort dynamic branding the foam heel unit and bold puma logo on the heel make this a game changing cross training shoe with progressive design detailing puma mens axelion,40.005,4.5,11661.0,79.0,0.4100826395826395,10
B0BHPWC1VJ,adidas Men's Racer TR23 Sneaker,adidas Store,Road Running,https://m.media-amazon.com/images/I/41FRAsmNKpL.jpg,https://www.amazon.com/dp/B0BHPWC1VJ,adidas men s racer tr23 sneaker adidas mens sneaker adidas mens racer tr23,43.9045,4.5,1491.0,17.0,0.3579241071,10
B08MQWFCVF,Tommy Hilfiger Men's Brecon,Tommy Hilfiger Store,Fashion Sneakers,https://m.media-amazon.com/images/I/31tMCYnKn+L.jpg,https://www.amazon.com/dp/B08MQWFCVF,tommy hilfiger men s brecon classic logo detailfaux leatherspot cleanround toe tommy hilfiger mens brecon,39.9953,4.7,2371.0,24.0,0.4237811791383219,3
B0BY9YZMW6,Skechers Men's Garza Gervin Slip in,Skechers Store,Loafers & Slip-Ons,https://m.media-amazon.com/images/I/41CrGfLcvrL.jpg,https://www.amazon.com/dp/B0BY9YZMW6,skechers men s garza gervin slip in skechers hands free slip ins for an easy fitair cooled memory foamgoga mat archclassic fitcomfort pillow technology for added comfort skechers mens garza gervin slip in,79.9911,4.6,2063.0,7.0,0.29047413234913233,10
B0C73MZF8M,LARNMERN Mens Non Slip Work Shoes Slip On Water Resistant Walking Sneakers Zapatos Trabajo Waterproof Food Service Chef Kitchen,LARNMERN Store,Health Care & Food Service,https://m.media-amazon.com/images/I/51AX14huwnL.jpg,https://www.amazon.com/dp/B0C73MZF8M,larnmern mens non slip work shoes slip on water resistant walking sneakers zapatos trabajo waterproof food service chef kitchen non slip work shoes light comfort and hiker like durability is the perfect for slip resistant working our dura antislip outsole offers superior slip resistance by channeling away liquids like oil grease and water easy wear waterproof shoes our sneakers keeps your feet dry and comfortable in any weather lightweight mesh for long term standing workers water resistant upper provides protection from light moisture not easy to get wet in rainy or snowy days conservation removable and soft pu insoles support the feet arches and biodegradable construction for reduced environmental impactall day comfort air cushion foam midsole for absorbs shock and adds stability anti fatigue footbed covers and offers all day comfort through our footbed daily life use fit for most occasions such as casual walking running sports traveling exercise workout and other occasions,49.9,4.1,4032.0,1.0,0.27762569143819144,10
B0C4T5L78D,Skechers USA Men's Slip-ins: Delson 3.0-Roth Loafer,Skechers Store,Loafers & Slip-Ons,https://m.media-amazon.com/images/I/41MYqEQdOKL.jpg,https://www.amazon.com/dp/B0C4T5L78D,skechers usa men s slip ins delson 3 0 roth loafer skechers slip in technologyheel pillowgoga mat archair cooled memory foam,58.1927,4.7,1221.0,9.0,0.35541746031746035,10
B07ZSCB99R,adidas Men's Daily 3.0 Sneaker,adidas Store,Skateboarding,https://m.media-amazon.com/images/I/31zIqMxfSIL.jpg,https://www.amazon.com/dp/B07ZSCB99R,adidas men s daily 3 0 sneaker men s casual skate inspired sneakers for every daysnug fit classic lace closure for snug fitclassic look breathable washed canvas uppercushioned comfort enjoy the comfort and performance of ortholite sockliner officially licensed ortholite productskater look vulcanized rubber outsole for a skate inspired look relax at the park with friends or go to the laundry wear workout pants or chinos whatever your outfit or business these adidas shoes add style and comfort the iconic 3 stripes on the synthetic leather upper and the preformed rubber sole create an old school look,39.8139,4.7,14820.0,1.0,0.2851851851851852,1
B07B41HCNS,New Balance Men's 608 V5 Casual Comfort Cross Trainer,New Balance Store,Fitness & Cross-Training,https://m.media-amazon.com/images/I/41O6bDDjLvL.jpg,https://www.amazon.com/dp/B07B41HCNS,new balance men s 608 v5 casual comfort cross trainer leather upperabzorb midsole cushioning aids in absorbing forceful impactspremium pu comfort insert the men s new balance 608v5 is a classic trainer designed with a premium pu nsert to help offer reliable comfort for long days spent on feet,64.9813,4.6,80652.0,1.0,0.2382940713495259,10
B0CKMCTKJ4,adidas Men's Lite Racer Adapt 7.0 Sneaker,adidas Store,Road Running,https://m.media-amazon.com/images/I/31M4Jgkt1WL.jpg,https://www.amazon.com/dp/B0CKMCTKJ4,adidas men s lite racer adapt 7 0 sneaker men s stylish slip on sneakerssnug fit adjustable laces provide a secure fitflexible upper soft textile upper is stretchy and comfortablecushioned midsole cloudfoam midsole for step in comfort and superior cushioningmade in part with recycled content this product features at least 20 recycled materials by reusing materials that have already been created we help to reduce waste and our reliance on finite resources and reduce the footprint of the products we make slip into easy comfort in these men s adidas sneakers they have a sock like upper that fits super snug and makes them a snap to get on and off a cloudfoam midsole provides all day cushioning,39.3944,4.4,1605.0,3.0,0.30337918328334995,10
B09NMJ14NP,Nike Men's Running Shoe,Brand: Nike,Road Running,https://m.media-amazon.com/images/I/41JIlgonxhL.jpg,https://www.amazon.com/dp/B09NMJ14NP,nike men s running shoe running shoesflexibility and lightnesssupport and cushioning,49.0032,4.4,671.0,75.0,0.3405189075344538,10
B0B47NGW9D,ASICS Men's Gel-Venture 9 Running Shoes,ASICS Store,Road Running,https://m.media-amazon.com/images/I/41ubKxRoAFL.jpg,https://www.amazon.com/dp/B0B47NGW9D,asics men s gel venture 9 running shoes mesh upper improves breathabilitythe sockliner is produced with the solution dyeing process that reduces water usage by approximately 33 and carbon emissions by approximately 45 compared to the conventional dyeing technology improves impact absorption and creates a softer feeling at footstrikerearfoot gel technology improves impact absorption and creates a softer feeling at footstrikeamplifoam cushioning improves cushioningtrail specific outsole pattern improves grip on various surfaces,59.9525,4.5,4924.0,4.0,0.39447674751718864,10
B0BX3WHZ8R,Skechers Men's Hands Free Slip-ins Summits High Range Sneaker,Skechers Store,Fashion Sneakers,https://m.media-amazon.com/images/I/41lbz-sWKFL.jpg,https://www.amazon.com/dp/B0BX3WHZ8R,skechers men s hands free slip ins summits high range sneaker skechers hands free slip ins for an easy fitexclusive heel pillow holds your foot securely in placeskechers air cooled memory foam cushioned comfort insolecrafted with 100 vegan materialsmachine washable skechers men s summits high range hands free slip in,65.0013,4.6,10384.0,1.0,0.308834436805025,10
B0BHPSXR7X,adidas Men's Kaptir 3.0 Sneaker,adidas Store,Fashion Sneakers,https://m.media-amazon.com/images/I/31RJQr+cpIL.jpg,https://www.amazon.com/dp/B0BHPSXR7X,adidas men s kaptir 3 0 sneaker men s casual shoes deliver bold style and reliable comfortwide fit designed with a wider last than regular fitting shoescushioned midsole cloudfoam midsole for step in comfort and superior cushioningrubber outsole the rubber outsole provides outstanding grip and a sleek low profile lookmade in part with recycled content this product features at least 20 recycled materials by reusing materials that have already been created we help to reduce waste and our reliance on finite resources and reduce the footprint of the products we make adidas mens kaptir 3 0,51.6043,4.5,2167.0,10.0,0.29451776695526694,10
B005OLALQI,PUMA Men's Roma Sneaker,PUMA Store,Fashion Sneakers,https://m.media-amazon.com/images/I/41qqOgS8JZL.jpg,https://www.amazon.com/dp/B005OLALQI,puma men s roma sneaker vegan synthetic upperrubber soleightweight training shoethick padded tongue and orthopedic arch supports puma mens roma,46.9933,4.3,36631.0,82.0,0.20843256362374007,10
B00SMJOETO,Clarks Men's Tilden Cap Oxford,Clarks Store,Oxfords,https://m.media-amazon.com/images/I/315NtaJJD+L.jpg,https://www.amazon.com/dp/B00SMJOETO,clarks men s tilden cap oxford these smart men s shoes with a square cap toe toe are crafted from a premium leatherstretch gore panels for a flexible fitortholite footbed that softens impact and wicks away moistureheel height 1 inchsoft themoplastic rubber outsole provides comfort all dayprotectors create an invisible protective barrier to resist rain and protect against stains sleek lines and a classic design lends this men s lace up shoe a look that s timeless and modern all at once part of the clarks collection this shoe is crafted with rich black leather and an ortholite footbed for all over comfort the durable rubber outsole has shock absorbing properties and provides traction for enhanced stability goes with everything from suits and dress pants to denim and cords,58.2035,4.5,17665.0,1.0,0.3058776436063936,10
B07PQSW7V9,Lugz Men's Clipper Fashion Sneaker,Lugz Store,Fashion Sneakers,https://m.media-amazon.com/images/I/21oAa+Oq8KL.jpg,https://www.amazon.com/dp/B07PQSW7V9,lugz men s clipper fashion sneaker slip on shoes for men elevate your everyday style with the lugz clipper slip on casual sneakers for men designed to blend comfort with classic casual flair these mens sneakers men footwear feature a cushioned insole that ensures superior comfort perfect for long days on your feet casual sneakers for men the sturdy canvas upper on our mens casual shoes not only adds a touch of timeless style but also offers durability for daily wear the vulcanized rubber outsole delivers excellent grip and traction making these mens shoes casual mens footwear a reliable choice for various surfaces mens slip on shoes with a classic slip on design these lugz sneakers shoes for men the side gore panels provide a flexible fit for easy on and off convenience the padded collar on this slip on shoes for men add an extra layer of comfort allowing for a snug customized fit that feels great throughout the daymens casual shoes whether you re running errands meeting friends or simply enjoying a day out the lugz clipper walking shoes for men offer a perfect blend of practicality and style available in an array of colors and sizes these mens canvas shoes are a versatile addition to any wardrobe lugz shoes choose the lugz clipper mens slip on shoes for a sleek comfortable and fashionable option for all your casual footwear needs like what you see explore the full collection of lugz sneakers for men and women by visiting the lugz storefront now step into comfort and style with the lugz clipper casual sneakers for men designed for those on the go these mens slip on shoes combine a sleek minimalist look with all day wearability whether you re running errands meeting up with friends or relaxing on the weekend the clipper mens canvas shoes men footwear delivers effortless ease crafted with a durable canvas upper these slip on shoes for men are both lightweight and breathable keeping your feet cool and comfortable the cushioned insole on our slip on sneakers men shoes for men provides a soft step every time while the rubber outsole offers excellent traction for daily wear the elastic gore panels allow for easy slip on access making these walking shoes for men perfect for those busy mornings when you re in a rush available in a range of colors and sizes the lugz clipper mens sneakers are the ultimate everyday mens casual shoes that never go out of style pair these mens shoes with your favorite jeans or casual shorts for a laid back put together look,24.985,4.3,33707.0,6.0,0.2652037037037037,10
B07FBKFTJG,Skechers Men's Cessnock Food Service Shoe,Skechers Store,Shoes,https://m.media-amazon.com/images/I/41yjjRyRBFL.jpg,https://www.amazon.com/dp/B07FBKFTJG,skechers men s cessnock food service shoe breathable meshbungee lacingslip resistantrelax fitair cooled memory foam comfort insoleelectrical hazard skechers for work cessnock food service shoe slip reisitant outsole,55.2535,4.5,27980.0,2.0,0.23860970786567495,10
B0D1B42GVJ,Mens Running Shoes Fashion Sneakers Tennis Walking Shoes Lightweight Athletic Gym Workout Shoes,Brand: YITUHIO,Road Running,https://m.media-amazon.com/images/I/41i1VxR5sEL.jpg,https://www.amazon.com/dp/B0D1B42GVJ,mens running shoes fashion sneakers tennis walking shoes lightweight athletic gym workout shoes skin friendly materials for comfort high quality materials these men s shoes offer a soft breathable upper the interior lining provides superior cushioning for all day comfort lightweight comfortable mens tennis shoes lightweight design reduces foot fatigue allowing you to walk run or exercise with ease the shoe contours to the shape of your foot providing a snug and comfortable fit basic and fashionable slip on look the elasticated opening ensures a secure and convenient fit while making it easy to slip on and off durable laces ensure a secure closure while being adjustable for personal preference anti slip wear resistant outsole mens sneakers outsole is made from anti slip and wear resistant materials ensuring excellent grip and stability on various surfaces reduces the risk of slipping features machine washable walking on for any occasions walking running workout gym athletic sports jogging tennis bike riding hiking schools office casual outfit and go with jeans leggings shorts etc yituhio running shoes for mens fashion sneakers mens tennis walking shoes lightweight athletic shoes,22.76,4.0,292.0,37.0,0.2666840277777777,10
B0BYB5NPFN,Skechers Men's Respected Holmgren Slip in,Skechers Store,Loafers & Slip-Ons,https://m.media-amazon.com/images/I/41CSECcKZkL.jpg,https://www.amazon.com/dp/B0BYB5NPFN,skechers men s respected holmgren slip in skechers hands free slip ins for an easy fitair cooled memory foamgoga mat archrelaxed fit for a room comfort fit at toe and forefootanti slip goodyear performance outsole delivers enhanced traction stability and durability skechers mens respected holmgren slip in,56.4334,4.6,2392.0,6.0,0.31661505196192696,10
B00D881IBG,Skechers Men's Afterburn Memory Fit Lace-up Sneaker,Skechers Store,Fashion Sneakers,https://m.media-amazon.com/images/I/51z6M2PeQrL.jpg,https://www.amazon.com/dp/B00D881IBG,skechers men s afterburn memory fit lace up sneaker lace upskechers memory foam comfort insoleflexible rubber traction outsolearticu lyte shock absorbing supportive flexible midsoleskechers logo detail1 1 2 inch heel skechers men s afterburn m fit,60.8424,4.4,82102.0,3.0,0.28338833669666996,10
B0BYTDW4QR,Brooks Men’s Ghost Max Cushion Neutral Running & Walking Shoe,Brooks Store,Road Running,https://m.media-amazon.com/images/I/414Q741+2AL.jpg,https://www.amazon.com/dp/B0BYTDW4QR,brooks men s ghost max cushion neutral running walking shoe this men s shoe is for runners and walkers alike who want maximized cushion and a maximized protective ride with effortless smooth heel toe transitions and secure stable landings the ghost max is a certified pdac a5500 diabetic shoe and has been granted the apma seal of acceptance protective cushioning a high stack of dna loft v2 cushioning specifically in the forefoot combined with a unique glideroll rocker work together to decrease pressure underfoot for enhanced yet protective comfort from the arch of the foot all the way up to the knee stable ride a broad base offers inherent stability for a secure feel that doesn t interfere with your stride raised sidewalls offer optimal bending stiffness for a comfortably secure fit unique linear last construction makes fit inclusive of foot shapes and orthotics assisted transitions glideroll rocker transition technology actively promotes smooth heel toe transitions for an effortless feeling as you move that won t interfere with a neutral stride versatility an ideal choice for runners which aids by keeping people moving in their habitual motion path thereby reducing the odds for running related injuries additionally the ghost max is also an ideal choice for walkers as it actively reduces energy absorption in foot soft tissues,89.954,4.6,2065.0,16.0,0.2720086878807467,10
B07ZLM669B,Bruno Marc Men's KnitFlex Breeze Mesh Sneakers Oxfords Lace-Up Lightweight Casual Walking Shoes,Bruno Marc Store,Fashion Sneakers,https://m.media-amazon.com/images/I/41ZL9GfOjAL.jpg,https://www.amazon.com/dp/B07ZLM669B,bruno marc men s knitflex breeze mesh sneakers oxfords lace up lightweight casual walking shoes breathable comfort the knitted upper allows air to pass through making these men s casual shoes the quintessential summer essential responsive cushioned the cushy eva outsole and memory foam insole deliver great cushioning and responsiveness that absorbs impact with each step and ensures all day comfort easy on off the elasticated collar lace up design and rear pull tab make these men s business casual shoes easy to put on and take off plus the padded detail protects your heel from chafing lightweight each shoe weighs only 7 76oz and this makes walking in these men s dress sneakers effortless ideal for men that are on the go or on their feet all day casual semi formal style these men s casual shoes add an active vibe to daily outfits the wing shaped stitching on the upper makes these shoes accommodate smart casual or business casual attire as well,42.9912,4.6,14880.0,4.0,0.31290023612750884,10
B0CQTL7R2J,Brooks Men’s Adrenaline GTS 24 Supportive Running Shoe,Brooks Store,Road Running,https://m.media-amazon.com/images/I/41vMJlKPa5L.jpg,https://www.amazon.com/dp/B0CQTL7R2J,brooks men s adrenaline gts 24 supportive running shoe this men s shoe is for the adrenaline gts 24 provides support to every stride now with nitrogen infused dna loft v3 cushioning for even more lightweight plush comfort this brooks adrenaline gts 24 is a certified pdac a5500 diabetic shoe and has been granted the apma seal of acceptance predecessor adrenaline gts 23 guiderails holistic support system our innovative technology supports your body in its natural motion path while keeping excess movement in check dynamic cushioning nitrogen infused dna loft v3 midsole foam delivers soft smooth cushioning that adapts to your unique stride for lightweight comfort mile after mile enhanced upper engineered air mesh upper provides just right breathability stretch and structure for a comfortably accommodating fit smooth transitions newly designed outsole and midsole promote smooth transitions so you can do more comfortably,139.95,4.5,526.0,5.0,0.2901706349206349,10
B091M4492K,adidas Men's Hoops 3.0 Mid Sneaker,adidas Store,Fashion Sneakers,https://m.media-amazon.com/images/I/31Fk5PMEb9L.jpg,https://www.amazon.com/dp/B091M4492K,adidas men s hoops 3 0 mid sneaker men s mid cut basketball style shoes with a vintage lookdurable upper synthetic leather upper is soft and durablehigh traction the iconic rubber cupsole delivers great grip adidas originals mens hoops 3 0 mid,52.393,4.6,3717.0,29.0,0.32593549874495253,10
B07RFNMYS4,Nike Men's Flex Control TR3 Sneaker,Brand: Nike,Road Running,https://m.media-amazon.com/images/I/41uCZ+nY6UL.jpg,https://www.amazon.com/dp/B07RFNMYS4,nike men s flex control tr3 sneaker mesh upper provides lightweight breathability a durable overlay wraps from the midfoot around the heel for added supportsegmented rubber outrigger on the forefoot of the sole gives you stability during side to side movements overlays above the outrigger add durabilitynike flex sole lets your foot move naturally textured rubber tread outlines the sole for durable traction and stability emphasizing lightweight comfort and stability the nike flex control 3 shoe is tailored to explosive workouts its lightweight flexible upper features a midfoot saddle for adjustable stability while its outsole features deep flex grooves to let your foot move naturally,60.727,4.5,7235.0,35.0,0.2577377172758125,10
B0CKML13D6,adidas Unisex Adult Samba Indoor Soccer Shoe,Adidas Store,Soccer,https://m.media-amazon.com/images/I/41-cwW-8KEL.jpg,https://www.amazon.com/dp/B0CKML13D6,adidas unisex adult samba indoor soccer shoe performance soccer shoes for playing on indoor surfacessoccer sizing unisex product is men s sizing women should size down 1 to 1 5 sizesleather upper leather upper with suede overlays for comfort and soft feelsynthetic lining synthetic lining provides a soft comfortable feelindoor soccer outsole the grippy rubber outsole is specially designed for flat indoor surfaces adidas samba shoes have decades of soccer heritage behind them their soft leather upper will keep you comfortable on indoor courts while suede overlays provide abrasion resistance these shoes have a classic rubber outsole that provides grip to help you change direction on a dime and their lightweight eva insole helps smooth out every sprint,73.7718,4.5,677.0,1.0,0.19492909468147562,10
B073T4FJS1,Bruno Marc Men's Slip on Dress Loafers Formal Shoes,Bruno Marc Store,Loafers & Slip-Ons,https://m.media-amazon.com/images/I/31HOlByLvlL.jpg,https://www.amazon.com/dp/B073T4FJS1,bruno marc men s slip on dress loafers formal shoes men s loafers slip ons designed in usasoft synthetic leather upper features a square toeeasy slip on style with dual side goring for a comfortable fitsmooth vegan leather lining and cushioned foam footbed for all day comfortdress shoes with durable tpr outsole provides cushioning and shock absorption heel height 1 inch approx,39.9917,4.4,7031.0,15.0,0.36120238095238094,10
B0B2F3PM2R,On Men's Cloud X 3 Shift Sneakers,Brand: On,Road Running,https://m.media-amazon.com/images/I/41Zm-xfllNL.jpg,https://www.amazon.com/dp/B0B2F3PM2R,on men s cloud x 3 shift sneakers fabric performance meshrubber soleperforated panels reflective accents throughout cushioned collar and super soft insole designed for training ultra lightweight designheliontm superfoam injected cloudtec soleround toe cloud x 3,133.0811,4.5,1769.0,84.0,0.3654669140709957,10
B0777YX2L3,Skechers Men's Nampa groton,Skechers Store,Health Care & Food Service,https://m.media-amazon.com/images/I/312X6rkCqDL.jpg,https://www.amazon.com/dp/B0777YX2L3,skechers men s nampa groton memory foam footbedrelaxed fitslip resistantelectrical hazardfood service skechers mens nampa groton,34.9938,4.4,16800.0,4.0,0.18525740191032591,10
B0CS2YYTM4,"Hey Dude Wally Stretch Sox, Men’s Shoes, Men's Slip-on Loafers, Comfortable & Light-Weight",Hey Dude Store,Loafers & Slip-Ons,https://m.media-amazon.com/images/I/21NASFj9cIL.jpg,https://www.amazon.com/dp/B0CS2YYTM4,hey dude wally stretch sox men s shoes men s slip on loafers comfortable light weight rounded toe design and flex fold this supports healthy feet with its unique shape giving complete freedom of movement lightweight with elastic laces manufactured using an elastic material that allows them to flex with the foot resulting in a shoe that fits more uniformly each shoe weighs 6 ounces or less making it one of the lightest pairs of shoes around comfortable durable high quality material designed with you in mind this wally shoe boasts the comfort of walking on clouds featuring an insole that reduces odors lightweight outsole and breathable cotton fabric great for travel on the go the removable memory foam cushioned insole provides maximum comfort and reduces sweating and odors machine washable friendly cold sizing tip if you usually wear half sizes we suggest choosing the next size up for the best overall fit perfect gift for any occasion whether you re shopping for your dad husband brother or friend heydude shoes are the ultimate gift for christmas birthdays father s day or any special celebration,58.0311,4.7,293.0,3.0,0.41176835318571425,10
B0B3TBJ79D,VILOCY Men's Casual Dress Sneakers Oxfords Business Mesh Breathable Walking Shoes Tennis Comfortable,VILOCY Store,Fashion Sneakers,https://m.media-amazon.com/images/I/41llaSiZwSL.jpg,https://www.amazon.com/dp/B0B3TBJ79D,vilocy men s casual dress sneakers oxfords business mesh breathable walking shoes tennis comfortable 1 breathable stretchy knit fabric upper the lightweight and breathable knit upper adapts to your foot shape match with leather hits on heel and tongue make mens dress sneaker more fashionable 2 soft fabric lining flexible lightweight provide additional comfort 3 lace up closure with an elastic collar construction easy to take on and off 4 memory foam cushioning insole removable comfortable and soft the feeling of walking on the cloud and don t feel sore feet as you all day 5 versatility stylish these mens oxford shoes perfect for walking running work social party s business,42.997,4.4,8780.0,2.0,0.29417532467532465,10
B0CN854MLC,ASICS Men's Gel-Nimbus 26 Running Shoes,ASICS Store,Road Running,https://m.media-amazon.com/images/I/41j1TW7UrjL.jpg,https://www.amazon.com/dp/B0CN854MLC,asics men s gel nimbus 26 running shoes engineered knit upper wraps the foot with a soft feelat least 75 of the shoe s main upper material is made with recycled content to reduce waste and carbon emissions the sockliner is produced with the solution dyeing process that reduces water usage by approximately 33 and carbon emissions by approximately 45 compared to the conventional dyeing technology puregel technology helps provide lightweight cushioning and softer landingsff blast plus eco technology cushioning creates a softer landing and a more responsive toe off,109.9531,4.4,1391.0,19.0,0.28850617579883886,10
B000W93PX8,Rockport Men's Eureka Walking Shoe,Rockport Store,Walking,https://m.media-amazon.com/images/I/4113u8gx+0L.jpg,https://www.amazon.com/dp/B000W93PX8,rockport men s eureka walking shoe genuine leather leather upper is easy to clean and maintain so these walking shoes for men look and feel even better with timefatigue fighting footbed latex foam footbed generously cushions the foot to help reduce foot fatigue as you stand and walkbreathable lining moisture wicking mesh lining offers breathability to create extra comfortable walking shoes for menimpact absorbing eva midsole provides flexible lightweight impact absorptionstability and traction rubber outsole offers long wearing durability and helps to maintain a sure stride on a variety of surfacesa stable stride san crispino construction provides a wide base of support for all day stability rockport mens eureka walking shoe,69.953,4.3,28127.0,13.0,0.1511576970022867,10
B072FBNZHL,Skechers Men's Go Walk Max Slip-On Shoes,Skechers Store,Walking,https://m.media-amazon.com/images/I/41EsSOfoL1L.jpg,https://www.amazon.com/dp/B072FBNZHL,skechers men s go walk max slip on shoes lightweight responsive 5gen cushioning midsole and outsolegoga max cushioned comfort insolenearly seamless breathable athletic air mesh upperflexible rubber outsolemachine washable air dry get ready for convenient comfort and performance with the skechers go walk max shoe this pull on athletic walking style features a nearly seamless air mesh upper with lightweight 5gen cushioning midsole and outsole plus goga max insole,49.2924,4.4,54852.0,3.0,0.2298797892244116,10
B00MU2OR3W,Skechers Men's Expected Avillo Relaxed-Fit Slip-On Loafer,Skechers Store,Loafers & Slip-Ons,https://m.media-amazon.com/images/I/41ZCuonLWbL.jpg,https://www.amazon.com/dp/B00MU2OR3W,skechers men s expected avillo relaxed fit slip on loafer casual slip on shoe featuring lightly padded collar and concealed gored insets at entryembroidered logo at vampcushioned memory foam footbedshoes are 2e i e extra width for women and wide for men skechers men s expected avillo,42.1435,4.6,43469.0,1.0,0.28856861854250243,10
B01IA6CJ36,Skechers Men's Cankton Steel Toe Construction Shoe,Skechers Store,Shoes,https://m.media-amazon.com/images/I/51lXc36ngFL.jpg,https://www.amazon.com/dp/B01IA6CJ36,skechers men s cankton steel toe construction shoe steel toeelectrical hazardmemory foam comfort insole athletic construction skechers for work 1 steel toe cankton work shoe,69.9918,4.4,24941.0,4.0,0.2178693327296856,10
B0C7Y5S23T,Levi's Men's Carter Nb Sneaker,Levi's Store,Fashion Sneakers,https://m.media-amazon.com/images/I/41eLDjbJA5L.jpg,https://www.amazon.com/dp/B0C7Y5S23T,levi s men s carter nb sneaker synthetic vegan leather uppersdurable rubber outsole for added tractionlightly cushioned footbed for excellent comforticonic levi s branding and detailed stitchinglace up closure a classic low top sneaker never goes out of style in fact they re pretty much a staple in any men s wardrobe that s exactly what has inspired these levi s men s sneakers they re a simple and easy way to show off your old school style in a cool modern way the synthetic leather uppers and iconic levi s branding mean these shoes are as versatile as they are fashionable so add them to your favorite jeans and a tee or walk them into work with a button up shirt and pair of slacks either way you re going to be loving your look while feeling light on your feet thanks to the breathable fabric lining ultra comfy footbed and durable rubber outsole lace up these men s shoes and let their cool casual style show the world your laid back vibes,27.95,4.3,285.0,144.0,0.2049191919191919,10
B0B7RKW1X6,On Men's Cloudgo Sneakers,Brand: On,Road Running,https://m.media-amazon.com/images/I/41tty1pbM6L.jpg,https://www.amazon.com/dp/B0B7RKW1X6,on men s cloudgo sneakers fabric performance meshrubber solereflective accents throughout cushioned collar and super soft insole engineered for the needs of multi functional athletes and everyday wear ultra lightweight design connected cloudtec cushions at outsole new cloud swift,148.89,4.5,382.0,89.0,0.3323041445944407,10
B07GPPKNRV,Skechers Men's Moreno Ederson Oxford,Skechers Store,Fashion Sneakers,https://m.media-amazon.com/images/I/41ijAGTQJ+L.jpg,https://www.amazon.com/dp/B07GPPKNRV,skechers men s moreno ederson oxford skechers goga mat arch cushioned supportair cooled memory foamwide fitvintage washed canvas lace up casual sneakersuede textured heel panel skechers mens moreno canvas oxford,54.3422,4.4,14163.0,171.0,0.3158052721088435,10
B078HZRH3L,Cole Haan Mens 2.Zerogrand Laser Wingtip Oxford,Cole Haan Store,Oxfords,https://m.media-amazon.com/images/I/41-9+9b63LL.jpg,https://www.amazon.com/dp/B078HZRH3L,cole haan mens 2 zerogrand laser wingtip oxford laser cut wingtip upper pattern in textured smooth leather nubuck or suedefully padded sock lining for ultimate comfortfully rubber outsole with grand os technology cole haan mens running shoes,139.9912,4.7,2480.0,12.0,0.4058424908424908,10
B0BMTMZCHT,Brooks Men’s Trace 3 Neutral Running Shoe,Brooks Store,Road Running,https://m.media-amazon.com/images/I/41Pi65fYGPL.jpg,https://www.amazon.com/dp/B0BMTMZCHT,brooks men s trace 3 neutral running shoe this men s shoe is for the trace 3 is for runners who want a shoe that is going to be soft and dependable smooth transitions segmented crash pad cushions your landing and creates a seamless transition from heel to toe updated secure fit new engineered air mesh provides breathability and a soft feel soft cushioning dna loft cushioning is softer than before and also adaptable for lasting comfort mile after mile that reacts to your unique stride breathable upper air mesh upper offers more breathability to keep runners dry and comfortable,99.95,4.6,529.0,26.0,0.4539416416916417,10
B001NZCXNI,Merrell Men's Jungle Leather Slip-On Shoe,Merrell Store,Loafers & Slip-Ons,https://m.media-amazon.com/images/I/41out18y2zL.jpg,https://www.amazon.com/dp/B001NZCXNI,merrell men s jungle leather slip on shoe comfort features like pigskin lining and an ortholite footbed make this slip on the perfect everyday companion compression molded eva footframe provides cushioningmerrell air cushion in the heel absorbs shock and adds stability and breathable mesh lining simple comfy and casual this slip on from merrell is a perfect fit,62.0738,4.6,27004.0,26.0,0.3058443855787606,10
B07DPCDSWS,Reebok Unisex Adult Club C 85 Vintage,Unknown,Fashion Sneakers,https://m.media-amazon.com/images/I/21JgOLbknGL.jpg,https://www.amazon.com/dp/B07DPCDSWS,reebok unisex adult club c 85 vintage sneakers with signature style these men s and women s fashion sneakers feature a soft garment leather upper for full foot support complete with comfortable terry lining on the tongue top and heel a woven reebok label adds vintage appeal and styleefficient support for everyday these stylish sneakers for women and men feature a supportive die cut eva midsole designed to absorb impact for long strolls and all day wear these tennis shoes will always complement your favorite go to outfitswalking shoes with comfort and style these walking sneakers for women and men feature a sleek low top design that offers enhanced ankle mobility so you can keep moving all day long a padded foam sockliner provides responsive cushioningtraction in mind these shoes feature high abrasion rubber outsoles for durable responsiveness so you can move with confidencesignature silhouette a low cut design lends these tennis shoes a sleek sophisticated silhouette an archive logo and window box add to the unique appeal of these sneakers reebok unisex adult club c 85 vintagereebok,69.9922,4.6,921.0,15.0,0.3213950216450216,10
B0BTX2DWV1,Women's Cotton Printed Blue Anarkali Kurta With Palazzo & Dupatta,Meera Fab Store,Tunics,https://m.media-amazon.com/images/I/41hubtyHEPL.jpg,https://www.amazon.com/dp/B0BTX2DWV1,women s cotton printed blue anarkali kurta with palazzo dupatta size chart kurta xs 34 in s 36 in m 38 in l 40 in xl 42 in xxl 44 in for more please refer to the size chart below package contains 1 kurta 1 palazzo dupattafabric kurta cotton palazzo cotton dupatta mulmulcolour declaration there might be slight variation in the actual color of the product due to different screen resolutions sleeve 3 4 regular sleeves neck style round neck,32.98,3.9,7358.0,1683.0,0.34836451251927436,9
B0BV7HNMJ2,Steel Blue Cotton Straight Kurta Palazzo Suit Set,Biba Store,Dresses,https://m.media-amazon.com/images/I/414rTrY7NwL.jpg,https://www.amazon.com/dp/B0BV7HNMJ2,steel blue cotton straight kurta palazzo suit set fabric cottoncolor blueneck v neckpattern printed,28.95,3.6,14.0,2686897.0,-0.006666667,1
B0CTZZP8LN,Women's Light Green Floral Printed Cotton Straight Kurta,FIORRA Store,Tunics,https://m.media-amazon.com/images/I/41eDS8aWPAL.jpg,https://www.amazon.com/dp/B0CTZZP8LN,women s light green floral printed cotton straight kurta kurta material cottonstyle a lime kurta calf length with long sleevethis product ready chest size small 36 inch medium 38 inch large 40 inch xl 42 inch xxl 44 inch package contain topdisclaimer product color may slightly vary due to photographic lighting sources or your monitor settings leave a lasting impression on your peers by wearing this light green kurta from fiorra tailored to sartorial perfection from premium quality fabric it assures a soft and soothing touch against the skin the v neck elevates its design the sleeveless further speak for itself the floral print makes it a bewitching choice,26.4237,4.2,832.0,2047.0,0.4179284188034188,10
B0CQG4FZ5M,SIRIL Women's Crepe Printed Straight Kurta Set with Dupatta,SIRIL Store,Unknown,https://m.media-amazon.com/images/I/41JJjNhQtLL.jpg,https://www.amazon.com/dp/B0CQG4FZ5M,siril women s crepe printed straight kurta set with dupatta kurta length 45inch kurta sleeves 17inch dupatta length 2 20mtr pant waist 28inchkurta fabric crepe kurta work printed pant fabric crepe pant work dyed dupatta fabric nazneen dupatta work dyed fabric lace kurta color black pant color black dupatta color blackkurta color black pant color black dupatta color blackreadymade outfit kurta set that offers convenience without compromising on style perfectly suited for all occasions from spring and summer events to office and official settings designed for daily wear offering comfort and style throughout the day suitable for casual outings adding a touch of sophistication to any look a statement piece that effortlessly transitions from day to night making it suitable for clubbing or after work gatherings women s nowadays are much inclined towards something that is easy to wear looks fashionable and attractive at the same time look unique and smart by wearing this crepe kurta from siril,28.95,3.7,174.0,2686897.0,0.4154761904761905,10
B0C8MZ6VQ1,KISAH Men's Cream Jacquard Indowestern Sherwani Kurta & Pajama Set – Mandarin Collar | Indian Wedding & Festive Wear,KISAH Store,Sleep Sets,https://m.media-amazon.com/images/I/41cZZ1HGh3L.jpg,https://www.amazon.com/dp/B0C8MZ6VQ1,kisah men s cream jacquard indowestern sherwani kurta pajama set mandarin collar indian wedding festive wear premium quality craftmanship our sherwani sets are meticulously crafted with high quality materials and intricate detailing a luxurious ethnic attire ensuring superior comfort and durability modern contemporary design while sherwani sets have traditional roots modern designs have adapted the style to cater to contemporary tastes men can find sherwani sets with modern silhouettes innovative cuts and contemporary color combinations blending aesthetics hand made in india individually made by skilled artisans each sherwani set tunic is meticulously crafted and checked for finesse ensuring exceptional quality occasion and gifting occasion and gifting the sherwani set with high quality fabric can be worn both casually and formally it is suitable for occasions such as weddings ceremonies parties regular wear festivals lohri makar sankranti baisakhi holi father s day eid raksha bandhan dussehra diwali navratri pooja christmas onam ganesha business meetings and daily use additionally it can be given as a gift to family and friends discover a wide range of elegantly designed sherwanis that embody traditional charm and modern style these sherwani are perfect for grooms and groomsmen featuring exquisite embroidery and opulent designs,159.992,3.4,26.0,3240.0,0.3170555556,5
B0C8MYJMTG,"KISAH Men's Jacquard Indowestern Sherwani & Pajama Set - Regular Fit, Mandarin Collar |Indian Ethnic Wedding & Festive Wear",KISAH Store,Sleep Sets,https://m.media-amazon.com/images/I/41RI-DXjYfL.jpg,https://www.amazon.com/dp/B0C8MYJMTG,kisah men s jacquard indowestern sherwani pajama set regular fit mandarin collar indian ethnic wedding festive wear elegant sherwani set discover a wide range of elegantly designed sherwanis that embody traditional charm and modern style these sherwani sets are perfect for grooms and groomsmen featuring exquisite and opulent designs modern contemporary design while sherwani sets have traditional roots modern designs have adapted the style to cater to contemporary tastes men can find sherwani sets with modern silhouettes innovative cuts and contemporary color combinations blending traditional aesthetics with a fresh and fashionable twist occasion and gifting sherwani set with high quality fabric can be worn both casually and formally it is suitable for occasions such as weddings ceremonies parties festivals lohri makar sankranti baisakhi holi eid raksha bandhan dussehra diwali navratri pooja onam ganesha etc hand made in india individually made by skilled artisans each sherwani set tunic is meticulously crafted and checked for finesse ensuring exceptional quality flaunt your style with a sherwani set from kisah dress this piece up with your favourite accessories and head out to any event in style,149.99,4.0,32.0,724.0,0.3122663096615164,10
B0BS193562,"Men Ethnic Gold Leaves 100% pure Jacquard Kurta & Aladdin salwar special for EID, In Panjabi Style",Brand: Over Crowd,Clothing,https://m.media-amazon.com/images/I/411zf5k5erL.jpg,https://www.amazon.com/dp/B0BS193562,men ethnic gold leaves 100 pure jacquard kurta aladdin salwar special for eid in panjabi style great as a gift for men everyone uses partywear on numerous occasions give this new look jacquard kurta with zari work trendy design patiala salwar pyjama set as a thoughtful gift for your loved one s next birthday anniversary wedding or any occasion this is why it makes the perfect present for your dad husband son or friend diversity i underlines its party wear ethnic allure through its latest designfrom over crowd this brand is famous for selling its product at factory rates made in indiadisclaimer product colour may vary due to photographic lighting sources or your display settings wash care do not bleach normal washfebric high quality branded jacquard febric great as a gift for men everyone uses partywear on numerous occasions give this new look jacquard kurta with zari work trendy design alladin pant salwar dhoti set as a thoughtful gift for your loved one s next birthday anniversary wedding or any occasion this is why it makes the perfect present for your dad husband son or friend diversity i underlines its party wear ethnic allure through its latest designfrom larwa this brand is famous for selling its product at factory rates made in indiadisclaimer product colour may vary due to photographic lighting sources or your display settings wash care do not bleach normal washfebric high quality branded jacquard febric,45.0025,4.1,84.0,38621.0,0.23560606060606057,4
B0CD2K7KKG,KISAH Men's Jacquard Indowestern Sherwani & Pajama Set - Regular Fit|Indian Ethnic Wedding & Festive Wear for Men,KISAH Store,Suits,https://m.media-amazon.com/images/I/31ydZi89XxL.jpg,https://www.amazon.com/dp/B0CD2K7KKG,kisah men s jacquard indowestern sherwani pajama set regular fit indian ethnic wedding festive wear for men elegant sherwani set discover a wide range of elegantly designed sherwanis that embody traditional charm and modern style these sherwani sets are perfect for grooms and groomsmen featuring exquisite and opulent designs modern contemporary design while sherwani sets have traditional roots modern designs have adapted the style to cater to contemporary tastes men can find sherwani sets with modern silhouettes innovative cuts and contemporary color combinations blending traditional aesthetics with a fresh and fashionable twist occasion and gifting sherwani set with high quality fabric can be worn both casually and formally it is suitable for occasions such as weddings ceremonies parties festivals lohri makar sankranti baisakhi holi eid raksha bandhan dussehra diwali navratri pooja onam ganesha etc hand made in india individually made by skilled artisans each sherwani set tunic is meticulously crafted and checked for finesse ensuring exceptional quality flaunt your style with a sherwani set from kisah dress this piece up with your favourite accessories and head out to any event in style,149.99,3.5,20.0,532.0,0.1890816326530612,7
B0C8MT7B74,"KISAH Men's Indo-Western Kurta Sherwani Churidar Set Cotton Full Sleaves, Straight, Ethnic Wear | Traditional Wear for Men",KISAH Store,Suits,https://m.media-amazon.com/images/I/41rtrSfmMyL.jpg,https://www.amazon.com/dp/B0C8MT7B74,kisah men s indo western kurta sherwani churidar set cotton full sleaves straight ethnic wear traditional wear for men elegant sherwani set discover a wide range of elegantly designed sherwanis that embody traditional charm and modern style these sherwani sets are perfect for grooms and groomsmen featuring exquisite embroidery and opulent designspremium quality craftmanship our sherwani sets are meticulously crafted with high quality materials and intricate detailing a luxurious ethnic attire ensuring superior comfort and durability modern contemporary design while sherwani sets have traditional roots modern designs have adapted the style to cater to contemporary tastes men can find sherwani sets with modern silhouettes innovative cuts and contemporary color combinations blending traditional aesthetics with a fresh and fashionable twist hand made in india individually made by skilled artisans each sherwani set is meticulously crafted and checked for finesse ensuring exceptional quality occasions ideal for weddings receptions festive celebrations such as diwali bhaidooj sankranti eid holi ramadan lohri rakhi etc and royal parties this set combines traditional indian motifs with a modern aesthetic perfect for men who want to showcase sophistication at any event while sherwani sets have traditional roots modern designs have adapted the style to cater to contemporary tastes men can find sherwani sets with modern silhouettes innovative cuts and contemporary color combinations blending traditional aesthetics with a fresh and fashionable twist,28.95,2.2,4.0,2686897.0,0.41666666666666663,2
B0CPF94HN3,Men's Navy Blue Silk Blend Sherwani Set | Imported Fabric Designer Indowestern and Pant style Pyjama,Brand: VASTRAMAY,Suits,https://m.media-amazon.com/images/I/31cH5JeNzxL.jpg,https://www.amazon.com/dp/B0CPF94HN3,men s navy blue silk blend sherwani set imported fabric designer indowestern and pant style pyjama bangalori silk indowestern sherwani for men stright cut slim fit has full sleeves and mandarin neck comes with cowl style viscose dhoti bangalori silk indowestern sherwani for men stright cut slim fit has full sleeves and mandarin neck comes with cowl style viscose dhoti,28.95,4.0,4.0,2686897.0,-0.413333333,1
B0CG6JHZT8,KISAH Men's Jacquard Indowestern Sherwani & Pajama Set - Regular Fit|Indian Ethnic Wedding & Festive Wear for Men,KISAH Store,Suits,https://m.media-amazon.com/images/I/41PlIWX7nQL.jpg,https://www.amazon.com/dp/B0CG6JHZT8,kisah men s jacquard indowestern sherwani pajama set regular fit indian ethnic wedding festive wear for men elevate your ethnic wardrobe with this kisah men s olive green jacquard motif sherwani kurta pyjama set designed for grand occasions like weddings receptions and royal parties this luxurious ensemble exudes sophistication and traditional charm color olive green top with intricate paisley motifs offering a regal and timeless look and off white bottom wear fabric crafted from a rich silk blend jacquard fabric providing a luxurious texture and refined appearance design features a mandarin collar and front button closure with exquisite detailed embroidery for a royal finish fit regular fit designed for comfort while maintaining a sharp silhouette available size s 38 m 40 l 42 xl 44 please see the size chart in description or image section before ordering bottom wear paired with a matching off white churidar with adjustable drawstring closure complementing the sherwani perfectly occasion ideal for weddings festive celebrations and cultural events such as diwali bhaidooj sankranti eid rakhi etc where you want to make a grand impression make a statement with this opulent sherwani that reflects tradition and elegance ensuring you stand out at any special occasion flaunt your style with a sherwani set from kisah dress this piece up with your favourite accessories and head out to any event in style,249.99,3.5,20.0,532.0,0.0,0
B0CD2JYPGB,KISAH Men's Jacquard Indowestern Sherwani Kurta & Dhoti Set - Regular Fit|Indian Ethnic & Festive Wear,KISAH Store,Clothing,https://m.media-amazon.com/images/I/414SFuQPTuL.jpg,https://www.amazon.com/dp/B0CD2JYPGB,kisah men s jacquard indowestern sherwani kurta dhoti set regular fit indian ethnic festive wear elegant sherwani set discover a wide range of elegantly designed sherwanis that embody traditional charm and modern style these sherwani sets are perfect for grooms and groomsmen featuring exquisite and opulent designs modern contemporary design while sherwani sets have traditional roots modern designs have adapted the style to cater to contemporary tastes men can find sherwani sets with modern silhouettes innovative cuts and contemporary color combinations blending traditional aesthetics with a fresh and fashionable twist occasion and gifting sherwani set with high quality fabric can be worn both casually and formally it is suitable for occasions such as weddings ceremonies parties festivals lohri makar sankranti baisakhi holi eid raksha bandhan dussehra diwali navratri pooja onam ganesha etc hand made in india individually made by skilled artisans each sherwani set tunic is meticulously crafted and checked for finesse ensuring exceptional quality flaunt your style with a sherwani set from kisah dress this piece up with your favourite accessories and head out to any event in style,174.99,3.1,12.0,90148.0,0.27231501831501825,5
B0CYPN3HCB,KISAH Men's Jacquard Indowestern Sherwani Pajama Set – Mandarin Collar | Indian Wedding & Festive Wear,KISAH Store,Suits,https://m.media-amazon.com/images/I/3159XrFmEfL.jpg,https://www.amazon.com/dp/B0CYPN3HCB,kisah men s jacquard indowestern sherwani pajama set mandarin collar indian wedding festive wear premium quality craftmanship our sherwani sets are meticulously crafted with high quality materials and intricate detailing a luxurious ethnic attire ensuring superior comfort and durability modern contemporary design while sherwani sets have traditional roots modern designs have adapted the style to cater to contemporary tastes men can find sherwani sets with modern silhouettes innovative cuts and contemporary color combinations blending aesthetics hand made in india individually made by skilled artisans each sherwani set tunic is meticulously crafted and checked for finesse ensuring exceptional quality occasion and gifting occasion and gifting the sherwani set with high quality fabric can be worn both casually and formally it is suitable for occasions such as weddings ceremonies parties regular wear festivals lohri makar sankranti baisakhi holi father s day eid raksha bandhan dussehra diwali navratri pooja christmas onam ganesha business meetings and daily use additionally it can be given as a gift to family and friends discover a wide range of elegantly designed sherwanis that embody traditional charm and modern style these sherwani are perfect for grooms and groomsmen featuring exquisite embroidery and opulent designs,149.99,4.0,26.0,645.0,0.525327380952381,8
B0CD2J212W,"KISAH Men's Printed Sherwani Kurta & Pajama Set - Regular Fit, Mandarin Collar| Ethnic Wear Mens Wear, Blue, 40",KISAH Store,Sleep Sets,https://m.media-amazon.com/images/I/41n1GnE3yBL.jpg,https://www.amazon.com/dp/B0CD2J212W,kisah men s printed sherwani kurta pajama set regular fit mandarin collar ethnic wear mens wear blue 40 make a statement with this regal kisah men s sky blue printed sherwani pajama set the luxurious cotton jacquard fabric features intricate gold ethnic motifs perfect for adding an elegant touch to any celebration color sky blue with stunning gold ethnic motifs sherwani and off white churidar pant fabric cotton blend jacquard offering a premium feel and an exquisite look fit regular fit with a mandarin collar and front button closure for a sophisticated look available size s 38 m 40 l 42 xl 44 please see the size chart in description or image section before ordering design ornate jacquard patterning throughout the sherwani for an opulent regal appearance bottom wear paired with slim fit off white churidar pajama pants with adjustable drawstring closure for comfort and ease of movement occasion perfect for weddings receptions and festive occasions such as diwali bhaidooj sankranti eid rakhi etc this sherwani set blends traditional craftsmanship with modern style ensuring you stand out at any grand event,149.99,3.0,2.0,4654.0,-0.02,1
B0CSG34RQS,"KISAH Men's Kurta Indo Western Sherwani Trouser Set, Navy Blue Jacquard, Woven Regular Fit| Traditional Wear for Men",KISAH Store,Suits,https://m.media-amazon.com/images/I/41MSjLbrsxL.jpg,https://www.amazon.com/dp/B0CSG34RQS,kisah men s kurta indo western sherwani trouser set navy blue jacquard woven regular fit traditional wear for men material jacquard pattern woven sleeves type long sleeveelegant sherwani set discover a wide range of elegantly designed sherwanis that embody traditional charm and modern style these sherwani sets are perfect for grooms and groomsmen featuring exquisite embroidery and opulent designsmodern contemporary design while sherwani sets have traditional roots modern designs have adapted the style to cater to contemporary tastes men can find sherwani sets with modern silhouettes innovative cuts and contemporary color combinations blending traditional aesthetics with a fresh and fashionable twist occasion and gifting sherwani set with high quality fabric can be worn both casually and formally it is suitable for occasions such as weddings ceremonies parties festivals lohri makar sankranti baisakhi holi eid raksha bandhan dussehra diwali navratri pooja christmas onam ganesha etc additionally it can be given as a gift to family friendshand made in india individually made by skilled artisans each sherwani set tunic is meticulously crafted and checked for finesse ensuring exceptional quality discover a wide range of elegantly designed sherwanis that embody traditional charm and modern style these sherwani sets are perfect for grooms and groomsmen featuring exquisite embroidery and opulent designs,28.95,1.0,1.0,2686897.0,0.1499999999999999,1
B0CG6CV5J2,KISAH Men's Jacquard Indowestern Sherwani & Pajama Set - Regular Fit|Indian Ethnic Wedding & Festive Wear for Men,KISAH Store,Suits,https://m.media-amazon.com/images/I/41Uez5CKpgL.jpg,https://www.amazon.com/dp/B0CG6CV5J2,kisah men s jacquard indowestern sherwani pajama set regular fit indian ethnic wedding festive wear for men embrace tradition with style in this refined kisah men s silk blend embroidery sherwani trouser set in olive green designed with intricate embroidery to add an extra touch of luxury crafted with care in a premium silk blend this sherwani and churidar set is perfect for weddings receptions and grand occasions where elegance is essential color a rich olive green offering a unique and sophisticated look that stands out in any setting pattern delicate embroidery with ethnic motifs in a jacquard design adding texture and visual appeal to the sherwani fabric high quality silk blend providing a luxurious sheen and soft feel for comfortable all day wear fit style tailored to a contemporary fit that flatters while ensuring ease of movement allowing you to look stylish and feel comfortable bottomwear paired with a classic churidar designed to complement the sherwani and complete the polished look occasions ideal for weddings receptions and other formal gatherings where tradition and elegance meet flaunt your style with a sherwani set from kisah dress this piece up with your favourite accessories and head out to any event in style,199.99,3.5,20.0,532.0,0.0,0
B0C8N1C4BG,KISAH Men's Jacquard Indowestern Sherwani Pajama Set – Mandarin Collar | Indian Wedding & Festive Wear,KISAH Store,Sleep Sets,https://m.media-amazon.com/images/I/41xZkkX-FOL.jpg,https://www.amazon.com/dp/B0C8N1C4BG,kisah men s jacquard indowestern sherwani pajama set mandarin collar indian wedding festive wear premium quality craftmanship our sherwani sets are meticulously crafted with high quality materials and intricate detailing a luxurious ethnic attire ensuring superior comfort and durability modern contemporary design while sherwani sets have traditional roots modern designs have adapted the style to cater to contemporary tastes men can find sherwani sets with modern silhouettes innovative cuts and contemporary color combinations blending aesthetics hand made in india individually made by skilled artisans each sherwani set tunic is meticulously crafted and checked for finesse ensuring exceptional quality occasion and gifting occasion and gifting the sherwani set with high quality fabric can be worn both casually and formally it is suitable for occasions such as weddings ceremonies parties regular wear festivals lohri makar sankranti baisakhi holi father s day eid raksha bandhan dussehra diwali navratri pooja christmas onam ganesha business meetings and daily use additionally it can be given as a gift to family and friends discover a wide range of elegantly designed sherwanis that embody traditional charm and modern style these sherwani are perfect for grooms and groomsmen featuring exquisite embroidery and opulent designs,149.9917,4.0,26.0,1725.0,0.0,0
B07P7XLJDF,"Royal Kurta Mens Polyviscose Bandhgala Kneelong Sherwani (40, Black)",Brand: Royal Kurta,Suits,https://m.media-amazon.com/images/I/319-Zb6dh8L.jpg,https://www.amazon.com/dp/B07P7XLJDF,royal kurta mens polyviscose bandhgala kneelong sherwani 40 black the chest sizes displayed are based on body measurement not actual apparel measurement kurta shirt s actual chest measurement stich to stich 1 inch below the arm hole is 4 inches more than the displayed chest measurement e g if kurta shirt s actual chest measurement is 44 inches we display it as 40 inchesfabric suiting blended washcare dry clean only length kneelong occasion festive eid diwali marriage sangeer mehendi nawab style dryclean only 100 handmade sating lining inside material composition 50 polyster20 viscose10 synthetic 20 silkcome s with free size churidar bottom sfit type regular fit this is the most unique style sherwani costume that you can find on amazon for a ethnic and fusion use this custom made tailoring is going to make you look slim and tall with it s royalty touch feel and stich makes it bespoke crafted by most unique pakistani fabricatior s working on out fit s of ancient nawab s and maharaja s come s with an comlimentary pocket sqaure and free size loose silk blended churidaar bottom s that is 46 in length and 48 as waist for larger size it s custom made,100.0,2.6,3.0,2686897.0,-0.025,1
B01C7KBKJU,Men's Cotton Welcro Pocket Dhoti 32 White,Brand: PRAKASAM COTTON,Unknown,https://m.media-amazon.com/images/I/41TGYUDrOkL.jpg,https://www.amazon.com/dp/B01C7KBKJU,men s cotton welcro pocket dhoti 32 white cottonhook and loop closuremachine wash,28.95,4.1,646.0,2686897.0,0.42667361111111113,10
B01EX7UGI6,Exotic India Afterglow Dhoti and Angavastram Set from Kashi with Wov - Off-White,Exotic India Store,Sleep Sets,https://m.media-amazon.com/images/I/31BMoA5TyTL.jpg,https://www.amazon.com/dp/B01EX7UGI6,exotic india afterglow dhoti and angavastram set from kashi with wov off white afterglow dhoti and angavastram set from kashi with woven narrow borderpolycottonmade in indiahand wash angavastram length 92 inches width 45 inches dhoti length 180 inches width 45 inches,28.95,5.0,2.0,6541.0,0.55,1
B08DD9LQ9S,"Mens Single (1.28 X 2.00 mtrs) Colour Thalathi Border Dhoties for mens/fine quality Single Dhoties for men's, WHITE, 1.28x2.00 mtrs",Brand: PRAKASAM COTTON,Sleep Bottoms,https://m.media-amazon.com/images/I/41hwSWmbEgL.jpg,https://www.amazon.com/dp/B08DD9LQ9S,mens single 1 28 x 2 00 mtrs colour thalathi border dhoties for mens fine quality single dhoties for men s white 1 28x2 00 mtrs fabric pure cottonsize 1 28 x 1 95 mtrs pattern a solid pattern is a popular choice when it comes to fashion and design it is a pattern that is made up of one single color or texture throughout the entire designthis fabric is made of 100 cotton which is known for its fine quality and comfort cotton is a popular choice for clothing due to its breathability durability and versatility making it a great option for those with sensitive skin this fine quality cotton is perfect for dhoties with its soft texture and natural feel this fabric is sure to be a favorite among those who appreciate the comfort and sustainability of natural fibers whether you re looking for the perfect suit for a formal occasion or something more casual for everyday wear there are plenty of options to choose from from classic and timeless styles to more modern and trendy looks there s something for everyone prakasam cotton mens single 1 28 x 2 00 mtrs colour thalathi border dhoti fine quality single dhoti white,20.0,4.0,169.0,19800.0,0.18487179480512822,5
B07VCLR2ZS,"Mens White Single (4Mulam) Cotton Dhoti with Jari Border (Pack of 1 Dhoti, Size- 1.30X2.00 Mtrs)",Brand: PRAKASAM COTTON,Clothing,https://m.media-amazon.com/images/I/01jXf3EljBL.jpg,https://www.amazon.com/dp/B07VCLR2ZS,mens white single 4mulam cotton dhoti with jari border pack of 1 dhoti size 1 30x2 00 mtrs pack of 1 dhotifabric cottonsize 1 30 x 2 00 mtrs jari border size up to 3 4 inches wash care while wash don t add blue gentle machine or hand wash wash with like colours dark colours separately while wash prakasam cotton brand is the leading sale brand online dhoties in indian online market our products are very traditional and soft and comfort the white dhoti with gold jari border looks attract to all festival and wedding,17.89,4.1,250.0,2686897.0,0.33153388277619045,10
B0DFVMT38X,"Rameshwaram Fabrics Men's Readymade Elastic Silk Dhoti, Comfortable Pre-Stitched Dhothi",Rameshwaram Fabrics Store,Unknown,https://m.media-amazon.com/images/I/41IIhohJMQL.jpg,https://www.amazon.com/dp/B0DFVMT38X,rameshwaram fabrics men s readymade elastic silk dhoti comfortable pre stitched dhothi normal hand washpackage 1 nos readymade dhotifit for medium size 42occasion regular wedding pooja festival onam traditional south indian dhoti and lungi collection for men elevate your traditional wardrobe with our exclusive collection of dhotis lungis and veshtis perfect for every south indian occasion whether you re looking for a classic kerala mundu a stylish kasavu mundu or a comfortable cotton lungi our range offers something for every man who values tradition and comfort lungis for men discover our soft and breathable cotton lungis available in a variety of colors including classic white black and kavi ideal for casual wear or traditional ceremonies our lungis are tailored to provide maximum comfort kerala mundu embrace the elegance of the kerala mundu crafted from pure cotton or silk our collection includes kasavu mundus with golden borders perfect for onam and other festive occasions velcro dhoti and ready made options for those who prefer convenience our ready made dhotis and velcro dhotis offer an easy to wear alternative without compromising on the traditional look south indian dhoti our selection of south indian dhotis our brand provide the dhotis perfect for pujas weddings and other cultural events these dhotis come in various lengths and styles including double mundus and pocket dhotis panche for men explore our range of panche and veshti available in different fabrics and designs to suit your traditional attire needs ethnic and festive wear complete your look with our dhoti and angavastram sets ideal for religious ceremonies or festive celebrations we also offer stylish dhoti kurta sets perfect for a traditional yet contemporary look each piece in our collection is designed with the utmost care to ensure it meets the highest standards of quality and comfort whether you re attending a temple ceremony celebrating a festival or just want to stay comfortable at home our range of south indian traditional wear is perfect for you view now and embrace the elegance of south indian tradition with our premium collection of dhotis lungis and more,28.95,3.4,19.0,2686897.0,0.08333333333333331,6
B0D6VDRSKS,Men's Polycotton Temple Wear Dhoti with Angavastharam Towel,Brand: TUNI MANI,Clothing,https://m.media-amazon.com/images/I/31Sfsi79GeL.jpg,https://www.amazon.com/dp/B0D6VDRSKS,men s polycotton temple wear dhoti with angavastharam towel tuni mani polycotton dhoti with angavastaram towel dhoti length 1 92meter towel 30 x 55 inchescare instructions normal machine wash hand wash recommendeddhoti length 1 92meter towel 30 x 55 inches it s a free size dhoti suitable for adultsoccasion pooja temple wear traditional wear festival wear tuni mani polycotton temple wear dhoti with angavastaram towel dhoti length 1 92meter towel 30 x 55 inches it s a free size dhoti suitable for adults,21.65,4.2,65.0,2686897.0,0.45640624999999996,10
B09KVJHLKV,"Rameshwaram Fabrics Men's Silk Ready to Wear Dhoti for men (Readymade Dhoti Pant with Dupatta), Suitable with Kurta, Free Size, Cream, Free Size",Rameshwaram Fabrics Store,Robes,https://m.media-amazon.com/images/I/31WgHFEA0-L.jpg,https://www.amazon.com/dp/B09KVJHLKV,rameshwaram fabrics men s silk ready to wear dhoti for men readymade dhoti pant with dupatta suitable with kurta free size cream free size facing problem to wear dhoti don t worry we are introducing the ready to wear dhoti which you can easily wear or drapefree size readymade dhoti and angwastrampackage content 1 pc dhoti dupatta or stoleproduct colour may slightly vary due to photographic lighting sources or your monitor settingssuitable for marriage wedding pooja puja navratri festival,32.0,3.7,105.0,409.0,-0.03333333333333335,3
B08CCY61FS,"Paramsukh Dhoti's, Full Length, Men's Ethnic Wear, White (Pure Cotton)",Brand: Generic,Boys,https://m.media-amazon.com/images/I/411Enc1WF9L.jpg,https://www.amazon.com/dp/B08CCY61FS,paramsukh dhoti s full length men s ethnic wear white pure cotton material cotton order 5 or more quantities to avail discountshand and machine washable do not bleachperfect for daily party wearsoftens after first washperfect choice for every indian men with elegant design pps textiles bring you the very first pure cotton dhoti at your doorstep coming in three varieties with white color this product is weaved to match your personality,28.95,4.4,0.0,2686897.0,0.0,0
B0C5LX7VCQ,"Rameshwaram Fabrics Men's Readymade Elastic Cotton Silk Dhoti for men, Free Size (Ready-to-wear-Dhoti), Cream, 42W x 34L",Rameshwaram Fabrics Store,Bottoms,https://m.media-amazon.com/images/I/41LjWB5C77L.jpg,https://www.amazon.com/dp/B0C5LX7VCQ,rameshwaram fabrics men s readymade elastic cotton silk dhoti for men free size ready to wear dhoti cream 42w x 34l normal hand washpackage 1 nos readymade dhotifit for medium size 42occasion regular wedding pooja festival,28.95,3.6,113.0,1010211.0,0.3898888888555555,10
B09CVB14HY,"Men's Cotton Dhoti/Kerala Style Dhoti, 2.0meter (Pack of 2), Light Brown&Grey, Free Size",Brand: TUNI MANI,Bottoms,https://m.media-amazon.com/images/I/51WRA-aWUrL.jpg,https://www.amazon.com/dp/B09CVB14HY,men s cotton dhoti kerala style dhoti 2 0meter pack of 2 light brown grey free size tuni mani cotton dhotis pack of 2 pcs comes with two different colourcare instructions normal machine wash recommendedit is a free size dhoti suitable for adultsoccasion temple wear daily wear festival wearfit type relaxed tuni mani cotton dhotis pack of 2 pcs comes with two different colour care instructions normal machine wash recommended it s a free size dhoti suitable for adults,24.47,3.7,146.0,2686896.0,0.22208333333333333,10
B07FDRXL7D,"Amazon Essentials Women's Classic-Fit Short-Sleeve Crewneck T-Shirt, Multipacks",Amazon Essentials Store,T-Shirts,https://m.media-amazon.com/images/I/414vqf1-YHL.jpg,https://www.amazon.com/dp/B07FDRXL7D,amazon essentials women s classic fit short sleeve crewneck t shirt multipacks womens topsclassic fit close but comfortable fit with easy movement cotton modal blend jersey super soft cotton modal jersey with added stretch for all day ease and comfort essential t shirt this versatile t shirt is a classic wardrobe essential perfect layered under your favorite jacket or cardigan or wear on its own for casual everyday style details features a classic crew neck and short sleeves for casual and effortless style amazon essentials women s top versatile perfect for the spring and summer seasons it pairs seamlessly with pants jeans casual trousers denim shorts leggings skirts and more occasions suitable for home work office travel vacation party weekend gathering or casual daily wear,17.1,4.4,53056.0,25.0,0.2876070280866476,10
B0DS59CZZQ,GRACE KARIN Women's 2025 Summer Babydoll Tops Casual Crewneck Ruffle Sleeve Shirts Loose Fit Pleated Blouse Outfits,GRACE KARIN Store,Blouses & Button-Down Shirts,https://m.media-amazon.com/images/I/41P2stTzFpL.jpg,https://www.amazon.com/dp/B0DS59CZZQ,grace karin women s 2025 summer babydoll tops casual crewneck ruffle sleeve shirts loose fit pleated blouse outfits features crew neck ruffled sleeve with side slit pleated front babydoll style loose fit short sleeve flowy tops these design elements provide an extra flair that elevates this casual top from basic to stylishmatch you can pair this trendy tops to wear with leggings under a blazer jeans capris trousers or a skirt in spring or summer the babydoll top for women suits all body types an essential piece in your wardrobeoccasion the dressy casual tops and blouses are suitable for daily wear going out business casual party holidays beach office wear vacations and morematerial made from high quality breathable fabric this short sleeve top ensures you stay cool and comfortable comfortable for daily wearsize guide s us 4 6 m us 8 10 l us 12 14 xl us 16 xxl us 18 hand wash only or gently machine wash in laundry bag,24.9917,4.4,8.0,2113.0,0.27261423100708815,7
B0CTFDQWZG,ZOCANIA Boho Floral Shirts for Women Long Sleeve Button Down V Neck Ethnic Tops Casual Plus Size Blouse Vintage Shirts,ZOCANIA Store,Blouses & Button-Down Shirts,https://m.media-amazon.com/images/I/51x414BvLtL.jpg,https://www.amazon.com/dp/B0CTFDQWZG,zocania boho floral shirts for women long sleeve button down v neck ethnic tops casual plus size blouse vintage shirts feature features boho pattern print design long sleeves v neck button up casual loose fit plus size a wide range of wonderful patterns to choose material cotton blend super soft and comfy for daily wear fabric has some stretch boho clothes for women western shirts for women dress shirts for women hippie clothes for women women s boho tops boho shirts for women womens tops dressy peasant top women s tops dressy casual womens hippie clothes long sleeve blouses for women boho top boho long sleeve tops for women aztec tee womens long sleeve blouse peasant tops for women bohemian clothes for older women western tops for women boho blouses for womenoccasions office casual home date vacation lounge shopping this women blouses is pretty with unique design could hide the tummy well note please check the size information carefully before placing the order please refer to size chart in the last picture not amazon size chart because of the display screen the actual product may have a slight color difference with the product picture,25.98,5.0,2.0,691.0,0.0,0
B0DMFJZ8WQ,Minetom Women's T Shirts V Neck Short Sleeve Button Tops Summer Loose Fit Tee Blouse,Minetom Store,T-Shirts,https://m.media-amazon.com/images/I/41wzke4J9SL.jpg,https://www.amazon.com/dp/B0DMFJZ8WQ,minetom women s t shirts v neck short sleeve button tops summer loose fit tee blouse soft material polyester rayon and spandex soft stretchy breathable and smooth fabric it s comfy to wear it all dayspecial features v neck t shirts rolled short sleeve shirts button down shirts basic tee shirts womens summer tops solid color casual cute and classic short sleeve v neck tops for women allow for many looks from comfortable to chic and stylishdifferent occasions simple design makes it perfect for any casual occasions best choice for home wear work office street shopping travel running club dating etceasy to match v neck shirt goes well with jeans leggings shorts skirts and sweatpants for a chic look classic design that accentuate all your best figure women s wardrobe essentials in spring summer and fallcustomer services machine washable wash in cold water and do not bleach hang or line dry please refer to the minetom size chart before ordering not amazon size chart any other questions please tell us freely,14.98,4.7,14.0,1171.0,0.34512516890020895,10
B0DKNGMKF4,BETTE BOUTIK Womens Summer Tunic Tops Short Sleeve Trendy Shirts Casual Blouse,BETTE BOUTIK Store,Tunics,https://m.media-amazon.com/images/I/511R6RYADtL.jpg,https://www.amazon.com/dp/B0DKNGMKF4,bette boutik womens summer tunic tops short sleeve trendy shirts casual blouse material 90 polyester 10 spandex women s shirt fabric is soft skin friendly lightweight and comfortable to wearfeature short sleeve v neck solid or printed trendy casual tunic tops elegant vintage t shirts blouses fashion shirts for women easy to hide the bellymatching womens summer tops perfectly match with jeans shorts skirts casual pants jackets suits etc suitable for spring summer and falloccasion women casual tops are suitable for daily leisure shopping home party going out seaside dating office club and other occasionsnote package content 1 x women tops please refer to the our size chart before ordering,19.99,4.3,39.0,466.0,0.26563291690193863,10
B0D8BFFRTF,Timeson Women's 3/4 Sleeve Tops Dressy Casual Business Work Blouses Chiffon Office Shirts,Timeson Store,Blouses & Button-Down Shirts,https://m.media-amazon.com/images/I/51gYfeXT6dL.jpg,https://www.amazon.com/dp/B0D8BFFRTF,timeson women s 3 4 sleeve tops dressy casual business work blouses chiffon office shirts lightweight soft timeson business casual tops for women is made with lightweight and soft material the outer layer is made of translucent chiffon material comfortable and cool to wear light and airy breathable and non transparent no wrinkles drape naturally not easy to shrink and deform the inner layer is made of high quality knitted fabric with good elasticity delicate and soft handfeel skin friendly and comfortable fashionable commute dressing you can directly pair this 3 4 length sleeve womens tops with jeans straight pants trousers or leather skirts or tuck it into bottoms for a commuter look accessorizing with high heels stylish handbags necklaces bracelets when it s cold you can also layer it with a blazer or cardigan and wear it with boots recommended occasions office work business school teaching interviews etcelegant everyday dressing in your daily relaxed state you can pair this womens 3 4 sleeve tops and blouses with comfortable dresses jeans shorts wide leg pants etc matched with flat sandals trainers and loafers for a wonderful day recommended occasions casual vacation beach picnic gatherings evening parties wedding dates weekends shopping afternoon tea etcpleated henley v neck design the classic henley v neckline gives the neckline a more three dimensional look and with the pinch pleat lines on the neckline it brings a rich sense of layering it not only frames your slim neck but also enhances the neckline and slims your face you can also pair it with your favourite necklace or pendant for a chic and sexy look 3 4 ruffle sleeve design the sleeves are designed with a unique cut of flared ruffled cuffs which are light and airy the 3 4 sleeve length is just right to cover our upper arm and elbow which easily covers our big arm the ruffled cuffs can also set off our slim little arm lengthening our arm line and making you look more beautiful and attractive,22.491,4.4,1166.0,3.0,0.33252920027762467,10
B0D8KL1F4X,XIEERDUO 3/4 Length Sleeve Womens Tops Round Neck Casual Tunic Tops Basic Pleated Shirts Loose Fit 2025,XIEERDUO Store,Tunics,https://m.media-amazon.com/images/I/51KDJbQU0BL.jpg,https://www.amazon.com/dp/B0D8KL1F4X,xieerduo 3 4 length sleeve womens tops round neck casual tunic tops basic pleated shirts loose fit 2025 tips this women s t shirts packed with vacuum bag it may looked wrinkle after open the package please wash and iron it to solve the wrinkles material solid color shirts 60 polyester 35 rayon 5 spandex floral blouses 95 polyester 5 spandex soft breathable comfortable and skin friendly to wear feature classic round neck and front pleated design provides a flattering fit 3 4 length sleeve tops with curved hem loose fit basic simple casual style chic and never out of date solid color cute floral print for your choice match this cute tunic tops great to pair with leggings variety of jeans pants skirts sweatpants and shorts in summer and spring it s also nice to wear with blazer cardigan coats and jackets nice for layering in fall and winter occasion this casual tops are perfect for work business home party club school outdoor shopping street travel and daily wear machine wash in cold water hang or line dry do not bleach,14.99,4.3,1263.0,1.0,0.28001382955494797,10
B0D5R497L8,Dokotoo Womens Tops Long Sleeve Lightweight Shirts 2025 Spring Fashion Trendy Tops Crewneck Casual Knit Basic Tee,Dokotoo Store,Tunics,https://m.media-amazon.com/images/I/411mQsayapL.jpg,https://www.amazon.com/dp/B0D5R497L8,dokotoo womens tops long sleeve lightweight shirts 2025 spring fashion trendy tops crewneck casual knit basic tee material combination of polyester for a softer and more comfortable feel giving great sense of touch and stretch with good air permeability soft and comfortable to wear features casual scoop neck long sleeve tunic tops solid color t shirts basic tees the casual smock sleeve tops blouses shirts are popular with ladies of all ages for daily fashion lookmatch the tops for women trendy can be dressed up or down making it a versatile addition to any wardrobe it can be paired with jeans long pants or skirts etc perfect for incorporating into any casual outfit for a chic and fashionable look ocassion suitable for casual daily travel home vacation shopping street party outdoor club to wear women long sleeve tops are perfect for spring summer fall winter wear size s us 4 6 m us 8 10 l us 12 14 xl us 16 18 2xl us 20 22 3xl us 24 26 check more info of this tops in size chart and product description please choose carefully according to your size,14.99,4.2,1072.0,14.0,0.1819618420386245,10
B0CSK8H46P,AUTOMET Womens Summer Tops Spring Shirts Trendy Vacation Outfits Short Sleeve Business Tshirts Fashion Casual Blouses,AUTOMET Store,T-Shirts,https://m.media-amazon.com/images/I/41cxXPbMgjL.jpg,https://www.amazon.com/dp/B0CSK8H46P,automet womens summer tops spring shirts trendy vacation outfits short sleeve business tshirts fashion casual blouses material 60 polyester 35 rayon 5 spandex beautiful lace design full of fashion features women summer short sleeved t shirt round neck design solid color casual shirt women fashionable tshirt can be worn both at home and outdoor suitable for the season summer you can freely pair it with flat shoes or high heels attention please carefully refer to our size chart before making a decision,11.99,4.5,1871.0,18.0,0.3341876300759538,10
B07SN9RS13,Women's Floral Print Puff Sleeve Kimono Cardigan Loose Cover Up Casual Blouse Tops,CHICGAL Store,Cover-Ups,https://m.media-amazon.com/images/I/51i+wQcZu5S.jpg,https://www.amazon.com/dp/B07SN9RS13,women s floral print puff sleeve kimono cardigan loose cover up casual blouse tops floral cardigan casual summer plus size tops kimono beach cover ups chiffon shirts open front loose puff sleeve outwear this top for women s material is made of chiffon the fabric is sheer airy feels sofe lightweight and comfortable the kimono can be over your tank tops or cut off shorts even a tunic and leggings further more the sundress the floral kimono is the fashionable way to dress it up in the summer days it s suit for daily casual at home outdoor hawaiian beach street any other occasion for summer and fall days size s 5xl different colors for multiple choices,13.99,4.4,73098.0,1.0,0.25923403679177487,10
B0CT5QSZJ5,Blooming Jelly Womens Summer Tank Top Sleeveless Business Casual Outfits 2025 Basic Loose Dressy Work Shirt,Blooming Jelly Store,Tanks & Camis,https://m.media-amazon.com/images/I/41NWSaYFJAL.jpg,https://www.amazon.com/dp/B0CT5QSZJ5,blooming jelly womens summer tank top sleeveless business casual outfits 2025 basic loose dressy work shirt materials the blouses for women dressy casual made of 95 polyester 5 spandex lightweight and breathable skin friendly and soft to wear design this tank top for women are featured with a round neck with key hole detail pleated front adds a hint of uniquenes and delicate feeling this womens business casual outfits with its loose fit and sophisticated silhouette simple and classic a stylish must have item for your closet easy to pair pair it with tailored pants blazers and heels for a dressy and professional look this summer tops for women can also be worn with shorts skinny jeans sandals or flats for a casual yet stylish look occasion the sleeveless shirts for women are suitable for casual going out date night work school office business vacation and daily wear note we strongly suggest that you have your body measurements taken first and then refer to our size chart before order s us 2 4 m us 6 8 l us 10 xl us 12,14.99,4.4,2129.0,5.0,0.3957335072335072,10
B0D424DHPN,PGANDS Women's 3/4 Sleeve V Neck T Shirts Ruffle Sleeve Summer Casual Tops,PGANDS Store,T-Shirts,https://m.media-amazon.com/images/I/41ChFhjz9cL.jpg,https://www.amazon.com/dp/B0D424DHPN,pgands women s 3 4 sleeve v neck t shirts ruffle sleeve summer casual tops soft fabric women 3 4 sleeve ruffle t shirt is made with skin friendly soft and lightweight fabric very flattering and comfortable to wearunique design 3 4 sleeve shirts for women v neck summer blouses ruffle sleeve tops solid color tee women casual tops providing a charming and cute lookeasy to match the v neck shirt can easy pair it with high waist jeans skinny jeans leggings shorts sneakers heels etcoccasions the three quarter sleeve tops is suit for casual office homewear street wear daily wear beach date travel shopping holidayclothing care please refer to pgands size chart before ordering to get the best size do not bleach hang or line dry due to different shooting angle lighting pc display there maybe a little differences between the pictures and product itself,19.99,4.3,163.0,341.0,0.3549960317460317,10
B0DNJFL4RN,Minetom Women's Rolled Up 3/4 Sleeve Tops V Neck T Shirts Button Side Blouses,Minetom Store,Button-Down Shirts,https://m.media-amazon.com/images/I/41asTaB3xlL.jpg,https://www.amazon.com/dp/B0DNJFL4RN,minetom women s rolled up 3 4 sleeve tops v neck t shirts button side blouses soft material polyester rayon and spandex soft stretchy breathable and smooth fabric it s comfy to wear it all dayspecial features 3 4 sleeve t shirts v neck shirts rolled sleeve tops button side design summer tops casual cute and classic 3 4 sleeve v neck shirts for women allow for many looks from comfortable to chic and stylishdifferent occasions simple design makes it perfect for any casual occasions best choice for home wear work office street shopping travel running club dating etceasy to match rolled sleeve v neck shirt goes well with jeans leggings shorts skirts and sweatpants for a chic look classic design that accentuate all your best figure women s wardrobe essentials in spring summer and fallcustomer services machine washable wash in cold water and do not bleach hang or line dry please refer to the minetom size chart before ordering not amazon size chart any other questions please tell us freely,14.9817,4.5,19.0,153.0,0.2712771681363012,10
B0CQT39CX5,ZESICA Women's Short Sleeve V Neck T Shirts 2025 Summer Ribbed Knit Slim Fitted Basic Solid Color Tee Tops,ZESICA Store,T-Shirts,https://m.media-amazon.com/images/I/41s-+KZSUdL.jpg,https://www.amazon.com/dp/B0CQT39CX5,zesica women s short sleeve v neck t shirts 2025 summer ribbed knit slim fitted basic solid color tee tops size guide s us 4 6 m us 8 10 l us 12 14 xl us 16 18 tips please refer to the size chart before purchase made with premium quality materials the tops provide both comfort and durability elevate your casual wardrobe with our fashion tops featuring a trendy polo v neck design adding a touch of sophistication to your everyday outfits slim fitted t shirts are designed to enhance your curves and flatter your figure making you feel confident and stylish soft ribbed knit texture adds a touch of modern fashion to these classic wardrobe staples the turndown collar adds a classic and elegant touch to these comfortable t shirts making them ideal for both casual and chic outfits available in a range of solid colors these tops are easy to style and can be paired with any bottoms from jeans to skirts create trendy outfits effortlessly by accessorizing with your favorite statement pieces suitable for casual everyday working home office clubbing dating yoga outdoor school shopping traveling hiking camping street parties going out vacation etc great tops in spring summer and fall you can also wear this tops under a cardigan or a sweater in a cold days wash instruction hand machine washable with cold water recommended do not bleach iron in low hang or line to dry,14.9935,4.5,763.0,102.0,0.3491265752765752,10
B0DYJ52MFG,Linen Tops for Women Casual 3/4 Sleeve Crewneck Casual Linen Shirts Summer Beach Solid Blouses Tunic Tops Plus Size,DMOYALA Store,Blouses & Button-Down Shirts,https://m.media-amazon.com/images/I/41N3bHiZrML.jpg,https://www.amazon.com/dp/B0DYJ52MFG,linen tops for women casual 3 4 sleeve crewneck casual linen shirts summer beach solid blouses tunic tops plus size 2025 linen tops spring summer tops for women is soft lightweight linen fabric provide you a comfortable and pleasing wearing experience 3 4 sleeve tops for women the casual tunic top features with crewneck 3 4 sleeve slit plain color solid color pink black white purple navy blue red orange yellow peach pink wine red blue grass green khaki lavender casual loose fit summer tops for women linen shirts classic basic tee shirts pair well with jeans pants leggings denim shorts sandals heels a must have for your wardrobe the casual loose linen tops perfect for vacation beach daily wear casual beach trips holiday party dating school outdoor travel home office work or any occasions tips the linen tops machine wash or hand wash please read the size guide carefully before ordering dmoyala linen tops for women casual 3 4 sleeve crewneck casual linen shirts summer vacation beach solid blouses tunic tops plus size 2025 womens linen tops shirts,25.99,4.4,0.0,5555.0,0.0,0
B0BRRTHFMH,Blooming Jelly Women's Dressy Casual Tops Business Work Blouses White Button Down Shirts Cap Sleeve V Neck Tshirt,Blooming Jelly Store,Blouses & Button-Down Shirts,https://m.media-amazon.com/images/I/41gIhrmehKL.jpg,https://www.amazon.com/dp/B0BRRTHFMH,blooming jelly women s dressy casual tops business work blouses white button down shirts cap sleeve v neck tshirt feature the dressy tops for women features split v neck tulip short sleeve button front curved hem solid color flowy drape regular fit cute and elegant style giving you a charming and trendy looking when you wear it design the button down shirts for women are perfect to be business casual outfits to show experienced and convinced v neck t shirt design can highlight neck lines and flowy fit can hide belly well to look slimmer great for taking pictures it has also zero transparency perfect to wear in summer match the trendy summer tops for women 2025 can be worn outside or tucked in high waisted jeans denim shorts casual pants skirt for a classic casual look in daily life or you can pair the short sleeve shirts for women with black pants and high heels for office work occasion the simple but eye catching womens clothes are suitable for teacher outfits work business office school casual outings shopping street going out home and daily wear note the fabric of our blouses is designed with slight crepe texture instead of wrinkles we strongly suggest that you have your body measurements taken first and then refer to our size chart before order xs us 0 2 s us 2 4 m us 6 8 l us 10 xl us 12 2xl us 14,19.9931,4.2,2314.0,7.0,0.3829853123067409,10
B0D5Q2Y6G8,AUTOMET Long Sleeve Shirts Womens Pleated Business Casual Blouses with Smocked Cuffs,AUTOMET Store,Tunics,https://m.media-amazon.com/images/I/419HGfuTD1L.jpg,https://www.amazon.com/dp/B0D5Q2Y6G8,automet long sleeve shirts womens pleated business casual blouses with smocked cuffs keep it classic and sweet with this pleated top a soft blouse with front pleats and lovely ruffled cuffs pin tucks smocked cuffs and a slightly loose fit lend a romantic look to this women s shirt whether you re headed out to dates or sitting at your desk this pleated top is a sophisticated way to style your day pair it with jeans or skirts for a charming finish machine wash cold tumble dry low to maintain your apparel s vibrant color we recommend machine washing with laundry bag on cold size please refer to size chart for details before purchase,14.9925,4.4,2576.0,439.0,0.3554365300232647,10
B0CQL15PMH,OFEEFAN Womens T Shirts Short Sleeve Pleated Dressy Casual Scooped Neck Summer Tops Blouses,OFEEFAN Store,T-Shirts,https://m.media-amazon.com/images/I/41LKMKzhGsL.jpg,https://www.amazon.com/dp/B0CQL15PMH,ofeefan womens t shirts short sleeve pleated dressy casual scooped neck summer tops blouses great features t shirts for women loose fit womens tops dressy casual adorable pleated front design scooped neck short sleeve blouses for women cute summer tops with curved hem available in floral and solid colorsloose fit this t shirts fits flowy and comfortable the pleating design helps contour chest area and conceal tummy issues the puff sleeves hides big arms nicelymatches pair this top with jeans pants shorts skirts capris or even biker shorts the curved hem adds a stylish touch long enough to cover the rear making it perfect to wear with leggingsoccasions ideal for daily casual business work office date travel beach vacation parties pregnancy outdoor events shopping holiday getaways and as a thoughtful giftgarment care machine wash in cold water dry on low heat or hang line to dry iron on low settings,12.9935,4.4,5967.0,8.0,0.3183787915127201,10
B0D5H9N2TM,AUTOMET Womens Long Sleeve Shirts Pleated Crew Neck Casual Fall Fashion Tops Loose Fit Lightweight Girls Outfits Clothes,AUTOMET Store,T-Shirts,https://m.media-amazon.com/images/I/41MJRoKZH6L.jpg,https://www.amazon.com/dp/B0D5H9N2TM,automet womens long sleeve shirts pleated crew neck casual fall fashion tops loose fit lightweight girls outfits clothes material the basic tops is made of 82 polyester 12 rayon 6 spandexfeatures casual crewneck long sleeve tunic tops solid color t shirts basic tees enough to wear with leggings and bootsoccasions suitable for everyday wear office street fashion dating and outdoor activitiesmatching this womens fashion shirt can be paired with jeans athletic pants or casual trousers this women blouse is very versatiledetails features a classic crew neck and long sleeves for casual and effortless style,9.9944,4.3,1215.0,111.0,0.24163164862203318,10
B09NN25LWJ,TAOHUADAO Womens 2025 Summer 3/4 Sleeve Tunic Tops Chiffon Work Blouse V-Neck Dressy Casual Shirt,TAOHUADAO Store,Tunics,https://m.media-amazon.com/images/I/41cE6oEyDkL.jpg,https://www.amazon.com/dp/B09NN25LWJ,taohuadao womens 2025 summer 3 4 sleeve tunic tops chiffon work blouse v neck dressy casual shirt material wide cut blouse made from lightweight and non stretchy chiffon material 95 polyester 5 spandex women s chiffon blouse is lightweight soft comfortable and breathable to wearfeatures casual chiffon blouse v neck half ruffle split sleeve two layers design 3 4 sleeve tops chiffon shirts loose fitoccasion perfect wear with legging skinny jeans pants skirts appropriate for casual party shopping work vacation wedding home sleepwear beach and other occasionssize small us 4 6 medium us 8 10 large us 12 14 x large us 16 18 xx large us 20 22 xxx large us 24 26 please check your measurements to make sure the item fits before orderinggarment care hand wash in cold water and machine washable or dry clean the chiffon blouses are prepacked in the manufacturer s packing and will require a light steam iron to remove creases,19.99,4.2,3853.0,49.0,0.32330539286421633,10
B0DQ141MYK,Rapbin Summer Tops for Women 2025 Short Sleeve Lapel V Neck Blouses Business Work Casual Chiffon Tunics Tops for Leggings,Rapbin Store,Blouses & Button-Down Shirts,https://m.media-amazon.com/images/I/41XHf7b4CLL.jpg,https://www.amazon.com/dp/B0DQ141MYK,rapbin summer tops for women 2025 short sleeve lapel v neck blouses business work casual chiffon tunics tops for leggings features the innovative lapel v neck design of this blouse beautifully modifies your neck giving you a more slender and charming appearance the flowy fit is perfect for hiding the belly area making you look slimmer and ensuring you re picture ready for any occasion material crafted from 100 polyester this elegant chiffon blouse features high quality chiffon material that is soft wrinkle free lightweight breathable and not see through you ll love the silky smooth feel against your skin providing all day comfort while wearing these short sleeve blouses for women occasion this chiffon blouse is an excellent choice for both business and casual settings whether it s for the office meetings interviews or outings with friends this top is perfect for work home shopping clubs daily wear holidays and travel match with its elegant and fashionable look this chiffon blouse is long enough to pair perfectly with leggings you can also style it with jeans or denim shorts for a chic and trendy outfit tailored to your personal style garment care maintaining your blouses for women is a breeze please refer to the clothing size chart for accurate sizing these business casual blouses are easy to clean as they can be machine or hand washed and should be hung to dry for best results,14.99,4.2,39.0,1670.0,0.2691339733261725,10
B09Q7Y2SJD,"Tralilbee Women's Plus Size Tops Casual Blouse Short Sleeve Lace Crochet Tunic Tops, M-4XL",Tralilbee Store,Tunics,https://m.media-amazon.com/images/I/41SB5ketuFL.jpg,https://www.amazon.com/dp/B09Q7Y2SJD,tralilbee women s plus size tops casual blouse short sleeve lace crochet tunic tops m 4xl flowy summer tops come with short sleeve v neck pleated front blouse tops plus size shirts for womenfront back pleats accentuates with this womens tops and blouses and get you in better shapeloose fit plus tops pleats design looks graceful and drapes nicely to hide the tummyeasy to pair with jeans shorts skinny leggings for the decent look great for jeans or leggingthis womens tops and blouses can be also to wear at workout daily office shopping party vacation,18.99,4.4,2359.0,229.0,0.2854315476190476,6
B0BQYQGS1R,Timeson Women's Short Sleeve Chiffon Blouses for Office Work Business Attire Collared Shirts,Timeson Store,Blouses & Button-Down Shirts,https://m.media-amazon.com/images/I/5155+muc6mL.jpg,https://www.amazon.com/dp/B0BQYQGS1R,timeson women s short sleeve chiffon blouses for office work business attire collared shirts material 100 polyester high quality chiffon material soft wrinkle free lightweight breathable and not see through when wearing these short sleeve blouses for women you will feel that the fabric is silky smooth and skin friendly the lapel v neck design can well modify your neck make you look more slender and charming drop sleeve design not only gently shows your elegance by covering your possibly a little fat arm but also got enough room to make you move your arms easily without any constraint pleated stitched a line design perfect to hides your belly and hips and make you look slimmer airy and flowy chiffon material makes it cool to wear in summer it can be worn in spring summer and fall it is essential in your closet this women blouse and tops shows off a slimmer elegant fashionable look that goes great with business attire such as a hip hugging skirt wide leg pants suit pants and high heels you can also pair it with casual skirts pants jeans leggings and so much more when you want to kick back and relax with friends this short sleeve ladies tops and blouses is not only suitable for business such as office work meeting interview and other formal occasions etc but also perfect for going out home shopping club party evening wedding daily wear holiday travel ect,17.991,4.2,1088.0,28.0,0.21539987908946237,10
B0D2QBLKD5,Dokotoo Women's Tops Dressy Casual V Neck Long Sleeve Buttons Hollow Out Lace Embroidered Blouses Shirts,Dokotoo Store,Blouses & Button-Down Shirts,https://m.media-amazon.com/images/I/41NMESQdg8L.jpg,https://www.amazon.com/dp/B0D2QBLKD5,dokotoo women s tops dressy casual v neck long sleeve buttons hollow out lace embroidered blouses shirts features long sleeve shirts buttons v neck tops embroidered lace tops for women ladies tops and blouses business casual outfits going out tops trendy fashion tops spring summer outfits size runs large recommended to order size down than usual details womens casual dressy tops are designed with drop shoulder and embroidered details buttons inon the sleeve cuff add a sense of playfylness to your outfits versatile women s long sleeve lace tops create perfect cute and elegant casual style perfectly match with leggings jeans shirts trousers occasions this long sleeve shirt is perfect for everyday styling business office homewear work from home casual wear or parties summer and winter holidays going away new year s back to school street styling and more wash recommended with cold water do not bleach hang or line dry wash with like colours that will increase the durability of your clothes,19.999,4.1,756.0,27.0,0.3729220779220779,10
B0CMXQ3RVS,Dokotoo Women's Short Puff Sleeve Knit Tops 2025 Trendy Crewneck Striped T Shirts Casual Summer Blouses,Dokotoo Store,Blouses & Button-Down Shirts,https://m.media-amazon.com/images/I/41a0dqPvEVL.jpg,https://www.amazon.com/dp/B0CMXQ3RVS,dokotoo women s short puff sleeve knit tops 2025 trendy crewneck striped t shirts casual summer blouses feature summer tops for women 2025 crew neck short puff sleeve knit tops color block stripe pattern slim fit ribbed cuff tunic and lightweight design unique design stylish striped pattern comfortable crewneck design and unique short puff sleeve shape bring you youthful vitality and fashion sense at the same time the texture of the knitted fabric also makes this puff sleeved knit tops an ideal clothing choice soft fabric 50 viscose 28 polyester 22 polyamide blended knitted top combines comfort durability wrinkle resistance elasticity and other advantages to bring you a comfortable and fashionable wearing experience occasion this summer tunic tops are not only elegant blouses but also casual cute summer tops perfectly suited for shopping party work office night out date vacation casual leisure formal and daily wear etc wash instruction hand wash recommended machine wash requires a laundry bag and hang dry color separately do not bleach,25.88,4.5,1766.0,42.0,0.30196428571428574,3
B0BS9CPLRT,Blooming Jelly Womens Dressy Casual Tops Ruffle Short Sleeve V Neck Shirts Elegant Business Work Blouse,Blooming Jelly Store,Blouses & Button-Down Shirts,https://m.media-amazon.com/images/I/41QyXuJX3pL.jpg,https://www.amazon.com/dp/B0BS9CPLRT,blooming jelly womens dressy casual tops ruffle short sleeve v neck shirts elegant business work blouse material 95 polyester and 5 spandex super soft and comfortable summer tops for women 2024features dressy tops for women with cute layered ruffle sleeve loose fit solid color unique line design is super flatteringstyle irregular flutter sleeve blouse with v neck covers your arms shows a slimming look and gives your an elegant and feminine outfitoccasions this business casual top for women perfect to pair with skinny jeans leggings and heels for any leisure daily wear going out officenote we strongly suggest that you have your body measurements taken first and then refer to our size chart before order s us 2 4 m us 6 8 l us 10 xl us 12,19.9931,4.4,569.0,25.0,0.3597837083551369,10
B0CBJH8DMC,Blooming Jelly Women's Dressy Casual Blouses Business Work Tops Long Sleeve V Neck Pleated Shirts 2025 Fall Outfits,Blooming Jelly Store,Blouses & Button-Down Shirts,https://m.media-amazon.com/images/I/41aa+Fi4lGL.jpg,https://www.amazon.com/dp/B0CBJH8DMC,blooming jelly women s dressy casual blouses business work tops long sleeve v neck pleated shirts 2025 fall outfits feature the womens tops dressy casual feature v neck flowy pleated drape long sleeve with button cuff curved hem regular fit solid color tunic tops to wear with leggings cute and classy style giving you a charming and trendy looking when you wear it design the fall outfits for women 2025 are versatile to be business casual clothes to show experienced and convinced v neck design can show your pretty neck curve and pleated drape can creat elegant style and hide belly well to make you look slimmer match the ladies tops and blouses are perfect on business wear with pencil skirt dress pants blazer and clutch to look professional the long sleeve shirts for women also look nice with jeans shorts leggings casual pants boots cardigan jacket coat which can be dressed up or down easily occasion the dress shirts for women are suitable for teacher outfits back to school work business office meeting casual outings vacation holiday date shopping street going out home and daily fashion wear thanksgiving or christmas wear note we strongly suggest that you have your body measurements taken first and then refer to our size chart before order xs us 0 2 s us 2 4 m us 6 8 l us 10 xl us 12 xxl us 14 the bust waist and hip size are based on body measurement not product s measurement,25.991,4.4,1115.0,37.0,0.38635560654241974,10
B0D5MD33D9,MEROKEETY Women's 3/4 Sleeve Tops Dressy Casual Crew Neck Color Block Loose Trendy Blouses T Shirts,MEROKEETY Store,Blouses & Button-Down Shirts,https://m.media-amazon.com/images/I/410NOWnytqL.jpg,https://www.amazon.com/dp/B0D5MD33D9,merokeety women s 3 4 sleeve tops dressy casual crew neck color block loose trendy blouses t shirts size guide small us 4 6 medium us 8 10 large us 12 14 x large us 16 18 these trendy tops are made from soft and stretchy fabric that will keep you feel comfortable all day long unique design crew neck 3 4 length bell sleeves color block striped elastic neckline and cuffs loose fit business casual style fall t shirts for women 2024 trendy it s a step up from a plain t shirt the striped trims neckline and sleeves add a touch of sophistication and the 3 4 bell sleeves are so stylish designed with a loose fit that flatters all body types our cute tees are perfect for everyday wear and dressy occasions occasions these womens blouses are perfect for daily wear work office business going out shopping club night out vacation birthday dating party school etc you can match your bags and jewelry to make you look more decent washing instruction machine wash with cold water recommended do not bleach hang or line to dry,14.9925,4.3,575.0,664.0,0.38800267681036915,10
B0D4ZDZL1P,AUTOMET Womens Long Sleeve Shirts Lace Tops Business Casual Fall Fashion Outfits Clothes Knitted Y2k Blouses,AUTOMET Store,Blouses & Button-Down Shirts,https://m.media-amazon.com/images/I/41SK0a2Rt0L.jpg,https://www.amazon.com/dp/B0D4ZDZL1P,automet womens long sleeve shirts lace tops business casual fall fashion outfits clothes knitted y2k blouses material the long sleeve tops is made of 60 polyester 35 rayon 5 spandexfeatures crewneck business long sleeve lace tops designversatile style can easily team with leggings jeans it s a charming and stylish stylemust have collection suitable for lounging at home leisure daily work party street holiday and etcgarment care machine wash recommended with a laundry bag please do not bleach hang to dry,12.9928,4.4,2416.0,8.0,0.2675730017006802,10
B09MJF72CL,Blooming Jelly Womens White Blouse V Neck Ruffle Sleeve Flowy Shirts Dressy Casual Cute Summer Tops,Blooming Jelly Store,Blouses & Button-Down Shirts,https://m.media-amazon.com/images/I/41cl3Oha77L.jpg,https://www.amazon.com/dp/B09MJF72CL,blooming jelly womens white blouse v neck ruffle sleeve flowy shirts dressy casual cute summer tops material chiffon this business casual tops for women is lightweight flowy soft and skin friendly hugging you all through the day features the casual summer shirts trendy tops features with v neck ruffle short sleeve to shape the perfect outline of your arms swiss dot deorations to add loveliness for this dressy shirt style the siwss dot shirts is perfect for business casual style to show experienced and convinced it can match your skirt jeans and high heeled shoes with a look that is not out of date occasions fashion dressy casual shirts suitable for business uniform vacation school party office work or just casual everyday wear in spring summer autumn note we strongly suggest that you have your body measurements taken first and then refer to our size chart before order s us 2 4 m us 6 8 l us 10 xl us 12,19.9933,4.4,7142.0,39.0,0.4201649659863945,10
B0CYC659P1,AUTOMET Womens Summer Tops Going Out Workout Outfits Spring T Shirts Business Casual Dressy Fashion Trendy Clothes 2025,AUTOMET Store,T-Shirts,https://m.media-amazon.com/images/I/41XXbQYliaL.jpg,https://www.amazon.com/dp/B0CYC659P1,automet womens summer tops going out workout outfits spring t shirts business casual dressy fashion trendy clothes 2025 material polyester rayon spandex loose fit and comfortable breathable and skin friendly ladies casual cap sleeve tops suitable for springfeatures women summer short sleeve t shirt boat neck blouse bell sleeve solid color basic tshirts lightweight business office tunic dressy casual tops tank tops for womencasual shirt women fashion classy tee can be worn both at home and outdoor business work outfits church outfit dress shirt undershirt teacher top loose fit tunic for womenoccasion this womens cute t shirts is suitable for resort wear rave country concert festival night out going out beach teacher date night running airport vacation workout athletic gym make you comfy in your casual life you can freely pair it with flat shoes and jeanssize please carefully refer to our size chart you will choose a scoop neck top that fits you better,9.99,4.3,1575.0,1.0,0.24945206645206638,10
B0CV3JSJW8,Womens Tops Casual 3/4 Sleeve Shirts Crew Neck Loose Casual Blouses Floral Print Tshirts,JomeDesign Store,Tunics,https://m.media-amazon.com/images/I/51n-hnxQL5L.jpg,https://www.amazon.com/dp/B0CV3JSJW8,womens tops casual 3 4 sleeve shirts crew neck loose casual blouses floral print tshirts material 95 ranyon 5 spandex rayon blend material soft stretchy lightweight breathable you will feel that the fabric is soft breathable and skin friendly you will get many compliments on this blousefeature casual round neck 3 4 sleeve button down foral print loose fit trendy and elegantmatch suitable for wear with jeans or leggings in spring summer fall or winteroccasion suitable for a casual everyday look and any occasions especially for office parties and dating you would get many compliments when you wear this tunics shirtattation the size runs large please check before,16.99,4.4,1169.0,188.0,0.37975919913419914,10
B0D8Y31CHN,AUTOMET Womens Long Sleeve Shirts V-Neck Lace Tops Business Casual Blouses Tee Trendy 2025 Fall Fashion Outfits Clothes,AUTOMET Store,Blouses & Button-Down Shirts,https://m.media-amazon.com/images/I/4158RHQYWXL.jpg,https://www.amazon.com/dp/B0D8Y31CHN,automet womens long sleeve shirts v neck lace tops business casual blouses tee trendy 2025 fall fashion outfits clothes fabric made of 82 polyester 12 rayon 6 spandex skin friendly lightweight casual loose fit soft and comfortable fashion designs womens dressy tops designed with long sleeve v neck lace sleeve business casual outfits blouses for women blusas casuales de mujer bonitas womens work tops ladies tops womens shirts dressy casual occasions womens business casual clothing work clothes for women 2025 the long sleeve shirt suit for casual wear street work business occasions office daily life and outgoing party vacation holiday home fall and winter stylish wearing this business casual tops is a must have for spring fall and winter perfect wear with jeans skirt cardigan hoodie sweater and jacket for a fashion look it s a charming style wash care machine washable hand washes cold water do not bleach,14.9921,4.2,1092.0,10.0,0.24758608493902606,5
B0CLQXF321,LOMON 3/4 Length Sleeve Womens Tops Summer Loose V-Neck Eyelet T-Shirts Dressy Casual Ruffle Sleeve Tunic Blouses,LOMON Store,Tunics,https://m.media-amazon.com/images/I/51+FinO28TL.jpg,https://www.amazon.com/dp/B0CLQXF321,lomon 3 4 length sleeve womens tops summer loose v neck eyelet t shirts dressy casual ruffle sleeve tunic blouses material 95 polyester 5 spandex lightweight soft high quality fabric breathable but not see through skin friendly and comfortable for daily wear features 3 4 sleeve length exquisite floral tunic without embroidery design sexy v neck blouses with bell ruffled flutter sleeve waist slimming curved hem easy to wear and suitable for different age match perfect for pairing with skirts jeans leggings slacks high heels etc it will be more flattering to match with different womens accessories for a dressy and casual summer look occasions suitable for going out work office vacation date night party travel holiday and basic daily wear it s a must have trendy clothing for your spring and summer wardrobe note machine or hand wash with cold water hang or line dry no bleach iron on low heat if needed please check the size chart carefully before purchasing,14.99,4.2,1606.0,29.0,0.2641845238095238,10
B0DNJPR74Y,LOMON Women's 2025 Fashion Tops 3/4 Length Sleeve Business Casual Blouses Summer Tees Shirts,LOMON Store,Blouses & Button-Down Shirts,https://m.media-amazon.com/images/I/515+P3vN32L.jpg,https://www.amazon.com/dp/B0DNJPR74Y,lomon women s 2025 fashion tops 3 4 length sleeve business casual blouses summer tees shirts soft and flexible lomon 3 4 smocked sleeve top is skin friendly and comfortable for everyday wear lightweight soft high quality fabric breathable but not see through v neck bouses lomon 3 4 length sleeves delicate floral tunic sexy v neck blouse with ruffle cuffs sleeves ruffle cuffs women s ruffled top is both formal and casual with 3 4 sleeve design for comfort and convenience leisure business women s tops can be worn with jeans for a casual look or with formal pants and skirts for a professional look occasion suitable for going out working office vacation dating party travel vacation and daily wear it is a must have trendy clothing in your spring and summer closet,19.99,4.3,213.0,69.0,0.30747351061636774,10
B0DK5J19P7,Heymiss Womens Tops 3/4 Sleeve V Neck Shirts Loose Casual Tunic Blouses Criss Cross Summer Tshirts,Heymiss Store,T-Shirts,https://m.media-amazon.com/images/I/41uzJF0HvjL.jpg,https://www.amazon.com/dp/B0DK5J19P7,heymiss womens tops 3 4 sleeve v neck shirts loose casual tunic blouses criss cross summer tshirts fabric and comfort made from a soft rayon blend material provides an exceptional level of comfort suitable for all day wearunique design chic v neck cut 3 4 sleeve enhanced with a distinctive cross detail at the base adding an element of sophisticated style while elongating the necklinematch pair our 3 4 sleeve summer tops with leggings skinny jeans or shorts for a versatile and stylish lookoccasion suitable for daily travel home birthday shopping cocktail party outdoorswashing instructions simply machine wash or hand wash in cold water and hang to dry in the shade,9.99,4.7,64.0,562.0,0.3789502164502164,7
B0BXT8TFGS,MEROKEETY Women's Casual Cap Sleeve Lace Trim V Neck Tops 2025 Summer Loose Tee Shirts Blouse,MEROKEETY Store,T-Shirts,https://m.media-amazon.com/images/I/41cJOD+PrXL.jpg,https://www.amazon.com/dp/B0BXT8TFGS,merokeety women s casual cap sleeve lace trim v neck tops 2025 summer loose tee shirts blouse size guide s us 4 6 m us 8 10 l us 12 14 xl us 16 xxl us 18 lightweight and stretchy fabric soft and comfortable to wear unique design fashion and basic t shirt for women lace trim v neck cap sleeve loose fit side split details soft fabric casual tunic tops for summer trendy and flattering elegant lace crochet printing design chic look and loose casual styles are must have for women s wardrobes easy to pair with a variety of jeans and shorts for a simple stylish look occasion these classic summer tops have stretch are super comfy and are great for daily wear casual dating going out party travel beach office outdoor street looks etc easy care hand machine washable with cold water recommended do not bleach do not iron hang or line to dry,14.4428,4.3,1469.0,182.0,0.29036993695407154,10
B0DK4ZXB1V,ANRABESS Womens Dressy Casual Tops Ruffle Short Sleeve V Neck Shirts Elegant Business Work Blouse,ANRABESS Store,Blouses & Button-Down Shirts,https://m.media-amazon.com/images/I/41nJcIjKy8L.jpg,https://www.amazon.com/dp/B0DK4ZXB1V,anrabess womens dressy casual tops ruffle short sleeve v neck shirts elegant business work blouse fit type loose size s us 4 6 m us 8 10 l us 12 14 xl us 16 18 xxl us 20 22 more details in rich description material made of 27 rayon 68 polyester 5 elastane stretch medium thickness medium softness medium washing machine wash cold with like colors don t bleach dry flat don t iron in high temperature features this summer top with classic v neck ruffle sleeve buttons neck detail and loose fit it is suitable for summer street outdoor casual work or daily,14.9938,4.3,43.0,14.0,0.31778520923520925,10
B0BFCZSBTG,Dokotoo Womens Blouses Fashion Long Sleeve Shirts V Neck Business Casual Tops Spring Summer Outfits 2025,Dokotoo Store,Blouses & Button-Down Shirts,https://m.media-amazon.com/images/I/41Ye8a8dFoL.jpg,https://www.amazon.com/dp/B0BFCZSBTG,dokotoo womens blouses fashion long sleeve shirts v neck business casual tops spring summer outfits 2025 elegant ladies tops and blouses classic solid color top long sleeve shirts casual v neck blouses flowy winter tops cute tops smocked business dressy country concert work tops for women dokotoo womens tops are made of skin friendly and comfy material simple but chic allows you come with a various look from comfy to chic and stylish v neck blouses can let your neck line looks more slender and graceful breathable and comfy fabric suits for summer also wear with a coat outside in the chilly daysthe ladies tops and blouses makes the perfect elegant casual style perfect matched well with skinny leggings jeans shirts pant for a fashion cute business bohemian look the fashion v neck shirts is perfect choice for your daily wear cruise wear resort wear outdoor activities shopping club party dates and any other occasions in spring summer fall and winter,20.99,4.2,3043.0,89.0,0.29533512122797834,3
B088CTB3KC,Adibosy Women Summer Casual Shirts: Short Sleeve Striped Tunic Tops - Womens Crew Neck Tee Tshirt Blouses,Adibosy Store,T-Shirts,https://m.media-amazon.com/images/I/41ekK+9AeoL.jpg,https://www.amazon.com/dp/B088CTB3KC,adibosy women summer casual shirts short sleeve striped tunic tops womens crew neck tee tshirt blouses material womens tops and blouses is made of rayon polyester spandex the women summer casual shirt feels very soft and comfortable it is a breathable but opaque womens short sleeve t shirts 2025 feature this summer casual short sleeve shirt designs with leopard print color blocks round neck combined with stylish short sleeve design women crew neck color block reflects the elegance of women perfect match the women tops can be perfectly matched with jeans leggings shorts yoga pants casual pants sweater chain etc this summer casual short shirt is undoubtedly your most satisfying choice occasions this short sleeve striped shirts top will be a must have item in the wardrobe and can be worn on many different occasions such as staying at home party dating shopping club etc tips it is recommended to wash with cold water do not bleach please check the size chart before you order,13.995,4.4,16473.0,19.0,0.33204725829725834,10
B0C2C66MDB,JomeDesign Womens Tops 3/4 Sleeve Shirts Round Neck Loose Casual Blouses Floral Print Tshirts,JomeDesign Store,Tunics,https://m.media-amazon.com/images/I/51XDAjc1HnL.jpg,https://www.amazon.com/dp/B0C2C66MDB,jomedesign womens tops 3 4 sleeve shirts round neck loose casual blouses floral print tshirts material 35 rayon 65 polyester 5 spandex rayon blend material soft stretchy lightweight breathable you will feel that the fabric is soft breathable and skin friendlyfeature casual round neck 3 4 sleeve foral print loose fit trendy and elegantmatch suitable for wear with jeans or leggings in spring summer fall or winteroccasion suitable for a casual everyday look and any occasions especially for office parties and dating you would get many compliments when you wear this tunics shirtwashing instructions simply machine wash or hand wash in cold water and hang to dry in the shade,12.99,4.4,3069.0,18.0,0.25062830687830684,6
B0D585X1QC,Dokotoo Womens Tops 2025 Spring Color Block Long Sleeve Shirts V Neck Dressy Casual Blouses,Dokotoo Store,Blouses & Button-Down Shirts,https://m.media-amazon.com/images/I/410dJ0HTqJL.jpg,https://www.amazon.com/dp/B0D585X1QC,dokotoo womens tops 2025 spring color block long sleeve shirts v neck dressy casual blouses our womens long sleeve tops are made from a high quality blend of materials 75 polyester 20 viscose and 5 elastane ensuring a soft stretchy and comfortable this womens tops boasts a flattering v neckline a trendy color block design decorative buttons for added charm long sleeves for warmth and a versatile style perfect for the fall season the v neck design adds a touch of sophistication while the color block pattern creates a modern and eye catching aesthetic the decorative buttons elevate the look making it suitable for a range of occasions you can pair v neck blouses effortlessly with jeans leggings or skirts for a stylish and comfortable ensemble that transitions seamlessly from day to night whether you re out for a casual day or a social gathering this v neck fall top offers a versatile option that combines comfort and style its chic design and fall inspired features make it a wardrobe staple for the season,21.98,4.3,433.0,160.0,0.40742816442816443,10
B0CP3MWJVH,Dokotoo Women's 2025 Fashion Tops 3/4 Sleeve T-Shirts Cute Crewneck Basic Business Tees Blouses,Dokotoo Store,Blouses & Button-Down Shirts,https://m.media-amazon.com/images/I/51StJ-jgyVL.jpg,https://www.amazon.com/dp/B0CP3MWJVH,dokotoo women s 2025 fashion tops 3 4 sleeve t shirts cute crewneck basic business tees blouses contents super soft and comfy fabric skin friendly and breathable womens tops dressy casual round neck cute lightweight tops loose fit basic teesdetails warm up or cool down with this essential 3 4 sleeve t shirts featured in an loose fit and pleated sleeve design with sew seaming front for a lived in look suitable occasion casual elbow length sleeve blouses perfect for different occasions such as daily life office date home vacation travel holiday club party school beach and so on match for all style summer 3 4 sleeve tops perfect cute tees go well with denim bottom leggings pants or skirts shorts also greatly match for variety style of jeans for a fashionable and stylish dressing size s us 4 6 m us 8 10 l us 12 14 xl us 16 18 2xl us 20 22 check more info of this tops in size chart and product description please choose carefully according to your size,14.99,4.3,2601.0,6.0,0.3443626142376142,10
B0CNXFQJZJ,EVALESS Womens Short Sleeve Textured Tops Crewneck Knit Solid Loose Casual Basic T Shirts Tee Blouses,EVALESS Store,T-Shirts,https://m.media-amazon.com/images/I/41iUpJPkNGL.jpg,https://www.amazon.com/dp/B0CNXFQJZJ,evaless womens short sleeve textured tops crewneck knit solid loose casual basic t shirts tee blouses material casual womens summer tops is made from high quality knitted fabric soft and lightweight ensuring a cozy and comfortable feel against your skin features with a round neck crewneck cute batwing sleeve exquisite pleated texture classic solid color plain loose fit casual style this chic and stylish women tops will make you stand out from the crowd style womens blouses woven with a fine and lightweight knit loose fit design can cover all body shapes looks dressy feels comfy just tuck the front of the womens tops shirts into skinny jeans or denim shorts for chic and stylish look match the solid color basic short sleeve casual tops can wear with jeans leggings for a casual look or with your shorts skirts for a chic street fashion pairing it with denim jacket cardigan heels sandals sneakers and nice necklace occasion suitable for a casual everyday look and any occasions especially for vacation holiday party work office going out date clubs daily wear school home beach street sport workout in summer spring fall and winter days,9.5947,4.2,1723.0,166.0,0.3308154638154638,10
B0D5XZ73ZP,PRETTYGARDEN Women's Dressy Casual Lace Blouse Long Sleeve Button Up Shirts Tops Spring Fall Fashion Clothes,PRETTYGARDEN Store,Blouses & Button-Down Shirts,https://m.media-amazon.com/images/I/51PNDhimz0L.jpg,https://www.amazon.com/dp/B0D5XZ73ZP,prettygarden women s dressy casual lace blouse long sleeve button up shirts tops spring fall fashion clothes size tips s us 4 6 m us 8 10 l us 12 14 xl us 16 women lace tops is made of soft texture offering a gentle feel against the skin and a cozy fit without compromising on style and comforttrendy style delicate lace detailing provides the aesthetic appeal of this long sleeve top button up shirts offers a lightweight feel for all day comfort solid color style brings the blouse s versatility making it easy to pair with various bottomschic design long sleeve tops for women button up shirts for women blouse for women dressy casual lace tops for women trendy clothes for women sheer tops for women fall outfits for women business casual blouse for women work tops for womenmore details the classic crewneck offers a timeless silhouette that flatters the neckline blending style and comfort making this blouse a versatile wardrobe staple womens lace tops features a button closure allowing for quick and easy dressingelegant lace blouse tops women long sleeve shirts is attire choice for various occasions such as work office parties date night holiday vacation travel meeting or casual outings,42.99,4.1,358.0,98.0,0.2828796296296296,10
B0D4QCZFTP,Zeagoo Women's Puff Long Sleeve Shirts Pleated V Neck Fall Tunic Tops Blouse Dressy Causal Loose Summer T-Shirts,Zeagoo Store,Blouses & Button-Down Shirts,https://m.media-amazon.com/images/I/51jM5uz4dDL.jpg,https://www.amazon.com/dp/B0D4QCZFTP,zeagoo women s puff long sleeve shirts pleated v neck fall tunic tops blouse dressy causal loose summer t shirts slimming design the front pleated style will make you look slimmer and show your feminine charm the loose fit curved hem to hide the tummy making the women s dressy tops suitable for any body shape high quality matarial zeagoo fall tunic top is soft breathable and comfortable cute long sleeve blouse is made of 95 polyester5 spandexfeatures puff long sleeve tops pleated babydoll v neck tshirts tunic tops for leggings flowy floral blouses cute bohemian t shirts 2025 fashion summer fall tops business work top solid color flattering clothes elegant flowy tee shirthow to style puff sleeve blouse can be worn tucked in or untucked casual and dressy short sleeved top can be worn alone or with a blazer jacket or cardigan and can be paired with shorts skirts jeans slacks and more occasions the dressy tops and blouses are suitable for every daily activity going out casual wear business office school dating holiday vacation travel beach and any occasions an wardrobe essential must have,19.9929,4.4,2343.0,31.0,0.3684902101866388,10
B0BHLYZTHH,CUPSHE Women Eyelet Long Sleeve Tops Shirts Dressy Hollow Out Crochet Lace Embroidered Blouses 2025 Fashion,CUPSHE Store,Blouses & Button-Down Shirts,https://m.media-amazon.com/images/I/51n0frPNJeL.jpg,https://www.amazon.com/dp/B0BHLYZTHH,cupshe women eyelet long sleeve tops shirts dressy hollow out crochet lace embroidered blouses 2025 fashion material the floral top long sleeve shirts for women cruise outfits tops blouses for women dressy casual womens spring fashion 2025 trendy eyelet design women summer clothes womens beach outfits spring blouses for women 2025 hawaii outfits for women professional tops is made of 60 cotton 40 nylon design lace sping long sleeve top for women hollow out eyelet peplum tops casual tops for women embroidered lace long puff sleeve tops dressy ladies tops and blouses cute lantern sleeve casual spring outfits for women summer fashion clothes aesthetic clothing crew neck solid color loose fit business casual style eyelet design match the western tops featuring a eyelet design and a loose casual fit are ideal for various occasions whether you re dressing up for a night out or keeping it casual this boho top is sure to turn heads occasion the cute top can create wonderful outfits to wear for all seasons suits for work office casual daily vacation holiday party school home street gym etc perfect sizing business casual long sleeve tops for women please check the size chart before purchase available in xs s m l xl please refer to the trendy tops size chart for specific measurements to achieve the perfect fit model wearing size s height 5 in 173 cm bust 33 5 in 85 cm waist 23 5 in 60 cm hips 35 in 89 cm,33.99,4.4,424.0,22.0,0.27731115362811787,10
B0BLVKGCD7,BTFBM Women's Summer Boho Shirt Top Ruffle Short Sleeve Frill Trim Mock Neck Floral Solid 2025 Casual Blouses Shirts Tops,BTFBM Store,Blouses & Button-Down Shirts,https://m.media-amazon.com/images/I/61cwT4Gz+hL.jpg,https://www.amazon.com/dp/B0BLVKGCD7,btfbm women s summer boho shirt top ruffle short sleeve frill trim mock neck floral solid 2025 casual blouses shirts tops features womens summer tops blouses for women easter shirts for women mock neck with frilled trim detail keyhole back short sleeve with cute ruffle cuffs design boho all over floral pattern bohemian style soft and lightweight fabric elegant and chic stylepleasant wearing comfort thanks to its comfortable soft material this boho women top ensures a great feeling against the skin but the top not only impresses with its look its cut is also convincing because the casual loose fit flatters your figureshort sleeves tops for women highlights this top blouse is the perfect blend of sophistication and charming mock neck with subtle frilled trim detail combines with keyhole at back perfectly creates a elegant look cute puff short sleeve ends in a playful ruffle elastic cuff design greatly flatters your arm and adds more fashionable touchboho floral shirts tops this casual women shirt exudes feminine charm with its eye catcher allover floral pattern moderate hip length continue the casual design of this women shirt consistently this fashion top is a cool basic for your leisure looksperfect in various everyday occasions this summer blouse top perfectly meets all your fashion style whatever for casual wear or chic look it can pair with legging denim shorts maxi skirts sandals sneaker or high heels for office school dating vacation shopping beach daily life,19.9943,4.3,2319.0,40.0,0.31333409645909643,10
B0D5DG4KCT,Micoson Womens Tops Dressy Casual Long Sleeve Business Shirts V Neck Pleated Work Blouses Loose Fit Fall Trendy Knit Top,Micoson Store,Blouses & Button-Down Shirts,https://m.media-amazon.com/images/I/51fpjx-iPDL.jpg,https://www.amazon.com/dp/B0D5DG4KCT,micoson womens tops dressy casual long sleeve business shirts v neck pleated work blouses loose fit fall trendy knit top material 60 polyester 35 cotton 5 spandex women s long sleeve causal shirts are made of soft fabric comfortable to wear breathable stretchy and skin friendly loose style fits most body type design the women s fall tops with a v neck and long sleeves design can modify your neck and arms the pleated design can create elegant style and the curved hem can well cover the abdomen and hip area making you look more slim and charming match this women s shirt is simple and never out of date it s perfect to pair with pencil skirts formal pants suit jackets as a business casual outfit also can pair with jeans shorts leggings chic skirts high heels jackets and cardigans for a fashion look occasions women s business casual tops are perfect for leisure daily wear work business office travel vacation school beach concerts shopping going out gatherings parties dating festivals etc it is a must have for your spring and autumn wardrobe ture to size options our long sleeve tops are available in sizes s xxl and run true to size please check our size chart carefully before purchasing to ensure correct fit washing suggestions for the tops hand wash machine wash at low temperature don t bleach hang or line dry,24.99,4.3,275.0,32.0,0.2629060846560846,10
B0DRJ7HB8Y,XIEERDUO 3/4 Length Sleeve Womens Tops Dressy Casual Blouses for Women 2025 Trendy V Neck T Shirts Summer Clothes,XIEERDUO Store,Blouses & Button-Down Shirts,https://m.media-amazon.com/images/I/41Y6RLnV0AL.jpg,https://www.amazon.com/dp/B0DRJ7HB8Y,xieerduo 3 4 length sleeve womens tops dressy casual blouses for women 2025 trendy v neck t shirts summer clothes trendy lace design this v neck t shirt has lovely lace details on the sleeves add a touch of elegance to your daily appearance or special occasions flattering 3 4 sleeve cut 3 4 length sleeve womens tops design offers versatile look that transitions effortlessly from spring to fall premium comfort for all day wear super soft breathable comfortable and skin friendly to wear ideal for work business dates beach vacation school travel party or casual outings multiple colors sizes for every body type available in a range of stylish colors and inclusive sizes this blouse caters to diverse preferences and fits all body types beautifully easy to style machine washable pair it with jeans skirts or pants machine wash in cold water hang or line dry do not bleach,19.99,4.8,13.0,443.0,0.2904294910916151,10
B0DHSGPD5P,Zeagoo Women's Casual 3/4 Sleeve T-Shirts Round Neck Cute Tunic Tops Basic Tees Blouses Business Work Tee Top,Zeagoo Store,T-Shirts,https://m.media-amazon.com/images/I/51agu49Y77L.jpg,https://www.amazon.com/dp/B0DHSGPD5P,zeagoo women s casual 3 4 sleeve t shirts round neck cute tunic tops basic tees blouses business work tee top soft comfy material 3 4 length sleeve womens tops is made of 95 polyester 5 spandex which is stretchy breathable and comfortablebasic blouses 3 4 sleeve summer top cute crew neck shirts scoop neck tops sexy fit tunics blouses casual 3 4 sleeve shirt casual business top basic tunic tops 2025 fashion spring clothes for women going out top dressy shirt plain tshirts for women print tshirts for women business casual outfitshow to style 3 4 sleeve tunic tops can be worn by itself and it s also a basic top for layering and easy to tuck in pair perfectly with skinny jeans leggings and boots you can also layer it under your jackets blazers and flannelsoccasions womens 3 4 sleeve tops are suitable for home street wear work office party dates vacation shopping daily life and outgoing short sleeve tops perfect gift for mom wife daughter girlfriend or to your owngarment care hand wash recommended machine wash cold gentle cyclegentler cycle do not bleach due to manual measurement please allow 0 5 1 inch differs order a size up if you don t want them skin tight,12.9913,4.1,679.0,100.0,0.28360227702191987,10
B09N3T5H8M,Dokotoo Women's V Neck Lace Crochet Eyelet Tops Short Sleeve Casual Shirts Blouses,Dokotoo Store,Blouses & Button-Down Shirts,https://m.media-amazon.com/images/I/41knLq-rtbL.jpg,https://www.amazon.com/dp/B09N3T5H8M,dokotoo women s v neck lace crochet eyelet tops short sleeve casual shirts blouses dokotoo womens v neck lace shirts is made with high quality fabric soft lightweight and comfortable to wearfeature v neck solid color short sleeve button design front crochet eyelet panel lightweight fabrication loose fit lace top resort wear for womenyou can pair this fashion blouses with variety of coats jacket jeans denim shorts skirts jeggings sneakers or heels to complete casual look that s easy to love all season longoccasion the casual lace crochet shirts is perfect choice for your daily wear outdoor activities shopping dates and any other occasions in spring summer fall and winterpackage content 1 x womens tops,29.99,3.9,2575.0,394.0,0.2271845238095238,10
B0832F9PRH,TASAMO Women's Casual Round Neck Basic Pleated Top Cap Sleeve Curved Keyhole Back Chiffon Blouse,TASAMO Store,Blouses & Button-Down Shirts,https://m.media-amazon.com/images/I/51mM1BSiCKL.jpg,https://www.amazon.com/dp/B0832F9PRH,tasamo women s casual round neck basic pleated top cap sleeve curved keyhole back chiffon blouse notice chiffon fabric has no elasticityus size s us 4 6 m us 8 10 l us 12 14 xl us 16 18 2xl us 20 22 model model is 5 9 bust 33 07 waist 25 59 hip37 79 wearing a size s feature plain round neck cute pleated elegant regular fit button cap sleeve ssymmetrical petal sleeve curved hem suitable for summer vacation casual outtings office school home and daily wear you can t go wrong with the timeless solid color chiffon at the same time this gorgeous floral blouse is such a darling choice for any fall day changeable print and the lightweight material is so perfect for the changing of seasons just paired with high waisted dark jeans and booties for a beautiful look great gift to your mom wife girlfriend etc tasamo women s casual round neck basic pleated top cap sleeve curved keyhole back chiffon blouse,20.9913,4.3,10661.0,76.0,0.21890737411589947,10
B09VT1BHH1,PRETTYGARDEN Women's Short Sleeve Casual T Shirts Summer Ruffle Plain Round Neck Loose Fit Tee Blouse Tops,PRETTYGARDEN Store,T-Shirts,https://m.media-amazon.com/images/I/41e1LkLkpRL.jpg,https://www.amazon.com/dp/B09VT1BHH1,prettygarden women s short sleeve casual t shirts summer ruffle plain round neck loose fit tee blouse tops material t shirts for women made of polyester blend fabric soft comfy stretchy lightweight breathable and not see throughfeatures womens t shirt features basic round neck t shirts for women short sleeve shirts for women plain t shirts for women loose fit womens tunic tops ruffle sleeve tops for women cute and casual shirts for women trendy and fashion summer tops for women ladies tops and blousesoccasions tshirts shirts for women must have for outdoors camping work party beach holidays school casual daily travel home yoga etc so cute with jeans shorts or skirts under jackets or cardigans in summer spring or fallsize t shirt women features relaxed fit s xl are available our size is different from amazon s please refer to the size chart in the picture or below on product description washing tee shirts for women recommended machine washable with cold water do not bleach line or hang dry,17.984,4.2,6781.0,127.0,0.2895935717060717,10
B09WDNRN1T,BTFBM Women Casual Boho Blouse Dressy Floral Puff Long Sleeve Shirts V Neck Lightweight Chiffon Summer Fall Tops 2025,BTFBM Store,Blouses & Button-Down Shirts,https://m.media-amazon.com/images/I/51giiD120VL.jpg,https://www.amazon.com/dp/B09WDNRN1T,btfbm women casual boho blouse dressy floral puff long sleeve shirts v neck lightweight chiffon summer fall tops 2025 features casual floral tops v neck blouse tops long sleeve shirts curved high low hem pattern floral print or solid color lightweight boho tops womens summer topsmaterial s us 4 6 m us 8 10 l us 12 14 xl us 16 18 xxl us 20 this casual blouses for women is made of soft and skin friendly delicate chiffon shows itself with feminine lightnessdesigns the boho shirt is casual and ladylike with which you will draw glances thanks to floral print the body of the chiffon blouse is opaquely lined with soft material while the slightly transparent sleeves also add more romantic and sweet senseoccasions you can also wear the loose chiffon shirt to the office with a skirt or skinny jeans or trousers on vacations or beach you can combine shorts and a cute sneakers or sandals to complete you trendy lookcolors floral dark blue loose flowy blouse floral orange wedding guest tops floral apricot long sleeve tops floral print pink womens tops floral red chiffon shirts floral yellow vacation blouse,28.89,4.2,1822.0,103.0,0.27820258441396006,10
B0D91YT7J8,Blooming Jelly Womens Dressy Casual Blouse Business Long Sleeve Tops Ruffle V Neck Work Shirt Fall Outfit 2024,Blooming Jelly Store,Blouses & Button-Down Shirts,https://m.media-amazon.com/images/I/41Gv8Zmt8rL.jpg,https://www.amazon.com/dp/B0D91YT7J8,blooming jelly womens dressy casual blouse business long sleeve tops ruffle v neck work shirt fall outfit 2024 soft fabric long sleeve shirts for women are made of 95 polyester 5 spandex lightweight super soft and stretchy fabric with high quality long sleeve with button soft to touch and breathable ruffle design business casual tops features v neck front ruffle frill trim design long sleeve with elegant button and a relaxed silhouette that drapes beautifully add a feminine and romantic feeling giving you a charming and trendy look various matching styles blouses for women dressy casual tucked into jeans or let them flow for a carefree look the business casual tops are easy to paired with jeans shorts skirt leggings for a daily look also can match with tailored trousers suit pants creat a dressy look more occasions tops for women trendy are suitable for dressy occasion business work office meeting teacher outfit vacation going out date night and it is a nice choice for spring fall winter and summer night note we strongly recommend that you take your body measurements first and then refer to our size table before ordering the size table data is the body size not the clothing size xs us 0 2 s us 2 4 m us 6 8 l us 10 xl us 12 2xl us 14,24.9914,4.2,431.0,100.0,0.31379292929292923,10
B08KG88XXR,Avanova Women Polka Dot Long Sleeve Blouse Shirts Work Mock Neck Ruffle Top,Avanova Store,Blouses & Button-Down Shirts,https://m.media-amazon.com/images/I/51KmiOmhUXL.jpg,https://www.amazon.com/dp/B08KG88XXR,avanova women polka dot long sleeve blouse shirts work mock neck ruffle top material the chiffon blouse made of 99 polyester 1 elastane comfy to wear great for spring fall winter dressy feature elegant blouse for women feature with fashion leopard print 3 4 sleeve with ruffle hem ruffle neck keyhole back frill mock neck shirt occasion casual and elegant style blouse basic but flattering tops suit for date work office business party holiday or casual wear size regular fitting please refer to the size measurement in images before ordering garment care machine wash or hand wash in cold water do not bleach,28.99,4.2,5990.0,59.0,0.2438863211919701,10
B0BSF2B5JH,Womens Smocked Cuffed Striped Boyfriend Shirt Casual Collar Long Sleeve Oversized Button Down Blouse Tops with Pocket Shirred,LEMAFER Store,Blouses & Button-Down Shirts,https://m.media-amazon.com/images/I/51OBRZ-vvxL.jpg,https://www.amazon.com/dp/B0BSF2B5JH,womens smocked cuffed striped boyfriend shirt casual collar long sleeve oversized button down blouse tops with pocket shirred material the long sleeve shirred cuff blouse made of 35 cotton 65 polyester skin friendly fabric which is lightweight very soft and comfy to wear feature turn down collar striped long sleeves with smocked cuffs bust pocket and front button closures this oversize fit is sure to make the wearer feel slender matching the elastic cuff shirt top for women good match with pants to complete the look perfect to wear daily or as a beach cover up matching with a bikini size note this shirt has an oversized fit if you prefer a more fitted look you can size down please refer to the size chart before ordering anyother questions please feel free to contact us wash care machine washable in gentle recommend hand wash in cold water line dry do not bleach,28.99,4.2,2312.0,1.0,0.2612372458890316,10
B0D5QPC67N,AUTOMET Womens Fall Fashion Long Sleeve Shirts Dressy Casual Pleated Basic Trendy Tops Winter Clothes 2025,AUTOMET Store,Blouses & Button-Down Shirts,https://m.media-amazon.com/images/I/41PcrC0Q8pL.jpg,https://www.amazon.com/dp/B0D5QPC67N,automet womens fall fashion long sleeve shirts dressy casual pleated basic trendy tops winter clothes 2025 materials 60 polyester 35 rayon and 5 spandex the fabric offers unparalleled comfort and a distinctive look for an exceptional wearing experience design long sleeve round neck bat sleeve loose fit good casual style crafted from comfortable fabric it ensures a delightful wearing experience perfect for any occasion it seamlessly combines chic design with comfort suitable this fashion long sleeve pleated top is great for casual wear business work great for daily wear and travel in spring fall and winter stylish wearing this versatile long sleeve t shirt is perfect year round dress it up with tailored trousers and heels or go casual with jeans and sneakers ideal for business casual or everyday wear it pairs effortlessly with dress cardigans and various accessories for a stylish look in spring fall and winter wash machine washable hand washes cold water do not bleach,12.99,4.3,927.0,48.0,0.3071510204081632,10
B0D6WGWNS8,Dokotoo Womens Soft Long Sleeve V Neck Shirts Solid Casual Decorative Buttons Knitted Pullover Tunic Tops,Dokotoo Store,Tunics,https://m.media-amazon.com/images/I/41Zma1m8jFL.jpg,https://www.amazon.com/dp/B0D6WGWNS8,dokotoo womens soft long sleeve v neck shirts solid casual decorative buttons knitted pullover tunic tops soft and comfortable crafted from a soft fabric this garment ensures a comfortable wearing experience throughout the day knitted pullover the knitted construction provides warmth and a cozy feel making it a perfect choice for cooler weather casual style featuring decorative buttons enhancing its visual appeal it perfect for everyday wear whether you re meeting friends or lounging at home versatile perfect for the spring autumn and winter seasons it easily paired with leggings or jeans for a chic and relaxed outfit cleaning wash recommended with cold water do not bleach hang or line dry wash with like colours that will increase the durability of your clothes,15.982,4.4,456.0,119.0,0.28041570029482116,10
B07YNY69X6,"SHAPERMINT Shapewear for women - High-Waisted Shapewear Tummy Control Shorts, Faja body shaper, underwear for women",SHAPERMINT Store,Control Panties,https://m.media-amazon.com/images/I/21TNB1dk38L.jpg,https://www.amazon.com/dp/B07YNY69X6,shapermint shapewear for women high waisted shapewear tummy control shorts faja body shaper underwear for women all day comfort control designed for everyday comfort this shapewear tummy control shorts smooth your midsection while staying breathable and lightweight perfect for layering under formal dresses for women or as waist trainers for women belly fat secure fit no rolling anti chafing shorts for women stay comfortable with anti slip silicone strips that keep your tummy control shapewear in place all day no rolling no chub rub just smooth effortless support these are must have under slip shorts for under dresses full waist thigh back coverage feel instantly supported with a design that tucks the tummy slims the thighs and smooths the back whether you need body shaper tummy control faja body shaper or shapewear bodysuits for women this is the perfect solution for any occasion sizing tip find your perfect fit check the size chart for the best fit if in between sizes choose a larger size for a relaxed fit or a smaller size for a snug fit our tummy control underwear for women is designed to work seamlessly under plus size dresses for curvy women made just for you we believe every woman deserves to feel beautiful our body shaper for women has been designed to let you embrace your curves fill you with confidence and finally start loving yourself again feel feminine feel empowered feel irresistible our high waisted body shaper shorts does it all they re soft as silk stretchy as can be made for all shapes and sizes easy to wash and they tuck your tummy in a comfortable and flawless way every one of our shapewear shorts comes with a no slip silicone strip crafted to prevent rolling we work everyday to help you and countless women feel exceptional from the inside out your complete happiness and satisfaction is our goal and we won t stop until then features benefits they re silky soft and stretchy made using the finest fabrics made to last they re perfect for any and every occasion activity you name it tucks away your tummy lifts your butt naturally and comfortably the perfect body shaper shorts for you we have sizes for women of all shapes easy to wash so you can use them over and over again 100 risk free guarantee made to last shapermint products are made ethically and authentically while offering seamless quality and performance try our waisted body shaper shorts today worry free add to your cart buy now and try them on go about your normal everyday activities workout go on a walk relax at home,25.99,4.0,72403.0,1.0,0.15206053347059445,4
B0B24PVTYC,FENSACE Womens Sundress Summer Floral Short Sleeve Wrap V Neck A-Line Midi Dress,FENSACE Store,Casual,https://m.media-amazon.com/images/I/51+Qn7OfdvL.jpg,https://www.amazon.com/dp/B0B24PVTYC,fensace womens sundress summer floral short sleeve wrap v neck a line midi dress features wrap v neck ruffle short sleeve a line above knee length floral dress midi dress material is lightweight flowy soft occasion perfect for daily wear beach work date holiday wedding party shopping etc according to different occasions match some chic items to create your own fashion look wear with tie up sandals for bohemian style or with sun straw hat and sunglasses enjoy your summer vacation if it s a formal occasion you can with high heels and delicate jewelry midi dress for a flowy silhouette can perfectly cover your hips simple and classy design it is a necessity for your wardrobe cute ruffle sleeve make this dress more attractive hide your flaws and make your arm line more perfectly style summer dresses for women 2024 sundresses for women wrap dress for women cottagecore dress dress for wedding guest beach dresses for women casual dress to ensure the satifaction of your order please check the size provided on the description due to monitor settings and monitor pixel definitions it may be a little color different,33.99,4.3,2936.0,7.0,0.3192723214285714,10
B09Z5X9B86,PRETTYGARDEN Women's Summer Casual Boho Dress Floral Print Ruffle Puff Short Sleeve Flowy Midi Beach Party Dresses,PRETTYGARDEN Store,Casual,https://m.media-amazon.com/images/I/41lrWrGkQUL.jpg,https://www.amazon.com/dp/B09Z5X9B86,prettygarden women s summer casual boho dress floral print ruffle puff short sleeve flowy midi beach party dresses size tips s us 4 6 m us 8 10 l us 12 14 xl us 16 18 summer floral print dress is a woman s romantic dream in such a nice weather you should wear it the printing is retro and magnificent and the color is gorgeous and elegant looks very lovely and beautiful soft comfortable and airy for hot summer and humid days just trust me when you wear this dress you will attracting more attentionmaterial floral print midi dress is made of very soft polyester spandex blend fabric the fabric is a little thicker than other summer wear the material is not silk but is quality fabric super light weight and breathable stretches but maintains shape not see through perfect for summer and other seasonsfeatures women s summer dress floral print bohemian style midi length vintage cute puff short sleeve flowy swing hem crew neck loose fit vintage and elegant look ruffle hemline high waist perfectly shows your good body figure polka dot printed flare a line mini dresses your best choice for hot summerhighlight bohemian floral print dress is always stylish and classic the high waisted a line version can better show your perfect figure the round neck design shows your slim neckline retro puff sleeves french style different dresses make you feel different ways this one made you feel really cute sweet playfuloccasion this dress can satisfy you dating with your boyfriend take perfect photos while on vacation when you walk along the beach with sunglasses and a fashionable hat you are the most attractive beauty on this place this dress is also suitable for daily work commuting,38.392,4.0,13695.0,65.0,0.2785313644688644,10
B0DFBDPKV8,Dokotoo Women's Summer Dresses 2025 Beach Casual Deep V Neck Loose Sundress Ruffle Sleeve Mini Dress,Dokotoo Store,Club & Night Out,https://m.media-amazon.com/images/I/31ThB+h4GML.jpg,https://www.amazon.com/dp/B0DFBDPKV8,dokotoo women s summer dresses 2025 beach casual deep v neck loose sundress ruffle sleeve mini dress material this womens dresses is made of soft material stretchy and lightweight material it is lightweight and can be easily dress up or dress down features women short dresses features in v neck ruffle short sleeve spring summer casual dresses this gorgeous dress featuring an elegant ruffle design that is both flattering and cute occasion this cute dress is perfect for leisure work home office party vacation picnic shopping travel school daily good for spring summer and fall wear match you can pair with it with its basic solid color and elegant simplicity it never goes out of style basic dress could also pair well with plain or luxury accesories as a highlight of your outfit washing instruction machine washable wash in cold water hang or line dry and do not bleach please refer to the size chart before ordering any other questions please tell us freely,19.99,4.1,201.0,21.0,0.3135969863469863,10
B0BZ76N2MX,PRETTYGARDEN Women's Summer Wrap Maxi Dress Casual Boho Floral V Neck Short Sleeve Ruffle Hem Split Beach Long Dresses,PRETTYGARDEN Store,Casual,https://m.media-amazon.com/images/I/41Ma7LZq3QL.jpg,https://www.amazon.com/dp/B0BZ76N2MX,prettygarden women s summer wrap maxi dress casual boho floral v neck short sleeve ruffle hem split beach long dresses xs us 2 s us 4 6 m us 8 10 l us 12 14 xl us 16 18 xxl us 20 22 material this long maxi dress is made of ployester and spandex fabric which is soft comfy and light weight but not see through flowy comfortable to wear in summerfeatures maxi dress for women features sexy wrap v neck short sleeve relaxed fit high waist allover floral polk dot print full length long maxi dress asymmetric ruffle trim at the bottom high split at one side wrap belt at the waiststyle floral maxi dress boho maxi dress summer maxi dress maternity maxi dress split maxi dress v neck maxi dress beach maxi dress ladies maxi dress ruffle maxi dress flowy maxi dress maxi dress with sleeves bohemian maxi dressmatches style the floral maxi dress with heels or sandals for a fantastic look in summer you ll love you can also dress it with short denim jacket or cardigan pairing with boots in fall and springoccasions maxi dresses for beach vacation casual outdoor work office party club cocktail evening shopping wedding vacation beach daily life wedding guest maternity perfect for spring and summer wearing vintage maxi dress which makes you look charming and attractive in all the right places,47.99,4.1,15206.0,9.0,0.22887808031095572,10
B0CP5M161C,ANRABESS Womens Boho Maxi Dresses 2025 Summer V Neck Puff Sleeve Floral Flowy Swing Casual Long Dress,ANRABESS Store,Casual,https://m.media-amazon.com/images/I/51Kgqs74SkL.jpg,https://www.amazon.com/dp/B0CP5M161C,anrabess womens boho maxi dresses 2025 summer v neck puff sleeve floral flowy swing casual long dress size s us 4 6 m us 8 10 l us 12 14 xl us 16 18 xxl us 20 22 see details in the descriptionfeatures maxi dresses bohemian floral printed lantern puff sleeve flowy ruffle a line drawstring v neck empire waist tiered swing dress casual elegant relaxed fitstyle long boho dress with timeless and dainty printed easy to match with earrings high heel sandals for your laid back and stunning lookoccasion trendy elegant dresses versatile for daily wearing dating beach party going out vacation cocktail prom wedding guest homecoming work birthdaycare hand wash cold hang or lay flat to dry do not bleach or iron,28.7928,4.2,782.0,28.0,0.34465782723345745,10
B0CRB1NJ46,QINSEN Womens Square Neck Tennis Dress Short Sleeve Built in Shorts Golf Athletic Dress with Pockets,QINSEN Store,Dresses,https://m.media-amazon.com/images/I/31FYk7rPabL.jpg,https://www.amazon.com/dp/B0CRB1NJ46,qinsen womens square neck tennis dress short sleeve built in shorts golf athletic dress with pockets fabric premium athletic mateial super cozy soft and stretch nylon fabric 75 polyamide 25 elastane lining 86 polyamide14 elastane full lined with built shorts no brafeature fashion forward and beyond functional the athletic dress is made of super soft stretchy alosoft with short sleeve a squareneckline a snug fit through the waist side slit and a mini length a line skirt bonus points for shorts just add a racquet and sneakers for on the court or sandals and a mini bag for off the court 2 in 1 tennis dress workout dress with built in mesh shorts but no bra for a total coverage and ease of movement you can reach to return every serve without anything holding you back plus two side pockets are added in undershorts are great for keeping your essentials within reach a flattering a shape fashion meets functionality with this gorgeous tennis dress a bust flattering square neckline and angled shoulders complete with a flirtatious mini skirt with narrow split that lengthens the legs this dress with shorts underneath flares into a flattering a shape while smoothing the trouble areas in this qinsen exercise dress you ve got all the style and confidence to crush the competition occasion comfortable wearing experience qinsen butter soft farbic tennis dress with shorts are perfect for tennins golf hiking running workout and any other of your favorite sports daily wear,36.99,4.3,906.0,1.0,0.15843788156288155,4
B0CPHKY9MT,PRETTYGARDEN Womens Summer Jumpsuits Dressy Casual One Piece Outfits Sleeveless Mock Neck Wide Leg Pants Rompers with Pockets,PRETTYGARDEN Store,Jumpsuits,https://m.media-amazon.com/images/I/310Tr6S6VUL.jpg,https://www.amazon.com/dp/B0CPHKY9MT,prettygarden womens summer jumpsuits dressy casual one piece outfits sleeveless mock neck wide leg pants rompers with pockets tips s us 4 6 m us 8 10 l us 12 14 xl us 16 18 xxl us 20 jumpsuits for women dressy crafted from ribbed knit material ultra soft and stretchy please note that the romper may be a little long you can choose the appropriate size according to the size chartfeatures one piece jumpsuits for women summer clothes for women sleeveless womens rompers wide leg jumpsuit with pockets mock neck jumpsuits for women casual pants rompers for women summer rompers for women dressy with zipper teacher outfits for womendetails womens jumpsuits casual designed with elegant mock neck unique waist side ruched convenient side pockets and back zipper closure wide leg jumpsuits for women have the visual effect of elongating your legs and giving you a sleek and chic lookcolors options dusty pink womens jumpsuits dressy blue womens rompers for summer black casual jumpsuits for women green stretchy jumpsuits for women navy rompers for women long pant camel one piece romper wine red womens summer outfits brick red sleeveless jumpsuits for womenone piece outfits for women jumpsuits for women elegant is an ideal choice for various occasions ranging from casual gatherings to semi formal events womens rompers and jumpsuits are perfect to pair with high heels flats or sneakers due to its adaptable design,39.995,4.2,3332.0,1.0,0.2831145382395382,10
B0BNBBNR98,CUPSHE Women's Mini Dresses Casual Spring V Neck Chiffon Long Peasant Sleeves Flowy Summer Dress,CUPSHE Store,Dresses,https://m.media-amazon.com/images/I/51ycUkSP2GL.jpg,https://www.amazon.com/dp/B0BNBBNR98,cupshe women s mini dresses casual spring v neck chiffon long peasant sleeves flowy summer dress unique design embrace casual chic in our floral printed long sleeves dress featuring for chiffon fabric v neck elastic waist to fit floral print design bring the sense of mystery and surprise creating a fashion statement as playful as a summer breezedetails a line short dress wedding guest dress for women is perfect for spring and summer day 2025 which is made of 100 polyester soft and comfortable flowy styleoccasion this mini dress is perfect for graduation wedding beach vacation party dinner dating shopping casual cocktail party birthday party ceremony work park coffee christmas club and so on it can also be worn in spring and summer with a thin coat for daily wearperfect sizing available in xs us 0 2 s us 4 6 m us 8 10 l us 12 14 xl us 16 xxl us 18 please refer to our size chart for specific measurements to achieve the perfect fit model wearing size s height 5 8 in 173 cm bust 30 7 in 78 cm waist 23 6 in 60 cm hips 33 1 in 84 cmgarment care regular wash recommend with cold water do not use bleach do not tumble dry,44.99,4.0,2789.0,30.0,0.21076053381142662,10
B0C72M9R32,Dokotoo Women's Wrap V Neck Short Flared Sleeve Wedding Guest Dress Smocked Elastic Waist Tiered Belted Ruffle Hem Mini Dress,Dokotoo Store,Casual,https://m.media-amazon.com/images/I/310FflFXTsL.jpg,https://www.amazon.com/dp/B0C72M9R32,dokotoo women s wrap v neck short flared sleeve wedding guest dress smocked elastic waist tiered belted ruffle hem mini dress this dress features a cross v neckline stretchy elastic high waist smocked back flared short sleeves belt tiered dress mini dress flowy and swing a line style the smocked design ensures a flattering fit that hugs your curves in all the right places making it suitable for all body shapesmini dress for women 2025 short flared sleeve dresses ruffled hem a line dress high waist flowy dress wrap v neck solid dress tiered flowy dress for women swing dress with belt summer dress for women fit and flare dress for women lightweight chiffon dress beach dress for womendokotoo women s wrap v neck mini dress 2025 short flared sleeve smocked elastic waist tiered belted ruffle hem party short dressesthis dress is an essential piece for hot summer days which is suitable for casual daily vacations beach wedding date night graduation homecoming church banquet baby shower postpartum or pregnancy wear office family gathering photo shoot and other special events simply style the dress with necklaces earrings hats sandals heels or boots and a matching clutch along with a red lipstick for a pop of color you will look effortlessly put together and stylish,46.38,4.0,936.0,23.0,0.3353901671245421,10
B09ZL695FM,ZESICA Women's 2025 Summer Casual Flutter Short Sleeve Crew Neck Smocked Elastic Waist Tiered Midi Dress,ZESICA Store,Casual,https://m.media-amazon.com/images/I/31ZrkHw5Q1L.jpg,https://www.amazon.com/dp/B09ZL695FM,zesica women s 2025 summer casual flutter short sleeve crew neck smocked elastic waist tiered midi dress size guide small us 4 6 medium us 8 10 large us 12 14 x large us 16 18 suggest to iron in low before wearing tips apricot white light purple light yellow rose pink mint these colors are lined the others are unlined this bold and breezy midi dress has a flattering elastic shirred top features a crew neck solid color high waist short cap sleeves edged with playful frills at shoulder back keyhole closure and a flowy tiered midi skirt adds more femininity if you have a large bust you can go one size up it s classy cute and you ll love it the smocked dress is everything sweet and everything you need either the flutter sleeves the ruched bodice or the popping colours will be talked about non stop can also be worn as a maternity dress this hot days essential cottagecore dress is perfect for casual daily vacation beach holiday wedding office family gathering etc just style this with necklace earrings heels wedges matching clutch and a red lippy washing instructions hand machine washable with cold water recommended do not bleach iron in low hang or line to dry,45.99,4.2,9749.0,4.0,0.31874720691245456,10
B0CN6BCP5S,Memoriesea Women's Vintage Church Ruffle Sleeve Ruched Bodycon Work Midi Pencil Dress,Memoriesea Store,Work,https://m.media-amazon.com/images/I/31613tBX5XL.jpg,https://www.amazon.com/dp/B0CN6BCP5S,memoriesea women s vintage church ruffle sleeve ruched bodycon work midi pencil dress material 90 polyster 10 spandex the vintage church dresses is soft touching stretchy very comfortable design short ruffle sleeve ruched bodycon midi dress ruffle on the left cover the line of body to look slimmer occasion church work business graduation formal party date cocktail shopping street holiday wedding vacation school home daily wear us size s usa 4 6 m 8 10 l 12 14 xl 16 18 xxl 20 22 please check it before you buy washing tips hand wash machine wash in low temperature water hang to dry,35.991,4.4,1345.0,1.0,0.340535498066748,10
B0C1GS1NWD,Dokotoo Womens Dresses 2025 Spring Summer Deep V Neck Elegant Bow tie Mini Dress S-XL,Dokotoo Store,Casual,https://m.media-amazon.com/images/I/41WNALV89nL.jpg,https://www.amazon.com/dp/B0C1GS1NWD,dokotoo womens dresses 2025 spring summer deep v neck elegant bow tie mini dress s xl flirty and feminine elevate your summer style with this gorgeous dress featuring an elegant ruffle design that is both flattering and cuteelegant and timeless add some sophistication to your wardrobe with this deep v neck mini dress complete with an elegant bow tie cute flower embellished short sleeveslightweight and comfortable made with soft and lightweight material this dress is perfect for those hot and humid summer days you ll love the loose fit that allows for plenty of airflow keeping you comfy and coolsize s us 4 6 m us 8 10 l us 12 14 xl us 16 18 check more info of this casual dress in size chart and product description please choose carefully according to your size perfect for all occasions whether you re dressing up for a party or going on a casual beach vacation this dress is the perfect choice with its classy and timeless design you ll look and feel incredible no matter where life takes you,36.995,4.3,2977.0,33.0,0.31261045418167266,10
B0D6YJYBZC,Nmoder Casual Dresses for Women Semi Formal Fit and Flare Dresses 3/4 Sleeve A-line Church Work Dresses with Pockets,Nmoder Store,Casual,https://m.media-amazon.com/images/I/318Ue-vAk6L.jpg,https://www.amazon.com/dp/B0D6YJYBZC,nmoder casual dresses for women semi formal fit and flare dresses 3 4 sleeve a line church work dresses with pockets comfortable materials made of 92 polyester and 8 spandex the church dresses for women is designed to provide a sense of fitted airy comfort high quality stretchy fabric with a nice drapey effect not easy to wrinkle elegant and stylish design this vintage fit and flare cocktail dress for women features with v neck 3 4 sleeve midi length and high waist design enhancing your figure and instilling confidence and allure fit and flare dress this is an elegant and classic dress can hide belly fat and optimizes waistline and body proportion adding a touch of glamour and comfort elements pockets on both sides for carry your small things for any occasions the midi dresses for women is a versatile addition to your wardrobe suitable for various occasions such as wedding guest cocktail party funeral church wear to work and semi formal or casual occasions the women dresses can be dressed up with high heels or dressed down with pumps you need to know the womens work dresses need to wash in cold water and do not bleach or soak for a long time,39.99,4.1,258.0,25.0,0.24216220238095237,10
B0BZP7BQZV,BORIFLORS Women's Sexy Ruched Bodycon Mini Dress Mesh Long Sleeve Club Party Short Dresses,BORIFLORS Store,Club & Night Out,https://m.media-amazon.com/images/I/31OEEdrnIeL.jpg,https://www.amazon.com/dp/B0BZP7BQZV,boriflors women s sexy ruched bodycon mini dress mesh long sleeve club party short dresses fabrics the sexy bodycon dresses is very soft mesh sheer high stretchy breathable lightdesign the party mini dress feature square neck design mesh sheer back and sleeves slim fitting back zipper ruched body con dress the semi formal dresses is perfect for women and teen girlsoccasion the cute short dresses is suitable for going out club party date night neon night out clubwear graduation cocktail evening homecoming dinner beach birthday wedding home bbq shopping halloween vacationsize s 4 6 m 8 10 l 12 14 xl 16 18 the club dresses can be wear as graduation dress hoco dress maternity dresscare machine wash and hand washing,28.792,4.4,1637.0,9.0,0.19554673721340388,3
B0CD53B24J,Nmoder Women's Casual Wrap Flared Midi Dress Wedding Guest Cocktail Tea Dresses A-Line Swing V-Neck 3/4 Sleeve,Nmoder Store,Casual,https://m.media-amazon.com/images/I/31+hRtnKVoL.jpg,https://www.amazon.com/dp/B0CD53B24J,nmoder women s casual wrap flared midi dress wedding guest cocktail tea dresses a line swing v neck 3 4 sleeve multiple sizes colors the elegant v neckline wrap dress has multiple colors and sizes from m 3xl for you to choose every dress with different colors or patterns ladies in any sizes could choose a right one comfortable materials the 3 4 sleeve dress for women is made of 95 polyester and 5 spandex soft and stretchy fabric make you feel comfortable in all days and also friendly to pregnant women 3 4 sleeve design is wearable in four seasons highlight s shaped body the v neck of fit and flare dress for women makes you look sexy high waistband perfect to trim your waist and show your s shaped body side pocket designs for carrying small items but without influencing the beauty occasions match the stylish aline dress for women is perfect to wear with pumps for semi formal occasions like wedding cocktail banquet or with more ornate jewelry and accessories for casual occasions like dating dinner party etcs what you get if you have any questions when purchasing the semi formal slimming dresses for curvy women please contact us and we will respond within 24 hours,36.998,4.2,2072.0,121.0,0.2952140349729635,10
B0BNHL4VSC,MEROKEETY Women's 2025 Summer Puff Sleeve Smocked Floral Dress Crewneck Lace Flowy Tiered Midi Dresses,MEROKEETY Store,Casual,https://m.media-amazon.com/images/I/41jxGtfjwzL.jpg,https://www.amazon.com/dp/B0BNHL4VSC,merokeety women s 2025 summer puff sleeve smocked floral dress crewneck lace flowy tiered midi dresses us size small us 4 6 medium us 8 10 large us 12 14 x large us 16 18 this flower dress is made soft fabric to provide you with comfortable wearing experience it is breathable and comfortable with good drape and the lining will not penetrate feature crewneck floral textured chiffon fabric solid color semi sheer short puff sleeve smocked shirred bodice flowy tiered elastic high waist back button keyhole closure swing a line style long dress with lining floral texture chiffon fabric and short bubble sleeves add romantic and sweet flavor making you look elegant and eye catching the high waist detail design fully shows the charming waist line you can match it with your shiny earrings necklaces and high heeled shoes to show your femininity occasions the summer elegant dress is perfer for casual daily beach holiday wedding guest family gathering outdoor travel homecoming party shopping dinner date and other events you will love this midi maxi dress washing instruction machine wash with a laundry bag hand washes cold and do not bleach,48.99,4.2,2966.0,178.0,0.28368002831325334,10
B09LH6CFNH,CHICGAL Summer Dresses for Women Beach Cover Ups Strapless Boho Floral Print Sundress,CHICGAL Store,Casual,https://m.media-amazon.com/images/I/41GKUSj8HYL.jpg,https://www.amazon.com/dp/B09LH6CFNH,chicgal summer dresses for women beach cover ups strapless boho floral print sundress feature womens dresses casual summer featuring tube tops boho floral printing sundress for swimsuit coverups sleeveless backless cold shoulder elasticated breast knee length a line high waist swing hem vintage boho styles beach outfit clothingmaterial womens beach dresses sun dresses with sexy backless are made from super soft and stretchy fabric lightweight and breathable no fading or pilling easy to wash and quick to dry the must have summer boho plus size dresses for women for hot weatherstyle colorful summer dresses for women from popular plentiful color women s casual dresses floral sunflower dress classic bohemian dresses for women to the chic fashion tropical dress easily pick up the loose short dresses you likefit occasions simple design makes the knee length dress great for beach vocation home office party school casual daily evening country cocktail photoshoot formal outfit wedding various colors for housewife juniors teen girls and so onsize casual dresses for women going out accessories sizes range of s 3xl please refer to the size chart in product description below before ordering whether you re petite plus size or somewhere in between you ll find perfectly fitting elastic bandeaus dress,14.7924,4.2,11949.0,20.0,0.34343439399042847,10
B0CRKRXPB6,BTFBM Women's Ruched Bodycon Dress Summer Casual Sleeveless Back Slit Elegant Club Evening Party Cocktail Maxi Dresses,BTFBM Store,Formal,https://m.media-amazon.com/images/I/31JqtsZWvjL.jpg,https://www.amazon.com/dp/B0CRKRXPB6,btfbm women s ruched bodycon dress summer casual sleeveless back slit elegant club evening party cocktail maxi dresses features s us 4 6 m us 8 10 l us 12 14 xl us 16 bodycon dresses for women maxi dress thin breathable material high neck sleeveless back slit ruched detailing on shoulder and side stretchy pull on closurematerial crafted from soft and breathable material this long dresses ensures a great wearing comfort while the plenty of stretch makes this dress easily to be put on or taken offhighlight design to flatter you figure this bodycon dress perfectly hugs your body showing off your charming curve the ruched detailing enriches the layering of the dress while the back slit design creates a looming feeling adding more elegant senseversatile dress it up with delicate accessories and high heels this ruched dresses for women can be wore as party dress cocktail dress club dress wedding guest dress formal dresses for women evening party or birthday dresscolor black semi formal dresses for women beige women dresses for special occasions pink valentine dress for women wine red date night dresses for women orange red homecoming dresses army green slit dress,44.99,4.2,916.0,11.0,0.2643597560177917,10
B08TBG1BPD,Women's Casual T Shirt Dress Summer Short Sleeve Swing Dresses with Pockets,lionstill Store,Casual,https://m.media-amazon.com/images/I/31x1xTdsMIL.jpg,https://www.amazon.com/dp/B08TBG1BPD,women s casual t shirt dress summer short sleeve swing dresses with pockets standard american sizes s us 4 6 m us 8 10 l us 12 14 xl us 16 18 xxl us 20 22 3xl us 24 26 this women s casual loose dress is available in a variety of solid and printed colors if you are thin then it is recommended that you choose a smaller size soft material casual printed dresses are made of lightweight soft rayon fibers that are skin friendly and comfortable to wear the summer dress with pockets is reasonably priced and the fabric is very stretchy which makes it light enough for hot weather but don t need to worry about it flying or getting stuck somewhere features v neck t shirt dress short sleeve knee length swing dress loose and comfortable covers large hips and comes with pockets it s not too baggy so you don t have to wear tights if you don t want to all match style this women s spring summer tshirt dress is perfect for pairing with jewelry sandals heels flip flops or even sneakers flowy dress can look charming when paired with a belt or a pair of boots also you can easily pair it with shawl accessories occasions our loose tee dresses are perfect for various occasions such as parties shooping beach walks and even office work the simple basic dress design is also comfortable to wear at home or go to sleeping,19.99,4.3,1163.0,10.0,0.42076322751322753,10
B09QM9P487,ANRABESS Women’s Summer Loose Boho Flowy Wrap V Neck 3/4 Sleeve Floral Print Slit Beach Wedding Guest Long Maxi Dresses,ANRABESS Store,Cover-Ups,https://m.media-amazon.com/images/I/51XH7+eyrKL.jpg,https://www.amazon.com/dp/B09QM9P487,anrabess women s summer loose boho flowy wrap v neck 3 4 sleeve floral print slit beach wedding guest long maxi dresses size s us 4 6 m us 8 10 l us 12 14 xl us 16 18 xxl us 20 22 lined lined length to mid thigh the dress length to floor all colors have lined not see through features this kimono maxi dress features wrap v neck top 3 4 oversized sleeves elastic waist with a belt high slit to lined maxi length loose fit floral printed occasion this boho dress perfect for party travel beach vacation daily and so on bump and nursing friendly wash care hand wash recommended hang to dry,49.99,4.0,5168.0,40.0,0.24215567765567764,10
B0D8KSM11G,Dokotoo Womens Dresses 2025 Boho Floral V Neck Long Sleeve Smocked Elastic Waist Casual A-Line Swing Mini Dress Sundress,Dokotoo Store,Casual,https://m.media-amazon.com/images/I/51vKaG4XBDL.jpg,https://www.amazon.com/dp/B0D8KSM11G,dokotoo womens dresses 2025 boho floral v neck long sleeve smocked elastic waist casual a line swing mini dress sundress feature dokotoo spring dresses for women 2025 comes with long sleeve v neck bohemian floral print smocked elastic waist high waist a line boho dress babydoll dress short dress sun dresses sundresses for women swing flared mini knee length casual elegant dress for women fits for any body shape the smocked elastic waist design offers a comfortable and customized fit that hugs your body in all the right places accentuating your curves beautifully it provides a flattering and figure enhancing silhouette ensuring both comfort and confidence long sleeve womens dresses length is good as well not too long or too short it use the a line version can show your curves and hid tummy pretty well get ready for a charming and playful look with this women s a line swing short dress size s us 4 6 m us 8 10 l us 12 14 xl us 16 18 check more info of this floral dress in size chart and product description please choose carefully according to your size dokotoo long sleeve dress for women is made with high quality fabric comfortable breathable lightweight soft friendly to skin occasion smocked cute dresses is perfect choice for casual daily school party vacation holiday resort wear cruise outfits beach office work home date shopping wedding birthday anniversary dinner photos bridal shower family pictures and any other occasions,39.88,4.3,219.0,56.0,0.3432067640692641,10
B0DLGRS1BJ,Zeagoo Women Summer Short Sleeve Midi Dress with Pockets Casual Aline Flowy Tshirt Dress Floral Vocation Beach Sundress,Zeagoo Store,Casual,https://m.media-amazon.com/images/I/41LXJwHAXlL.jpg,https://www.amazon.com/dp/B0DLGRS1BJ,zeagoo women summer short sleeve midi dress with pockets casual aline flowy tshirt dress floral vocation beach sundress material short sleeve summer dress made of soft breathable lightweight and stretchy fabric comfortable to wear fit for spirng summer fall trendy sundresses for women casual beach beach dresses for women hawaiian dresses floral midi dresses boho dress shirt dress loose t shirt dress tropical dresses short sleeve dress modest dresses flowy dress petite summer dresses lounge dress floral sundresses aline dress feature midi dress with solid color and various floral print crewneck tshirt dress short petal sleeve dress flowy tshirt dress aline swing dress casual loose shift dress with 2 side pockets modest dess with elastic waist knee length dress easily dress up or down match beach sundress pair it with sandals sneakers for a casual look or dress it up with heels and statement jewelry fit for daily casual relaxed wear work shopping office school church vacation beach travel dates and party garment machine wash note floral print is random the distribution of clothing patterns may be slightly different from the picture but the overall floral print is same to the picture,32.99,4.3,85.0,101.0,0.3186815476190476,10
B0DD72RFZ8,Memoriesea Women's Elegant Casual Short Sleeve Work Party A-Line Dress with Pockets,Memoriesea Store,Casual,https://m.media-amazon.com/images/I/31SRVi2QgKL.jpg,https://www.amazon.com/dp/B0DD72RFZ8,memoriesea women s elegant casual short sleeve work party a line dress with pockets material this dress is made of quality fabric 90 polyester 10 spandex soft stretchy and comfortable feature the dress is beautiful and elegant short sleeve necktie side pockets pleated skirt fit and flare style with pockets the pretty necktie starts off this fit and flare style dress that invites joy and optimism occasion great for everyday look going out weekend cocktail party birthdays dinner prom business office work church wedding guest teaching clothes mother s day gift us size s usa 4 6 m 8 10 l 12 14 xl 16 18 xxl 18 20 please check it before you buy match this dress with strappy heels gold hoops and a clutch for a sexy and elegant look that s perfect for wedding guests and other formal events,42.99,4.3,795.0,27.0,0.23977523266493855,10
B0DK6Y5MCN,PRETTYGARDEN Womens Summer Casual V Neck Boho Maxi Dress Flowy Aline Bell Sleeve Tiered Floral Dresses with Pocket,PRETTYGARDEN Store,Formal,https://m.media-amazon.com/images/I/41i+WOsUruL.jpg,https://www.amazon.com/dp/B0DK6Y5MCN,prettygarden womens summer casual v neck boho maxi dress flowy aline bell sleeve tiered floral dresses with pocket size tips s us 4 6 m us 8 10 l us 12 14 xl us 16 18 xxl us 20 crafted from the soft materials and with attention to every detail experience the perfect blend of comfort and style with this aline boho dress for womentrendy style v neck dress design can show elegant neck line while the aline cut ensures a flattering fit for many body types whether you re wearing it to work or for a party this short sleeve floral dress for women offer versatility and comfortdesign features short sleeve maxi dress for women floral dress for women boho dress for women flowy dresses for women womens bell sleeve dress a line dresses for women tiered v neck dress for women party dresses for women pleated dress for womendetails flared sleeves and a loose tiered bottom make this flowy boho dress for women look uncluttered a button down chest keeps you from showing off with pockets this women s summer maxi dress is both practical and stylish ideal for many occasionscasual floral boho dress embrace the elegance of long dresses for women with our bell sleeve dress which ideal for party dresses holiday outfits vacation clothes travel dress dating dress or work office dresses,44.99,4.3,77.0,22.0,0.22358201055238092,10
B0DKSDPKZF,Dokotoo Womens Dresses 2025 Summer Spring V Neck Short Sleeve Casual A Line Flowy Swing Shift Dress Mini Dress,Dokotoo Store,Casual,https://m.media-amazon.com/images/I/41RArRKg2GL.jpg,https://www.amazon.com/dp/B0DKSDPKZF,dokotoo womens dresses 2025 summer spring v neck short sleeve casual a line flowy swing shift dress mini dress fabric this womens dresses item is made of 65 polyester 30 viscose and 5 elastane creating a soft breathable and stretchable fabric perfect for warmer seasons design the mini dress features a v neck short sleeves ruffled edges and a solid color design the layered detail adds an extra touch of sophistication and style fit the summer dress is designed with a flattering silhouette that complements various body types the ruffled edges and layered detail enhance its feminine appeal styling tips this women dresses piece can be paired with strappy sandals for a casual day out or elevated with heels for a more formal occasion it s a versatile addition to any wardrobe occasion whether it s a casual day out or a summer party this women s casual dresses item is a great choice its elegant design makes it suitable for a variety of occasions marking it as one of the elegant dresses for women,35.98,4.6,32.0,41.0,0.35857142857142854,10
B0BRSFKFJ4,PRETTYGARDEN Women's 2025 Summer Satin Dress Elegant Sleeveless Mock Neck Cocktail Party Maxi Dresses,PRETTYGARDEN Store,Casual,https://m.media-amazon.com/images/I/31KRzHV7gNL.jpg,https://www.amazon.com/dp/B0BRSFKFJ4,prettygarden women s 2025 summer satin dress elegant sleeveless mock neck cocktail party maxi dresses size tips s us 4 6 m us 8 10 l us 12 14 xl us 16 18 xxl us 20 22 women satin dress is made of selected satin material non stretch silky smooth to wear and looks shiny and textured the maxi dress is friendly to your skin perfect for summer stylish design satin dress for women sleeveless maxi dress for women mock neck dress for women summer dress for women long flowy dress for women high waist swing dress for women formal dress for women party dress for women cocktail dress for women wedding guest dress for womenchic features the satin maxi dress features in mock neck style bring out your elegance and femininity women silk dress with elastic waistband keeps you cozy all day long the unique irregular shoulder design highlights your delicate collarbone this sleeveless summer dress modify your figure well ideal for almost body shape the plain flowy dress is simple yet graceful creates a stunning feel elegant satin dress women sleeveless maxi dress comes with following colors to chose dark blue silk dress black satin prom dress deep red semi formal dress army green date night dress tender green homecoming dress rose red holiday party dress brilliant blue evening dress grass green beach dress purple high neck dress khaki night out dress red slip satin dress light blue fit and flare dresswomen silk maxi dress ladies satin dress can match with high heels or sandals to create a eye catching looks the maxi dress suits for dating party cocktail wedding dinner prom night out formal and other occasions,55.99,4.1,3085.0,3.0,0.37012902837902834,10
B0CKTCWQX6,CUPSHE Women's Knit Ruched Mini Fall Dress Smocked Ruffle Hem Crew Neck Long Sleeve Bodycon Casual Summer Autumn Dresses,CUPSHE Store,Casual,https://m.media-amazon.com/images/I/41cT5++zaTL.jpg,https://www.amazon.com/dp/B0CKTCWQX6,cupshe women s knit ruched mini fall dress smocked ruffle hem crew neck long sleeve bodycon casual summer autumn dresses cupshe ruffled hem ruched mini dress with soft and breathable material cozy and breathable to wear an elegant and chic style accentuates your curves and creates a stunning silhouette this long sleeve dress features a mini length round neckline ruched bodycon design irregular ruffled hem modified body lines high waist holiday dresses for women cupshe women dresses is perfect for work daily wear nights out dating parties clubs evenings coffee shops weddings honeymoons back to school christmas homecoming prom etc this fitted waist dress can easily be dressed up with high heels or down with sneakers for a chic look model wearing size s mode info height 5 9 in 175cm bust 32 in 70cm waist 24 5 in 62cm hips 34 in 81 cm please refer to our size chart for specific measurements to achieve the perfect fit,42.99,4.1,247.0,597.0,0.0,1
B0CQ4Q7SNQ,Dokotoo Summer Dress Casual Womens Fashion Short Sleeve Maxi Dress T Shirt Dress Striped Long Color Block Maxi Dress,Dokotoo Store,Casual,https://m.media-amazon.com/images/I/41n109dvO-L.jpg,https://www.amazon.com/dp/B0CQ4Q7SNQ,dokotoo summer dress casual womens fashion short sleeve maxi dress t shirt dress striped long color block maxi dress highlights the short sleeve long dress can easily slender your physique and optimize your body proportion to show your soft femininity well this color block long dress is so flattering make you more charmingdesign the loose maxi dress provides a flattering and comfortable the long length of this dress creates a flowy and flattering silhouette making it perfect for showcasing your feminine charm fabric soft and comfortable fabric makes the short sleeve summer dress for women maxi length flow with body wonderfully this summer casual dress is made of premium material to give you the maximum comfort the versatile striped design makes it easy to style with accessories jackets or cardigans to create different looks for various occasions please check more info of this dress in size chart and product description please choose carefully according to your size the side split detail adds a playful and flirtatious touch ensuring that you turn heads wherever you go whether worn with sandals for a casual day out,31.986,4.3,863.0,59.0,0.39843840048840046,10
B0CQ8K495D,Women's Bodycon Pencil Dress Church Teacher Office Modest Business Wear to Work Sheath Suiting Dresses,PerZeal Store,Work,https://m.media-amazon.com/images/I/31QHPafFlnL.jpg,https://www.amazon.com/dp/B0CQ8K495D,women s bodycon pencil dress church teacher office modest business wear to work sheath suiting dresses features peplum dress for women wear to work business dresses bodycon dresses for women dresses for women party teacher cocktail dress midi dress soft and lightweight slim fit pencil dress below knee length midi dresses bandage dress please kindly refer to the size chart showed in the image or just leave your q a on this page flattering design our business pencil dresses is made of lightweight high elastic material that offers ultimate comfort and a flattering fit suit like dress design let you better show the workplace woman s work charm charming features this body hugging midi dress comes in color block with 3 4 length sleeves making it perfect for work or play its fitted silhouette accentuates your curves making you look both sexy and elegant versatile occasion this elegant dress is perfect for a variety of occasions including office church work business graduation formal party club date cocktail shopping street holiday wedding vacation school teaching home daily wear pair it with your favorite high heels and jewelry for a stylish look care instructions if you notice wrinkles due to vacuum packaging a simple wash or ironing will work wonders in refreshing the dress machine or hand wash with cold water hang or line dry no bleach no dry clean warm iron if needed size s usa 4 6 m 8 10 l 12 14 xl 16 18 xxl 20 22 xxl 22 24 perzeal womens spring work dresses vintage 1950s dress church midi dresses business casual outfits,39.99,4.0,960.0,2.0,0.3480784631701299,10
B0D6YY28SS,Dokotoo Womens 2025 Casual Dress Smocked Crewneck Button Up Long Sleeve Empire Waist A-Line Mini Dress,Dokotoo Store,Casual,https://m.media-amazon.com/images/I/41IvoCmPkJL.jpg,https://www.amazon.com/dp/B0D6YY28SS,dokotoo womens 2025 casual dress smocked crewneck button up long sleeve empire waist a line mini dress size s us 4 6 m us 8 10 l us 12 14 xl us 16 18 2xl us 20 22 the buttons are decorative and can not open classic features this long sleeve dress showcases classic crewneck and decorative button design complemented by smocked detail and empire waist the flowy a line hem of swing mini dress add a chic and elegant touch making it a must have for wardrobe soft fabric crafted from soft and airy fabric this casual dress is both skin friendly and breathable ensuring all day comfort the solid color shows a versatile charm which is easy to pair with a variety of accessories for different looks various occasions perfect for casual style and elegant wear this shirt dress is suitable for many occasions including beach outings vacations parties wedding guests club nights dates shopping trips and daily wear its versatile design makes it an ideal choice for laid back and chic events crewneck long sleeve dress empire waist dress button down shirt shirt dress work dress church dress skater dress smocked dress elegant dress flowy dress swing dress casual dress formal dress womens fashion dress vacation dress spring dress summer dress fall dress winter dress in solid color,34.99,4.4,462.0,30.0,0.28301675696988193,10
B08T25KPN2,FANDEE Plus Size Maxi Dress for Women Casual Summer Sundress V-Neck 3/4 Sleeve,FANDEE Store,Casual,https://m.media-amazon.com/images/I/41-Ptt-QcxS.jpg,https://www.amazon.com/dp/B08T25KPN2,fandee plus size maxi dress for women casual summer sundress v neck 3 4 sleeve quality fabric our womens dresses are made of 95 polyester and 5 spandex it feels very soft and delicate to the touch our maxi dress is suitable for most curves and fluffiness and you don t have to worry about the clothes being seen through dresses for women 2024 soft and stretchy fabric provides all day comfort size guide s us 2 4 m us 6 8 l us 10 12 xl us 14 16 xxl us 18 20 xxxl us 22 24 various styles the unique print on the maxi sexy dress makes you look more elegant and sexy the colors in this dress screamed spring summer colorful print is made of natural plant dyestuff which shows gorgeous look and is more and more popular features v neck 3 4 sleeve high waist maxi dress with pocket wedding dress going out dress holiday dress party dress date night dress business casual dress beach vacation dress suitable occasions the bohemian floral sundresses are suitable for summer party beach evening out cocktail daily wear wedding nightclub travel home vacation holiday camping and any other occasions,31.992,4.2,13291.0,47.0,0.39738546176046174,10
B0D391J394,ZENGVEE Mens Polo Shirts Moisture Wicking Short Sleeve Performance Quick Dry Athletic Golf Shirts,ZENGVEE Store,Polos,https://m.media-amazon.com/images/I/41Z7JyHNH+L.jpg,https://www.amazon.com/dp/B0D391J394,zengvee mens polo shirts moisture wicking short sleeve performance quick dry athletic golf shirts high performance material polo shirts for men are made from polyester premium knitted fabric lightweight flexible quick dry moisture wicking it can effectively prevent odors from being trapped on the fabric keeping you comfortable breathable and cool easy care machine wash hand wash ergonomic comfort quick dry polo shirts for men feature hand tearable labels to prevent chafing and increase comfort the collar adopts a classic three button placket design which is three dimensional and does not deform the 4 way elastic material increases fluidity moisture wicking dress collar polo shirts for men are made of soft and breathable fabric combined with cooling technology which can effectively absorb moisture keeping you cool and comfortable in any condition away from stuffy heat and odor occasion men s polo shirt for any workout and sport such as golf tennis running hiking traveling cycling training badminton hiking vacation fishing casual business work daily wear etc excellent shopping experience we pride ourselves on providing our customers with excellent customer service and support if you have any questions about our men s polo shirts please ask us,42.99,4.2,635.0,53.0,0.0,0
B0DRXCWRYM,ZITY 3 Pack Men Polo Shirts Short Sleeve with Pocket Sport Wicking Shirts for Men Casual Athletic Collared T-Shirts,ZITY Store,Polos,https://m.media-amazon.com/images/I/41oDnMp8HHL.jpg,https://www.amazon.com/dp/B0DRXCWRYM,zity 3 pack men polo shirts short sleeve with pocket sport wicking shirts for men casual athletic collared t shirts performance these men polo shirts are soft lightweight and moisture wicking keep you cool and breathablemultipack 3 pack men short sleeved polo shirts offering various colors and sizes can be used on multiple combinationsfeature three buttons polo shirts easy to wear front pocket design classic striped color contrast just for your comfortoccasion suit for any casual occasions such as daily wear business sports outdoor date golf party hiking camping street etc tips this mens shirts short sleeve can be machine washed and easy to maintain not easy to deform and will not pilling they are available in sizes m l xl 2xl 3xl,32.9945,4.6,5.0,111.0,0.0,0
B0DHLFBLB4,TVKSOM 5 Pack Polo Shirts for Men Long Sleeve Quick Dry Mens Polo Shirts Golf T Shirt Moisture Wicking Casual Workout,TVKSOM Store,Polos,https://m.media-amazon.com/images/I/41-27uBDNLL.jpg,https://www.amazon.com/dp/B0DHLFBLB4,tvksom 5 pack polo shirts for men long sleeve quick dry mens polo shirts golf t shirt moisture wicking casual workout comfy breathable fabric the mens polo shirts long sleeve are made of soft breathable fabric that wicks moisture away from your skin allows for breathability and dries quickly for cool comfort upf 50 sun protection the men s polo shirts are made with lightweight fabric that boasts upf 50 protecting your skin from sunburn in outdoor multi occasion the men s long sleeve collared shirt is a must have for your autumn and winter wardrobe perfect for daily wear sports leisure work and social occasions its premium quality and classic design make it a great base layer for autumn and winter whether you re wearing it yourself or giving it as a gift classic design featuring a spread collar and a 3 button this golf polo shirt has a tag free neck to minimize chafing the wrinkle resistant fabric allows for easy tucking without creasing and it s also fade resistant for durability and long lasting wear versatile outfit the regular fit design of the mens polo shirts determines that it can be paired with freely wear it alone or layer it with jacket coat pair it with casual pants or jeans to show your personal style and fashion sense,42.9914,4.4,97.0,245.0,0.31404166666666666,10
B0BGJ5XZTQ,ZITY 3 Pack Mens Polo Shirt Short Sleeve Sports Performance Business Casual Golf Shirts for Men Collared Tactical T-Shirts,ZITY Store,Polos,https://m.media-amazon.com/images/I/31L343HDwxL.jpg,https://www.amazon.com/dp/B0BGJ5XZTQ,zity 3 pack mens polo shirt short sleeve sports performance business casual golf shirts for men collared tactical t shirts performance material this mens polo shirts short sleeve made from polyester spandex lightweight moisture wicking soft hand feel four way stretch comfortable and breathable keep you coolsize this mens golf shirts short sleeve based on us regular fit m l xl xxl 3xl allowing for great mobility in any directions yet they still have a fitted lookoccassion mens casual shirts are suitable for various occasions such as business casual daily casual work company golf tennis soccer tactical training vacation travel fitnes jogging holiday walking festival football sports or four seasons all day wear of course these men casual stylish shirts are always the best gift for family and friendsstyle feature men s casual shirt the ring buckle design under the placket is convenient for carrying sunglasses microphones sleeve pocket design makes it easy to carry small items such as keys headphoneswarm tips please refer to the size chart in product image or description before you order it,35.996,4.3,2772.0,45.0,0.2296448412698413,10
B0C2ZSX1RL,Real Essentials 3 Pack: Men's Jersey Cotton Short Sleeve Polo Shirt - Breathable Performance Polo (Available in Big & Tall),Real Essentials Store,Polos,https://m.media-amazon.com/images/I/31FY4-CPFzL.jpg,https://www.amazon.com/dp/B0C2ZSX1RL,real essentials 3 pack men s jersey cotton short sleeve polo shirt breathable performance polo available in big tall real essentials sleep loungewear available in both regular big and tall sizing sizes small 5x tall elevate your golf game take your golfing experience to the next level with this top quality men s cotton jersey polo designed for ultimate comfort and fashion on the greens for the busy professional stay relaxed and fashionable all day with these men s cotton jersey polo shirts choose from an array of colors to suit your individual style classic and timeless this men s cotton jersey polo boasts a timeless design that makes it a multi functional addition to any wardrobe opt for white or traditional shades such as black and red real essentials focus on affordability real essentials is committed to providing budget friendly clothing options for hard working families get the best value for your money with this bulk pack of men s cotton jersey polos perfect for daily use or casual gatherings,30.99,4.2,989.0,39.0,0.2228988997113997,10
B0DSFZP271,3 Pack Polo Shirts for Men Short Sleeve Moisture-Wicking Golf Shirts Athletic Casual Collared T-Shirt,SECOOD Store,Polos,https://m.media-amazon.com/images/I/31pYc69PPAL.jpg,https://www.amazon.com/dp/B0DSFZP271,3 pack polo shirts for men short sleeve moisture wicking golf shirts athletic casual collared t shirt 3 pcs in one package the set includes 3 pack polo shirts for men in a range of colours offering incredible value for moneymaterial men s polo shirts is crafted from a high performance moisture wicking blend of 95 polyester and 5 elastane polo shirts for men is lightweight soft comfortable and breathablefeatures men s golf polo shirt short sleeve are meticulously designed with a 3 button placket front complete with a gusseted underarm design that ensures unencumbered movement and breathable a convenient sunglasses loop is strategically placed at the front placket bottom adding a touch of practicality to the design matching 3 pack men s polo shirts offers a huge variety of colours styles features and designs including breathable styles for busy workplaces sports polo shirts for a team that is on the move constantly and high visibility polos for workplaces where your safety is imperative occasion the men s polo shirts are great for golf tennis riding tactical running casual hiking travel other outdoor sports and also for casual wear they are perfectly paired with nicer jeans chinos or khakis,32.3946,5.0,4.0,277.0,0.2556112188465129,3
B09B52VSNC,5 Pack Men's Dry Fit T Shirts Athletic Running Gym Workout Short Sleeve Tee Shirts for Men,Brand: AKAWOOKO,T-Shirts,https://m.media-amazon.com/images/I/41Qe85aP+dL.jpg,https://www.amazon.com/dp/B09B52VSNC,5 pack men s dry fit t shirts athletic running gym workout short sleeve tee shirts for men moisture wicking fabric is quick dry ultra soft keeps you cool and dry anytime 4 way stretchy material for excellent flexibility enhances the range of motion athletic crew neck short sleeves perfect for running workout and training sports and even as an moisture wicking undershirt ideal for cooler days but still very comfortable to wear in summer safeguards your skin from harmful ultraviolet rays unique tag free printed necks and light weight design 5 pack men s dry fit t shirts multiple color combinations multiple choices,24.997,4.3,8279.0,81.0,0.2636666341983981,10
B07BN52FT6,Nautica Men's Short Sleeve Solid Stretch Cotton Pique Polo Shirt,Nautica Store,Polos,https://m.media-amazon.com/images/I/41ONbSCgdyL.jpg,https://www.amazon.com/dp/B07BN52FT6,nautica men s short sleeve solid stretch cotton pique polo shirt casual styling and a stretch pique fabrication for the most comfortable fitpolo collar with a sporty buttoned placketshort sleeves a contrasting collar keeps things interesting and elevates this polo beyond basic the stretch pique fabric means comfort and a great fit all day from nautica,27.3,4.6,10278.0,13.0,0.4265306122448979,1
B07LGT68JH,Rustler Men's Classic Relaxed Fit,Rustler Store,Jeans,https://m.media-amazon.com/images/I/41VkNydoi2L.jpg,https://www.amazon.com/dp/B07LGT68JH,rustler men s classic relaxed fit relaxed fit thru seat and thigh5 pocket stylingstraight legheavy weight durable denim thank us later for jeans that you don t have to worry about each pair of rustler jeans is made to be durable and long lasting all without sacrificing the comfort you want and the terrific value you expect available in a variety of colors and fits our straight leg men s jeans are sure to keep up no matter the activity,13.9818,4.5,26060.0,2.0,0.0,0
B09GRXDMF6,Amazon Essentials Men's Athletic-Fit Stretch Jeans,Amazon Essentials Store,Jeans,https://m.media-amazon.com/images/I/31VA-EQ98TL.jpg,https://www.amazon.com/dp/B09GRXDMF6,amazon essentials men s athletic fit stretch jeans athletic fit designed with extra room in the hip and thigh these stretch jeans for men offer a comfortable fit for athletic builds that sits at the waistall day comfort made with mid weight cotton denim these stretch jeans provide comfort throughout the day these jeans come in indigo denim washes or solid colors with a garment wash for a lived in denim inspired lookstyle these five pocket denim jeans are suitable for business casual to everyday weardetails these men s stretch jeans feature a zippered fly with a metal button closure bartack reinforcements and rivetsmaintenance these pants for men are best hung to dry to preserve their fit and longevityleg opening 7 1 2 on us size 32 our men s athletic fit jeans provide extra room in the hip and thigh and are made with high quality mid weight cotton these stretch jeans include a bit of stretch for all day comfort and are suitable for both business casual and everyday wear the men s jeans feature a classic five pocket design zippered fly and metal button closure complemented by bartack reinforcements and rivets at the front pockets remember to hang dry your men s stretch jeans to extend their lifespan,26.6,4.2,29272.0,12.0,0.22883222242238635,10
B0008EOG9E,Lee Men's Regular Fit Straight Leg Jean,Lee Store,Jeans,https://m.media-amazon.com/images/I/41lDVDfu8eS.jpg,https://www.amazon.com/dp/B0008EOG9E,lee men s regular fit straight leg jean regular fit this classic jean sits at the waist and features a straight fit through the seat leg and thigh made with a 16 inch leg opening this regular fit jean provides a tailored look that keeps you comfortable all day long classic 5 pocket styling a classic fit jean designed with an authentic five pocket style our bestselling straight leg jean is designed with a timeless five pocket style perfect for most occasions jeans for all this jean is available in heavyweight and midweight denim with a wide variety of washes finishes and fits add a classic denim jean to your everyday rotation or try out a new alternative wash there s a pair of lee jeans to fit every style a lifetime of quality for over 100 years lee has produced quality apparel with durability and long lasting construction in mind lee is committed to designing clothing that conforms to your body allowing you to move through life freely specifications zipper fly with button closure signature label at back waistband leg opening 16,34.905,4.5,15754.0,23.0,0.2705108710733711,10
B0874WWX2P,Under Armour Men's HeatGear Compression Shorts,Under Armour Store,Compression Shorts,https://m.media-amazon.com/images/I/317J3a5QOoL.jpg,https://www.amazon.com/dp/B0874WWX2P,under armour men s heatgear compression shorts super light heatgear fabric delivers superior coverage without weighing you downstrategic mesh panels for added ventilation where you need itmaterial wicks sweat dries really fastergonomic design keeps seams off high abrasion areas increases durabilitywide exposed elastic waistband with wordmark detailupdated gusset design provides ultimate support comfort,26.6711,4.7,9496.0,2686897.0,0.2845805513930514,10
B0B38Y9436,rytras Women's Cotton Printed Straight Kurti (RYT311_Blue_XXX-Large),Brand: rytras,Tunics,https://m.media-amazon.com/images/I/41RznQLDWiL.jpg,https://www.amazon.com/dp/B0B38Y9436,rytras women s cotton printed straight kurti ryt311 blue xxx large 100 cottonpull on closuremachine wash,31.67,3.8,354.0,2686897.0,0.25836805555555553,10
B0CD2HNDVG,"KISAH Men's Printed Sherwani Kurta & Pajama Set - Regular Fit, Mandarin Collar| Ethnic Wear Mens Wear",KISAH Store,Sleep Sets,https://m.media-amazon.com/images/I/41n1GnE3yBL.jpg,https://www.amazon.com/dp/B0CD2HNDVG,kisah men s printed sherwani kurta pajama set regular fit mandarin collar ethnic wear mens wear make a statement with this regal kisah men s sky blue printed sherwani pajama set the luxurious cotton jacquard fabric features intricate gold ethnic motifs perfect for adding an elegant touch to any celebration color sky blue with stunning gold ethnic motifs sherwani and off white churidar pant fabric cotton blend jacquard offering a premium feel and an exquisite look fit regular fit with a mandarin collar and front button closure for a sophisticated look available size s 38 m 40 l 42 xl 44 please see the size chart in description or image section before ordering design ornate jacquard patterning throughout the sherwani for an opulent regal appearance bottom wear paired with slim fit off white churidar pajama pants with adjustable drawstring closure for comfort and ease of movement occasion perfect for weddings receptions and festive occasions such as diwali bhaidooj sankranti eid rakhi etc this sherwani set blends traditional craftsmanship with modern style ensuring you stand out at any grand event,149.99,4.1,8.0,2686897.0,-0.4,1
B08CW7GW58,Amazon Essentials Women's Pointed-Toe Ballet Flat,Amazon Essentials Store,Flats,https://m.media-amazon.com/images/I/21xNxZjf-ML.jpg,https://www.amazon.com/dp/B08CW7GW58,amazon essentials women s pointed toe ballet flat comfort and fit these ballet flats have a padded insole with high density cushioning for added comfort and a heel pillow to relieve pressure and heel slip the folded topline ensures a no rub fit available in regular and wide widths material amazon essentials shoes are made from high quality alternative leather materials this style has a faux suede upper and is lined in synthetic suede style these ballet flats have a stylish pointed toe no visible stitching and a modern upper design details 10mm heel with a soft non slip sole design these ballet flats take you from day to night and can be paired with your favorite amazon essentials outfit,23.7,4.2,11315.0,2686897.0,0.20850881992508968,10
B08KZYTHWR,Feethit Womens Slip On Running Shoes Non Slip Walking Shoes Lightweight Gym Workout Shoes Breathable Fashion Sneakers,Feethit Store,Walking,https://m.media-amazon.com/images/I/41Br41aGmCL.jpg,https://www.amazon.com/dp/B08KZYTHWR,feethit womens slip on running shoes non slip walking shoes lightweight gym workout shoes breathable fashion sneakers lightweight and breathable upper women sneaker mesh upper with good breathability and flexibility makes the foot more free and comfortable comfy liner removable and soft insole supports the feet arches and it doesn t put too much pressure on your feet slip resistant outsole the soft sole is made from durable and eva outsole which provides the user with the enough buffer between feet and ground basic and fashionable the women walking shoe comes in black and white each constructed with a high quality material brings a vintage aesthetic with an undeniably classy feel occasions this fashion sneakers for women are perfect for walking running workout nursing athletic sports jogging gym tennis bike riding hiking schools office casual outfit and go with jeans leggings denims skirts shorts dresses and etc,29.6324,4.0,9729.0,2686897.0,0.25688153591437907,10
B093TXC5S1,Reebok womens Club C 85 Vintage,Reebok Store,Fashion Sneakers,https://m.media-amazon.com/images/I/31qcVeAU19L.jpg,https://www.amazon.com/dp/B093TXC5S1,reebok womens club c 85 vintage women s sneakers with signature style these women s fashion sneakers feature a soft garment leather upper for full foot support complete with comfortable terry lining on the tongue top and heel a woven reebok label adds vintage appeal and styleefficient support for everyday these stylish sneakers for women feature a supportive die cut eva midsole designed to absorb impact for long strolls and all day wear these tennis shoes will always complement your favorite go to outfitswomen s walking shoes with comfort and style these walking sneakers for women feature a sleek low top design that offers enhanced ankle mobility so you can keep moving all day long a padded foam sockliner provides responsive cushioningtraction in mind these shoes feature high abrasion rubber outsoles for durable responsiveness so you can move with confidencesignature silhouette a low cut design lends these tennis shoes a sleek sophisticated silhouette an archive logo and window box add to the unique appeal of these sneakers reebok womens club c 85 vintage,28.95,4.5,1509.0,55.0,0.21189397068073537,8
B0DG57PFR6,"Theora Pro HF - Ergonomic Supportive Non-Slip Barefoot Shoes, Wide Toe Box Durable Breathable Ultralight Walking Shoe for Women Men",Hike Footwear Store,Walking,https://m.media-amazon.com/images/I/31AnI+QzluL.jpg,https://www.amazon.com/dp/B0DG57PFR6,theora pro hf ergonomic supportive non slip barefoot shoes wide toe box durable breathable ultralight walking shoe for women men size matters and we mean it don t guess watch our quick video for foolproof step by step measuring instructions get the perfect fit not a size surprise natural gait with every step theora pro shoes strengthen your foot and leg muscles experience reduced body aches and support your journey to recovery from issues like plantar fasciitis circulation sensation feel the ground beneath you like never before the direct contact stimulates blood flow fighting fatigue and helping manage neuropathy symptoms versatility from morning jogs to office meetings theora pro adapts to your lifestyle enjoy all day comfort and support no matter what foot health challenges you re facing wide toe box our wide toe box is your toes new best friend spread flex and strengthen your feet naturally enhancing overall foot health and flexibility,28.95,4.1,49.0,118.0,0.09356156517936508,10
B0BS6G9WG6,KIDMI Women's Suede Clogs Leather Mules Cork Footbed Sandals Potato Shoes with Arch Support,KIDMI Store,Mules & Clogs,https://m.media-amazon.com/images/I/51Zs4DhqXyL.jpg,https://www.amazon.com/dp/B0BS6G9WG6,kidmi women s suede clogs leather mules cork footbed sandals potato shoes with arch support classic cork clogs 100 genuine suede look with adjustable metal buckle straps they are super flattering with spring summer outfits perfect all seasons wardrobe staple you will get so many compliments when you wear themamazing comfortable cork footbed with deep heel cup soft lining hugs your feet perfectly they have decent arch support good cushioning and light weight women s clogs don t bind your foot in any way and comfy to wear all daywonderful quality the buttons is sturdy and upper construction is strong won t break or fall off nice grip on the non slip outsole bottom suitable for any surface normal use of them will last for a long timeversatile purpose slip right in wear them everywhere house or grocery store gym walking picking up packages everywhere suitable for both indoor and outdoor usage not to mention for casual settings or partyeasy to clean wipe with water placed in a ventilated location tips if you have any questions about the size please contact us at any time,29.999,4.3,5994.0,2686897.0,0.23289542005613434,10
B0CP7277PW,Adokoo Canvas Tennis Shoes for Women Low Top Casual White Black Sneakers for Women Lace Up Fashion Comfortable Walking Shoes,Adokoo Store,Fashion Sneakers,https://m.media-amazon.com/images/I/41rW+F7kZpL.jpg,https://www.amazon.com/dp/B0CP7277PW,adokoo canvas tennis shoes for women low top casual white black sneakers for women lace up fashion comfortable walking shoes comfortable high quality canvas shoes long lasting abrasion resistant breathable and lightweight these low top canvas shoes for women feature high quality canvas material that combines flexibility with comfort they are easily washable making them a stylish and practical footwear choice classic fashionable a rubber molded structure in the toecap and heel provides enhanced foot protection these timeless womens lace up low top shoes embody a youthful lively and carefree style making them suitable for every season non slip outsole these white black sneakers for women boast sturdy yet flexible synthetic rubber outsoles featuring a specially textured bottom for enhanced grip and friction these casual women s sneakers provide slip resistance ensuring stability even in wet weather conditions shoes with diverse outfits these womens casual shoes work well with both modern and retro outfits they look super cute when paired with shorts pants skirts or dresses an absolute must have in your closet versatile adokoo womens low top canvas shoes are a timeless style and a exemplary back to school gift that everyone whether young or old teenager or adult deserves to own a pair for gym sports walking hiking workouts or casual wear,10.995,4.5,1024.0,2686897.0,0.2658138053467,10
B0BW8KKPQH,SERNIAL Womens White Tennis Shoes PU Leather Sneakers Casual Walking Shoes for Women,SERNIAL Store,Fashion Sneakers,https://m.media-amazon.com/images/I/41nr-xhy01L.jpg,https://www.amazon.com/dp/B0BW8KKPQH,sernial womens white tennis shoes pu leather sneakers casual walking shoes for women water resistant upper womens white tennis shoes use pu leather upper pu upper is water resistant and easy to clean comfortable felling pu leather sneakers have been thickened at the ankle to fit the foot more comfortably easy to match as the most versatile shoes white shoes can be matched with jeans shorts dress and so on it can even as dress shoes best gift womens white shoes are always attractive so they are great ideal as mother s day gift thanksgiving gift christmas gift or other festival gift sernial service we privide for all our customers that giving unconditional return service if you have any question about the tennis shoes be free to contract with us we will reply to you within 1 24hrs,23.3953,4.1,2550.0,2686897.0,0.29065109886190477,10
B0BZZ6ZP7B,SHULOOK Womens Slip on Walking Shoes Comfort Lightweight Breathable Sock Shoe Non-Slip Mesh Casual Fashion Tennis Running Sneakers,SHULOOK Store,Walking,https://m.media-amazon.com/images/I/41bhuclZW+L.jpg,https://www.amazon.com/dp/B0BZZ6ZP7B,shulook womens slip on walking shoes comfort lightweight breathable sock shoe non slip mesh casual fashion tennis running sneakers convenient slip on design and easy pull on and take off comfortable mesh upper offer the breathability keeps your feet cool and dry offers all day comfort for you non slip lightweight and elastic rubber outsole effectively reduce cushioning force and provide sufficient friction let each step of your move all relaxed removable memory foam insole has good elasticity can absorb recoil hereby reducing the burden on the body women s walking shoes designed for both daily life and outdoor sports like walking work tennis shopping traveling camping driving and any activities,19.999,4.3,926.0,2686897.0,0.26142010582010583,10
B07B422G13,New Balance Women's 608 V5 Cross Trainer,New Balance Store,Fashion Sneakers,https://m.media-amazon.com/images/I/41K+B0bjbRL.jpg,https://www.amazon.com/dp/B07B422G13,new balance women s 608 v5 cross trainer pu foam insert offers long lasting comfort and supportlightweight injection molded eva foam midsole provides lightweight cushioningphantom liner interior has minimal seaming to help reduce irritationinternal midsole shank adds midfoot structure and supportnb soft plus supportive comfort insert offers all day comfort and support,60.142,4.4,37758.0,2686897.0,0.21451390309426022,10
B08GKRNT2T,KuaiLu Womens Arch Support Flip Flops Comfortable Yoga Mat Slip on Summer Beach Walking Thong Cushion Sandals,KuaiLu Store,Flip-Flops,https://m.media-amazon.com/images/I/412GsDEQv+L.jpg,https://www.amazon.com/dp/B08GKRNT2T,kuailu womens arch support flip flops comfortable yoga mat slip on summer beach walking thong cushion sandals womens dressy casual sandals elegant and trendy style soft cloth bow knot strap sandals can dress up and down to match cute dress trending jeans stylish cloth premium arches thick cushion foam serve walking on cloud comfortcushioned yoga mat footbed made with memory foam eva and pu leather pattern give sandles extra cushioning and better foot care for all day walking lightweight classy sandals are good for resort travel vacation wedding bride or bridal and work in officecomfort arch support supportive every step of your feet anywhere and relieves the fatigue of walking women s orthopedic sandals relax feet for long distance walk improve your gait and lessen foot issues like plantar fasciitisnon slip rubber sole deep texture waterproof tread function with perfect traction and grip to ensure the best protection gives you peace of mind when summer pool beach partys or bath shower in bathroompartner for summer classic flat sandals are perfect for various outfits and scenes these pretty sandals can match y2k tops workout sets lounge shorts resort wear going out outfits and fashion swimsuits,28.95,4.2,7828.0,2.0,0.3261685941043084,10
B0BZ92J5MM,Skechers Women's Bobs D'vine-Instant Delight Sneaker,Skechers Store,Fashion Sneakers,https://m.media-amazon.com/images/I/31Ga6mJTzkL.jpg,https://www.amazon.com/dp/B0BZ92J5MM,skechers women s bobs d vine instant delight sneaker veganslip oncharitablememory foam footbed,38.9929,4.1,15.0,2686897.0,0.07666666666666666,5
B08DXSSMYK,GUESS Women's Loven Sneaker,GUESS Store,Fashion Sneakers,https://m.media-amazon.com/images/I/31sLOcG+VJL.jpg,https://www.amazon.com/dp/B08DXSSMYK,guess women s loven sneaker this lace up look features guess logo hardware on the side with the hottest fashion colors of the season mixed and matched this shoe is comfy cool and ready to knock your socks off lace up closureround toeguess logo detailing,31.5149,4.6,29195.0,2686897.0,0.19160621782764642,10
B071GB2K21,Skechers Women's Go Walk Joy Sneaker,Skechers Store,Walking,https://m.media-amazon.com/images/I/31IGtYrmTPL.jpg,https://www.amazon.com/dp/B071GB2K21,skechers women s go walk joy sneaker lightweight and responsive 5gen midsole cushioningskechers air cooled goga mat breathable insole with high rebound cushioningbreathable athletic engineered mesh upperflexible traction outsolemachine washable air drysleek comfort walking design with soft fabric lining,35.003,4.5,95675.0,2686897.0,0.18904047615714287,10
B0CPQS2BBR,Hey Dude Wendy Slip Classic | Women's Shoes | Women's Slip On Loafers | Comfortable & Light-Weight,Hey Dude Store,Loafers & Slip-Ons,https://m.media-amazon.com/images/I/31O9EIxbztL.jpg,https://www.amazon.com/dp/B0CPQS2BBR,hey dude wendy slip classic women s shoes women s slip on loafers comfortable light weight rounded toe design and flex fold this supports healthy feet with its unique shape giving complete freedom of movement the hey dude wendy will be an instant favorite in your modern casual shoe collection and are the perfect women s shoes lightweight with elastic laces manufactured using an elastic material that allows them to flex with the foot resulting in a shoe that fits more uniformly each shoe weighs under 5 ounces making it one of the lightest pairs of shoes around the ideal hey dude shoes for women that you will surely love comfortable durable high quality material wendy provides everywhere comfort but with a style ideal for women who enjoy life s ever changing journey the relaxed look and feel allow you to explore your passions and experience new places with the confidence your feet will fit into any occasion great for travel on the go the removable memory foam cushioned insole provides maximum comfort and reduces sweating and odors machine washable friendly cold perfect gift for any occasion whether you re shopping for your mom wife sister or friend heydude shoes are the ultimate gift for christmas birthdays mother s day or any special celebration,59.998,4.6,624.0,2686897.0,0.3471632275132275,10
B08CBVFFZ6,HEAWISH Women's Floral Ballet Flats for Women Black Beige Slip On Flowers PU Leather Round Toe Dress Shoes,HEAWISH Store,Flats,https://m.media-amazon.com/images/I/41tkvI5w4IL.jpg,https://www.amazon.com/dp/B08CBVFFZ6,heawish women s floral ballet flats for women black beige slip on flowers pu leather round toe dress shoes flowers pattern design for a long time we had a strong desire to design a pair of ballet flats which can be our birth design reminding people of wish when put them on that s why they are here now they seem to look ordinary that without luxuriant decoration but it s also what we want in the beginning simple beauty hoping you will think it s worth buying them after wearing them comfortable and portable having been distressed by feet pain after wearing flats shoes for a long time you might like these we designed these shoes to be soft and flexible just as the pictures show they are also foldable and portable that you can put them in your small travelling bags if you like travelling and wearing flats these shoes are your indispensable companions graceful linear design you can see graceful slightly curved linear design on the shoes side we hope our shoes can look well from any angle these round toe slip on flats look ordinary but if you look carefully you will find them not ordinary definitely they re suitable for casual daily wear working days outings and parties breathable and lightweight the holes between flower patterns ensure the shoes being breathable letting you feel cool in hot summer days our pu vamp fabrics and pvc sole materials make the shoes lightweight they re totally summery shoes hello from heawish welcome to our small store today we are just starting out but we hope we can be known and favored by more and more people if you have any question about our products or return exchange policy whatever please kindly let us know and we will reply you within 24 hours thank you for your support,16.495,4.2,7987.0,2686897.0,0.2895970506939121,11
B09XRGG5NV,New Balance Women's Fresh Foam ROAV V1 Sneaker,New Balance Store,Road Running,https://m.media-amazon.com/images/I/310baA20dJL.jpg,https://www.amazon.com/dp/B09XRGG5NV,new balance women s fresh foam roav v1 sneaker truly unique the new balance fresh foam roav v1 running shoes are the ultimate in casual athletic style pairing a bold attractive look with plush comfort these cushioned running shoes are in a league of their own fresh foam midsole feel like you re running or walking in the clouds the first of three proprietary technologies in this athletic shoe fresh foam midsole cushioning is precision engineered to deliver an ultra cushioned lightweight ride ndurance outsole step up your game without wearing out your favorite running shoes ndurance rubber outsole technology provides superior durability in high wear areas to help get more out of the shoes ultra heel these neutral running shoes boast a head turning heel that performs as well as it looks the ultra heel design hugs the back of the foot for a snug supportive fit this unique heel works alongside the bootie upper for all day comfort 8mm drop these lightweight shoes feature a heel to toe drop of approximately 8mm due to variances created during development and manufacturing processes references to 8mm are approximate,74.9512,4.5,22024.0,2686897.0,0.2771250689955521,10
B0BZ5NB719,adidas Women's Cloudfoam Pure Sportswear Sneaker,adidas Store,Road Running,https://m.media-amazon.com/images/I/41eaWis1j+L.jpg,https://www.amazon.com/dp/B0BZ5NB719,adidas women s cloudfoam pure sportswear sneaker women s shoes keep your feet feeling good all day longsnug fit adjustable laces provide a secure fitcushioned midsole cloudfoam midsole for step in comfort and superior cushioningrubber outsole the rubber outsole provides outstanding grip and a sleek low profile lookmade in part with recycled content this product features at least 20 recycled materials by reusing materials that have already been created we help to reduce waste and our reliance on finite resources and reduce the footprint of the products we make,38.1849,4.2,1390.0,2686897.0,0.1889279284614932,9
B0BZ5JBZ3T,adidas Women's Bravada 2.0 Platform Sneaker,adidas Store,Fashion Sneakers,https://m.media-amazon.com/images/I/31tmP8e7H1L.jpg,https://www.amazon.com/dp/B0BZ5JBZ3T,adidas women s bravada 2 0 platform sneaker women s canvas shoes bring an edgy vibe to casual everyday wearsnug fit adjustable laces provide a secure fitcushioned midsole cloudfoam midsole for step in comfort and superior cushioningrubber outsole the rubber outsole provides outstanding grip and a sleek low profile lookwe partner with better cotton the cotton in this product has been sourced through better cotton better cotton is sourced via a chain of custody model called mass balance this means that better cotton is not physically traceable to end products,42.7039,4.5,1091.0,2686897.0,0.2955270377770377,10
B097JVM91J,HEAWISH Women’s Ballet Flat Daisy Round Toe Dress Shoes Casual Slip On Rope Loafer,HEAWISH Store,Flats,https://m.media-amazon.com/images/I/51g-4PGs3GL.jpg,https://www.amazon.com/dp/B097JVM91J,heawish women s ballet flat daisy round toe dress shoes casual slip on rope loafer daisy cut outs design daisy cut outs form the upper of the flats shoes the cut outs also ensure the shoes can breathe freely ultra soft the padding is super soft we have tested the softness of these low top walking flats to ensure your all day comfort they are so soft that we also wear them ourselves casual lifestyle the low top casual style is suitable to be as walking flats you can slip them on and go when you are in a hurry multiple colors black white grey and pink for your choice welcome to let us know the color you want and we will consider easy to clean the upper s material is easy to clean you can dip a cloth in water and clean the dirty surface saving your time on cleaning shoes,12.945,4.2,2706.0,2686897.0,0.3473988095238095,10
B09TZQKDL7,Obtaom Women's Play Fashion Sneaker White Color Washed and Leopard Canvas Slip on Shoes,Obtaom Store,Fashion Sneakers,https://m.media-amazon.com/images/I/41E4h2+saQL.jpg,https://www.amazon.com/dp/B09TZQKDL7,obtaom women s play fashion sneaker white color washed and leopard canvas slip on shoes beautiful colour washed canvas is cute and fashionable happy feelings pass through design of women s obtaom canvas shoesfabric upper cotton fabric upper has moderate yarn thickness women s play fashion sneaker is breathable soft and keep feet dry rubber sole rubber sole of comfortable canvas slip on shoes is quiet and soft when walking on hard surfaces or wet floor the grain design pays attention to antiskid also sturdy cute low top washed canvas flats have been vulcanized of high pressure and temperature higher than many peers have a better shape and keep for a longer time foam insole padding cool fit women canvas slip ons is super comfort,21.99,4.3,13219.0,2686897.0,0.2548442544145669,8
B094C62WFQ,Dr. Scholl's Women's Time Off Sneaker,Dr. Scholl's Store,Fashion Sneakers,https://m.media-amazon.com/images/I/31x9q2bxu8L.jpg,https://www.amazon.com/dp/B094C62WFQ,dr scholl s women s time off sneaker sustainably crafted womens slip on fashion sneaker with eco conscious fabric toe box linings and topcloth made from recycled bottles and heel counter made from recycled materialsmaterials womens casual slip on loafer made with water resistant faux leather canvas fabric ripstop made from recycled plastic bottles or partially recycled neoprene fabricfit womens slip on platform sneaker with strech laces for a secure fitsustainable comfort insole technology with anatomical cushioning comfort supportmovement lightweight flexible construction moves with yougreat for all occasions fashion sneakers for women and women s loafers slip ons are great for all occasions like walking driving daily dressing outdoor indoor office shopping long standing dress walking and working,70.003,4.4,5437.0,2686897.0,0.17820512820512815,3
B0CJ61N1HW,Skechers Women's Martha Stewart Bobs Sesame By the Bay,Skechers Store,Loafers & Slip-Ons,https://m.media-amazon.com/images/I/41R0BFkkMUL.jpg,https://www.amazon.com/dp/B0CJ61N1HW,skechers women s martha stewart bobs sesame by the bay martha stewart x skechers collabskchers air cooled memory foambrushed canvas uppercrafted with 100 vegan materialscasual espadrille design,47.6623,4.3,384.0,2686897.0,0.23484555134035084,10
B0C5ZRQS2X,KuaiLu Flip Flops for Women with Arch Support Yoga Mat Comfortable Summer Beach Walking Thong Cushion Sandals Slip On Indoor Outdoor,KuaiLu Store,Flip-Flops,https://m.media-amazon.com/images/I/318nQQ9AdvL.jpg,https://www.amazon.com/dp/B0C5ZRQS2X,kuailu flip flops for women with arch support yoga mat comfortable summer beach walking thong cushion sandals slip on indoor outdoor womens dressy casual sandals elegant and trendy style soft cloth bow knot strap sandals can dress up and down to match cute dress trending jeans stylish cloth premium arches thick cushion foam serve walking on cloud comfortcushioned yoga mat footbed made with memory foam eva give sandles extra cushioning and better foot care for all day walking lightweight classy sandals are good for resort travel vacation wedding bride or bridal and work in officecomfort arch support supportive every step of your feet anywhere and relieves the fatigue of walking women s orthopedic sandals relax feet for long distance walk improve your gait and lessen foot issues like plantar fasciitisnon slip rubber sole deep texture waterproof tread function with perfect traction and grip to ensure the best protection gives you peace of mind when summer pool beach partys or bath shower in bathroompartner for summer classic flat sandals are perfect for various outfits and scenes these pretty sandals can match y2k tops workout sets lounge shorts resort wear going out outfits and fashion swimsuits,13.993,4.3,12944.0,2686897.0,0.24998872653217888,10
B0BHPS8B12,adidas Women's Swift Run Sneaker,adidas Store,Road Running,https://m.media-amazon.com/images/I/31G7IqiPkeL.jpg,https://www.amazon.com/dp/B0BHPS8B12,adidas women s swift run sneaker 100 rubbermade in the usa or importedethylene vinyl acetate soleshaft measures approximately low top from archregular fit the swiftrun shoe runs large we recommend sizing downlightweight eva midsole enjoy the comfort and performance of ortholite sockliner,60.0033,4.4,297.0,2686897.0,0.3275164835164835,10
B08NDMWJV9,INZCOU Running Shoes Lightweight Tennis Shoes Non Slip Gym Workout Shoes Breathable Mesh Walking Sneakers,INZCOU Store,Walking,https://m.media-amazon.com/images/I/512jucb3kgL.jpg,https://www.amazon.com/dp/B08NDMWJV9,inzcou running shoes lightweight tennis shoes non slip gym workout shoes breathable mesh walking sneakers lightweight and breathable the upper of running shoes is made of highly elastic flying woven fabric which is light and breathable the densely woven net builds a three dimensional upper surface that comfortably wraps the ankle the soft fabric will expand and expand with the feet maximizing the breathability and keeping the feet dryslip resistant and wear resistant upgraded non slip md sole with non slip patch to improve the non slip performance of shoes md sole is not only light in material but also has good elasticity and wear resistancecomfortable lining inzcou tennis shoes lining is skin friendly and soft which can reduce foot friction protect your feet and bring you a soft and comfortable foot feelapplicable to many occasions these running walking shoes are suitable for gym exercise walking jogging biking hiking traveling etc you can also give it as a gift to your family or friends it will be a good choice for giftscleaning method this product is easy to clean washing washing machine cleaning can be drying to avoid prolonged direct sunlight,36.9827,4.3,13370.0,2686897.0,0.19896881813910178,10
B0BN28RWW8,DeYashopin Women's Flats Shoes Leisure Shoes Slip On Work Shoes Comfort Walking Shoes,DeYashopin Store,Loafers & Slip-Ons,https://m.media-amazon.com/images/I/31mS+XboyEL.jpg,https://www.amazon.com/dp/B0BN28RWW8,deyashopin women s flats shoes leisure shoes slip on work shoes comfort walking shoes the shoes are perfect for walking or driving with beautiful and recognizable bottom pattern design it shows high quality from details choose these comfy flats when taking off heels the slip on flats with thick latex cushioned insole for all day wearing enjoy a classic timeless style in the women s dress shoeslook great with skirts dresses and skinny jeans meets different professions such as teachers nurses office ladies and different occasions such as work date gift etcthe smooth microfiber upper is chose due to its excellent performance on softness bending resistance and durability breathable canvas lining keeps feet refreshing all daythe shoes for women offers versatility and modern appeal with a slip on design squared toe and metal accessories at the vamp to complement the ballerina silhouette,34.171,4.2,2854.0,2686897.0,0.39885213274607206,11
B096PFYLSH,"TOMS Women's, Alpargata Slip-On",TOMS Store,Loafers & Slip-Ons,https://m.media-amazon.com/images/I/31LTaxChcKL.jpg,https://www.amazon.com/dp/B096PFYLSH,toms women s alpargata slip on classic alpargataearthwise textile uppers in recycled cotton canvasrecycled cotton lining and footbedelastic gore for easy fitnon removable insole with 50 eco content 25 recycled pu foam 15 recycled rubber 10 bio oil,19.952,4.5,4707.0,2686897.0,0.28754710852419185,10
B0C2JWQNTN,adidas Women's Kaptir Flow Sneaker,adidas Store,Road Running,https://m.media-amazon.com/images/I/41i3ZATepKL.jpg,https://www.amazon.com/dp/B0C2JWQNTN,adidas women s kaptir flow sneaker women s running inspired shoes for everyday wearcloudfoam sockliner cloudfoam sockliner for comfort and lightweight cushioningbounce lightweight bounce cushioning provides enhanced comfort and flexibilityrubber outsole the rubber outsole provides outstanding grip and a sleek low profile lookmade in part with recycled content this product features at least 20 recycled materials by reusing materials that have already been created we help to reduce waste and our reliance on finite resources and reduce the footprint of the products we make,38.5257,4.6,624.0,2686897.0,0.3777764707358222,10
B0CGZL5KZR,Brooks Women’s Glycerin 21 Neutral Running Shoe,Brooks Store,Road Running,https://m.media-amazon.com/images/I/4181KkaMviL.jpg,https://www.amazon.com/dp/B0CGZL5KZR,brooks women s glycerin 21 neutral running shoe this women s shoe is for the glycerin 21 is perfect for runners seeking super soft cushioning for supreme comfort the plush internal fit and soft stable transitions keep runners surrounded by super softness this brooks glycerin 21 has been granted the apma seal of acceptance neutral support provides neutral support while offering the maximum amount of cushioning ideal for road running cross training the gym or wherever you might want to take them predecessor glycerin 20 look for the brooks glycerin gts 21 for the same style with added support supreme softness the ultimate in softness with even more super soft nitrogen infused dna loft v3 cushioning optimized to be lightweight responsive and durable for plush comfort plush improved fit the plush feel of an internal stretch bootie surrounds your foot and moves and expands with your stride the newly engineered warp knit upper is breathable and allows for a flexible accommodating fit while staying soft against the foot smooth stable transitions the broad platform stabilizes your foot and promotes smooth heel to toe transitions for a supremely soft on the run experience,109.9531,4.5,1239.0,2686897.0,0.22262713827319436,10
B01MRVU8WD,Clarks Women's Emslie Lulin Dress Pump,Clarks Store,Pumps,https://m.media-amazon.com/images/I/3163CYKtVKL.jpg,https://www.amazon.com/dp/B01MRVU8WD,clarks women s emslie lulin dress pump heel height 2 16 ortholite footbedcushion softlining material is textile,63.1026,4.5,9680.0,2686897.0,0.34632440476190474,10
B076TG95HL,Skechers Women's Summits Sneaker,Skechers Store,Fashion Sneakers,https://m.media-amazon.com/images/I/31MfJ03fxwL.jpg,https://www.amazon.com/dp/B076TG95HL,skechers women s summits sneaker skechers memory foam cushioned comfort insolesoft flat mesh knit upper with a bungee laced frontlightweight flexible shock absorbing midsolemachine washableslip on athletic sporty sneaker design,40.0118,4.5,64950.0,2686897.0,0.3007397637085137,10
B0CL4XJCJW,Genuine Suede Clogs for Women Men Soft Cork Footbed Leather Mules Comfort Potato Shoes with Arch Support,ODOLY Store,Mules & Clogs,https://m.media-amazon.com/images/I/41M4-zHrn8L.jpg,https://www.amazon.com/dp/B0CL4XJCJW,genuine suede clogs for women men soft cork footbed leather mules comfort potato shoes with arch support classic leather clogs the upper and insole are made of genuine suede providing a soft and cozy touch for ultimate comfort the worn buckle features a complemented by vintage tones classic clogs for men and women in a fashionable closet slip them on and you re off ultimate comfort soft deep heel cup cork footbed fits the foot shape great preventing slipping off arch support relieves pressure giving your tired feet a relaxing experience adjustable buckle allows various feet and lets you stay comfortably stylish with our fashionable clogs premium material the leather fabric is tough and not easy to break the buckle fittings are solid metal and the non slip soles are thickened carefully selected materials for each part ensure sturdiness and durability suitable for year round use and everyday wear wide application with multiple colors and trendy styles the backless mules are suitable for any occasion such as walking around the house going for a walk in the park walking the dog or shopping whether for leisure activities or work these easy to slip on and off clogs will suit what is in your favor stylish choice as a timeless fashion item we expect odoly clogs to add a touch of beauty to life if you have any questions about our shoes please contact us at any time,23.9917,4.2,794.0,2686897.0,0.3735430194805195,10
B079GXK2KS,Converse Chuck Taylor All Star Lift Women's Lace Up Canvas Sneaker,Brand: Converse,Fashion Sneakers,https://m.media-amazon.com/images/I/3106PNXX5kL.jpg,https://www.amazon.com/dp/B079GXK2KS,converse chuck taylor all star lift women s lace up canvas sneaker fabric canvasrubber soleremovable insole signature logo patchplatform 1 25in 30mmrounded toe,69.957,4.7,10876.0,2686897.0,0.355694715007215,10
B07GQDTNWK,Clarks Women's Juliet Palm Loafer,Clarks Store,Loafers & Slip-Ons,https://m.media-amazon.com/images/I/31tEcSXw27L.jpg,https://www.amazon.com/dp/B07GQDTNWK,clarks women s juliet palm loafer juliet palm a pair of flexible elastic gores and a curved topline provide this loafer style with an easy slip on fitortholite footbedcushion soft paddingresposibly sourced leather upper1 inch heel height,49.9941,4.2,9145.0,2686897.0,0.2625043290376623,10
B09ZLMK2Q5,"Womens Jacquard Standard Length Saree, Mustard, Free Size",Brand: Yashika,Dresses,https://m.media-amazon.com/images/I/41VLhPPRBkL.jpg,https://www.amazon.com/dp/B09ZLMK2Q5,womens jacquard standard length saree mustard free size care instructions machine wash fabric art silk saree length 5 20 mtr blouse 0 80 mtr 1 saree with attached blouse piece note slight color variation is possible due to difference in monitor resolutions and digital photography the images displayed is for representation purpose only,17.9,3.3,317.0,2686897.0,0.24124999996666663,10
B0BRVDXXYV,Womens Kanjivaram Banarasi Silk Saree Patola saree with Unstitched blouse piece free,Brand: SWORNOF,Dresses,https://m.media-amazon.com/images/I/41gRcm2ygsL.jpg,https://www.amazon.com/dp/B0BRVDXXYV,womens kanjivaram banarasi silk saree patola saree with unstitched blouse piece free material soft silkdesign silk sareefeatures saree with blouse piecestyle the texture and weight of the saree brings image prints one step closer to the originals and invites attentionoccasion sarees for women festive traditional saree best birth day gift for your loved ones each piece is elegantly crafted and will surely add to your wardrobe,70.0,4.0,300.0,2686897.0,0.45086111111111105,10
B08354NT7W,Women's Banarasi Silk Blend Woven Zari With Tussles Saree and Jacquard Woven Blouse Piece,Monjolika Fashion Store,Women,https://m.media-amazon.com/images/I/41wssB2nrML.jpg,https://www.amazon.com/dp/B08354NT7W,women s banarasi silk blend woven zari with tussles saree and jacquard woven blouse piece saree fabric banarasi silk blouse fabric banarasi silksaree length 5 5 meter blouse length 0 8 metersaree work zari wovenwash care dry clean onlyheavy traditional banarasi art silk saree with blouse piece,43.28,4.0,2170.0,2686897.0,0.11749999999999998,4
B0CXY1H4NG,Ethnic Junction Women's Art Silk Cotton Kalamkari Print Saree With Blouse Piece,Brand: EthnicJunction,Unknown,https://m.media-amazon.com/images/I/51Cg+W23wZL.jpg,https://www.amazon.com/dp/B0CXY1H4NG,ethnic junction women s art silk cotton kalamkari print saree with blouse piece saree details saree fabric art silk saree pattern printed saree work tassel saree length 5 5 meter saree type kalamkar saree color black blouse details blouse fabric art silk blouse pattern printed length 0 80 meter blouse color black fit type this is kalamkar 5 5 meter saree unstitched 0 80 meter blouse piececare instructions machine washoccasions party festive wedding wear traditional wear best gift for your loved ones,20.4,4.2,209.0,2686897.0,0.1746212121212121,2
B085G4DXLK,Women Art silk Sarees SDPL-METRO,Brand: Yashika,Novelty & More,https://m.media-amazon.com/images/I/51UxRQQ7d7L.jpg,https://www.amazon.com/dp/B085G4DXLK,women art silk sarees sdpl metro care instructions hand washsaree fabric 70 art silk 30 polyester blouse fabric 70 art silk 30 polyesterthe length of the saree is 5 5 mtrs and blouse is 0 80 mtrssaree pattern floral blouse pattern plainvenkatagiri printed sareeproduct color may slightly vary due to photographic lighting sources on your monitor settings or device setting and lighting used in mode,14.83,3.4,2994.0,2686897.0,0.08666666666666663,3
B0D8GYHB4M,Women's Pure Banarasi Silk Saree Kanjivaram Style Saree With Blouse Piece For Wedding (Vruksh),Brand: C J Enterprise,Unknown,https://m.media-amazon.com/images/I/510uneopBkL.jpg,https://www.amazon.com/dp/B0D8GYHB4M,women s pure banarasi silk saree kanjivaram style saree with blouse piece for wedding vruksh type banarasi traditional silk sareecolor maroonfabric saree lichi silk blend blouse lichi silkdimension saree 5 5 m blouse 0 8 mperfect for event festive wear saree occasional wear saree party wear saree traditional wear saree wedding wear saree reception wear saree butta sarees latest design paisley sarees for women,26.24,3.7,1088.0,2686897.0,0.2173611111666666,6
B0B6FHTHQC,Women's Kanjivaram Soft Silk Saree With Blouse Piece 6.3metres,Brand: SGF11,Dresses,https://m.media-amazon.com/images/I/310wSnyO4NL.jpg,https://www.amazon.com/dp/B0B6FHTHQC,women s kanjivaram soft silk saree with blouse piece 6 3metres fabric kanjivaram pure zari woven soft silk blouse fabric kanjivaram pure zari woven soft silk work jacquard woven stylish sari zari woven saree length 5 50meter blouse piece length 0 80 meter unsticthed attached with saree other details soft finished comfortable to wear and easy to take fleets size free size saree is not transparent package included 1 saree with 1 blouse piece,59.0016,4.1,1500.0,2686897.0,0.4838752913752914,10
B0D8198XHF,"SIRIL Women's Art Silk Self Woven, Jacquard Border Saree With Unstitched Blouse Piece (3590S254A_Maroon)",SIRIL Store,Dresses,https://m.media-amazon.com/images/I/41vfwyNd1OL.jpg,https://www.amazon.com/dp/B0D8198XHF,siril women s art silk self woven jacquard border saree with unstitched blouse piece 3590s254a maroon saree fabric art silk blouse fabric art silk work saree jacquard blouse self woven jacquard borderlength saree 5 50mtr blouse 0 80mtr which need to be stitched as per size and fit package content 1 saree with 1 unstitched blouses piececolour saree color maroon blouse color maroonoccassion this saree is suitable to get a contemporary stylish look in normal occasions college farewell family get together regular or daily use office or work or gifting to loved oneoccassion this saree is suitable to get a contemporary stylish look in normal occasions college farewell family get together regular or daily use office or work or gifting to loved one,28.95,4.0,14.0,2686897.0,1.0,1
B0D2HTM4XW,"Women's Latest Chiffon Batik Printed Saree with Blouse Piece, Light Blue, White, One Size, Light Blue, White, One Size",Brand: MIRCHI FASHION,Unknown,https://m.media-amazon.com/images/I/41YBmEST5UL.jpg,https://www.amazon.com/dp/B0D2HTM4XW,women s latest chiffon batik printed saree with blouse piece light blue white one size light blue white one size design elegant batik block printed designfabric saree chiffon blouse chiffoncolor saree light blue white blouse light bluesaree 5 5mtr blouse 0 8mtr need to be stitched as per size and fit this saree is suitable to get a contemporary stylish look in normal occasions family get together regular or daily use office or work wear or gifting to loved one,45.99,3.2,30.0,2686897.0,0.09587499999999997,10
B0D9FWQQFT,Women's Kanjivaram Banarasi Soft Silk Saree With Unstitched Blouse Piece (Silk Box Flower),Brand: Sidhidata,Unknown,https://m.media-amazon.com/images/I/417NAqxhR1L.jpg,https://www.amazon.com/dp/B0D9FWQQFT,women s kanjivaram banarasi soft silk saree with unstitched blouse piece silk box flower saree fabric kanjivaram banarasi silk blouse fabric soft litchi silksaree work banarasi silk digital print pattern multicolour pallu saree with copper zari work on sareesaree length 5 5 meter blouse length 0 8 meter colour mustardwhole saree is exact as shown in image this is very soft fabric so comfertable to wear and it s comes with digital print pattern palluweave type banarasi silk included components saree with unstitched blouse piece,33.0932,3.8,87.0,2686897.0,-0.03424242420000003,5
B0BC3PS8XJ,SIRIL Women's Bandhani Printed Chiffon Saree With Blouse(2612S2080_) 5.5 Meters Orange & Red,SIRIL Store,Women,https://m.media-amazon.com/images/I/41xktcKUVrL.jpg,https://www.amazon.com/dp/B0BC3PS8XJ,siril women s bandhani printed chiffon saree with blouse 2612s2080 5 5 meters orange red saree fabric chiffon blouse fabric chiffonlength saree 5 50mtr blouse 0 70mtr which need to be stitched as per size and fitcolour saree color pink orange blouse color pinkwork saree bandhani printed blouse lace printedpackage content 1 saree with 1 blouses pice included,28.95,3.8,763.0,2686897.0,0.5361666666666667,10
B08M429KCV,Women Art Silk Lace Printed Saree Free Size (AIR),Brand: Yashika,Blouses & Button-Down Shirts,https://m.media-amazon.com/images/I/410g834VmEL.jpg,https://www.amazon.com/dp/B08M429KCV,women art silk lace printed saree free size air care instructions dry clean onlysaree fabric art silk blouse fabric art silk75 art silk 25 silk blendoccassion party wear evening wear wedding wear,14.83,3.6,1501.0,2686897.0,0.10981481481481478,9
B0BW7BVZRQ,Women's Kanjivaram Soft Silk Saree With Blouse Piece (Purple) 6.3metres,Brand: SGF11,Dresses,https://m.media-amazon.com/images/I/41OzYqYcoAL.jpg,https://www.amazon.com/dp/B0BW7BVZRQ,women s kanjivaram soft silk saree with blouse piece purple 6 3metres silk,59.0,4.0,186.0,2686897.0,0.3729166666666666,4
B0D3XM6H68,SIRIL Women's Satin Silk Hot Fixing Saree with Unstitched Blouse Piece,SIRIL Store,Dresses,https://m.media-amazon.com/images/I/31u855mNtAL.jpg,https://www.amazon.com/dp/B0D3XM6H68,siril women s satin silk hot fixing saree with unstitched blouse piece saree fabric satin blouse fabric satinlength saree 5 50 mtr blouse 0 80 mtr which need to be stitched as per size and fitcolor saree color dusty mauve blouse color dusty mauve disclaimer colour of the actual product may slightly vary due to different photographic lighting sources or your display color settings or screen type work saree stone work blouse dyedpackage content 1 saree with 1 unstitched blouses piece occassion this saree is suitable to get a contemporary stylish look in normal occasions college farewell family get together regular or daily use office or work or gifting to loved one,28.95,4.1,275.0,2686897.0,0.4331864801420357,10
B0BNF2F5QZ,Indian Women's Navy Blue Woven Design Banarasi Silk Saree with Unstitched Blouse Piece (SOHNA2001_Parent),Brand: AKHILAM,Dresses,https://m.media-amazon.com/images/I/419NZBi+WQL.jpg,https://www.amazon.com/dp/B0BNF2F5QZ,indian women s navy blue woven design banarasi silk saree with unstitched blouse piece sohna2001 parent dry clean only,32.94,3.9,573.0,2686897.0,0.2510238095238095,10
B0BPY4RXD3,Women Rayon Anarkali Embroidered Printed Anarkali Salwar Kameez,Brand: Rangnavi,Tunics,https://m.media-amazon.com/images/I/31Mx7RseXQL.jpg,https://www.amazon.com/dp/B0BPY4RXD3,women rayon anarkali embroidered printed anarkali salwar kameez size chart kurta xs 34 in s 36 in m 38 in l 40 in xl 42 in xxl 44 in for more please refer to the size chart below package contains 1 kurta 1 palazzo dupattafabric kurta rayon palazzo rayon dupatta chifoncolour declaration there might be slight variation in the actual color of the product due to different screen resolutions sleeve 3 4 regular sleeves neck style cowl neck,45.02,3.8,5282.0,2686897.0,0.3154596560846561,9
B0B7S9HP64,Women's Maroon Poly Crepe A-line Kurta Set With Dupatta,FIORRA Store,Sets,https://m.media-amazon.com/images/I/41KAZrGfnyL.jpg,https://www.amazon.com/dp/B0B7S9HP64,women s maroon poly crepe a line kurta set with dupatta kurta material poly crepe pant material poly crepe dupatta material georgettestyle straight kurta calf lenth with 3 4 sleevethis product ready chest size small 36 inch medium 38 inch large 40 inch xl 42 inch xxl 44 inch package contain top bottom dupattadisclaimer product color may slightly vary due to photographic lighting sources or your monitor settings,44.99,4.0,6666.0,2686897.0,0.3491213152539682,7
B0CW3JYMFM,Women's Heavy Cotton Thread & Sequence Embroidery Work Unstitched Salwar Suit Dress Material With Chanderi Sequence Work Dupatta (DM Fighter Cream_Cream_Free Size),Brand: Sidhidata,Formal,https://m.media-amazon.com/images/I/51YltC+gxbL.jpg,https://www.amazon.com/dp/B0CW3JYMFM,women s heavy cotton thread sequence embroidery work unstitched salwar suit dress material with chanderi sequence work dupatta dm fighter cream cream free size top fabric cotton bottom fabric santoon dupatta fabric cotton colour creamlength top 2 10 mtr bottom inner 3 60 mtr dupatta 2 15 mtr style multi thread sequence embroidery work dress material with full embroidered dupattasoft fabric with stylish look traditional unstitched fabric suitable for daily wear work wearthis suit slawar will complement your ethnic look and will look smart even with your traditional attire a perfect gift for women and girls for all occasions can be used as functions and ceremonies,34.88,3.7,214.0,2686897.0,0.0722222222222222,2
B0CCYJP95Y,Women's Cotton Printed Straight Kurta With Palazzo & Dupatta Set,Meera Fab Store,Sets,https://m.media-amazon.com/images/I/412pAOMNqoL.jpg,https://www.amazon.com/dp/B0CCYJP95Y,women s cotton printed straight kurta with palazzo dupatta set size chart kurta xs 34 in s 36 in m 38 in l 40 in xl 42 in xxl 44 in for more please refer to the size chart below package contains 1 kurta 1 palazzo dupattafabric kurta cotton palazzo cotton dupatta mulmulcolour declaration there might be slight variation in the actual color of the product due to different screen resolutions sleeve 3 4 regular sleeves neck style round neck,31.0611,3.6,2069.0,2686897.0,0.23708333341428572,10
B0D94JPN1P,Women's Cotton Printed Unstitched Salwar Suit Dress Material With Printed Dupatta (Batik_Free Size),Brand: Sidhidata,Casual,https://m.media-amazon.com/images/I/51xi75XKU+L.jpg,https://www.amazon.com/dp/B0D94JPN1P,women s cotton printed unstitched salwar suit dress material with printed dupatta batik free size fabric details top cambric cotton bottom inner cotton dupatta cotton colour seagreenlength top 2 10 mtr bottom inner 2 40 mtr dupatta 2 10 mtr style soft fabric with stylish look dress material with printed matching dupatta work printedtype un stitched dress material fit upto xxxl this suit slawar will complement your ethnic look and will look smart even with your traditional attire a perfect gift for women and girls for all occasions can be used as functions and ceremonies,33.98,4.1,135.0,2686897.0,0.33535714285714285,10
B0C2DFMQ3V,Women's Heavy Cotton Embroidery Work Unstitched Salwar Suit Dress Material With Chanderi Work Dupatta (Free Size),Brand: Sidhidata,Messenger & Shoulder Bags,https://m.media-amazon.com/images/I/517hkAplmrL.jpg,https://www.amazon.com/dp/B0C2DFMQ3V,women s heavy cotton embroidery work unstitched salwar suit dress material with chanderi work dupatta free size fabric details top cotton bottom inner heavy crepe dupatta chanderi work colour light pinklength top 2 10 mtr bottom inner 3 60 mtr dupatta 2 20 mtr style soft fabric with stylish look dress material with chanderi work dupatta work embroiderytype un stitched dress material fit upto xxxl this suit slawar will complement your ethnic look and will look smart even with your traditional attire a perfect gift for women and girls for all occasions can be used as functions and ceremonies,33.98,3.3,520.0,2686897.0,0.75,2
B0DQ5FMMKX,MR CREATION Women's Wedding Special Floral Lehenga Choli with Foil Print & Gotta Patti Dupatta(PINK),Brand: MR CREATION,Unknown,https://m.media-amazon.com/images/I/41R0QQ-WMAL.jpg,https://www.amazon.com/dp/B0DQ5FMMKX,mr creation women s wedding special floral lehenga choli with foil print gotta patti dupatta pink lehenga fabric tussar silk blouse fabric tussar silk dupatta fabric tussar silklehenga work patola print with foil work blouse work foil printed dupatta work patola print with gotta patti lace border also comes with tasselslehenga waist supported up to 42 lehenga closer drawstring with heavy tassels and zip stitching stitched with canvas and attached with can can flair 3 40 meter inner micro cottonlehenga length 41 inch blouse length 0 80 meter dupatta length 2 5 meterpackage contain lehenga blouse dupatta drawstring with zip tassels,28.95,3.9,9.0,2686897.0,0.7,1
B0DY18VBQQ,TRENDMALLS Women's Art Silk Embroidery Sequin work Lehenga Choli with Dupatta Ready To Wear,TRENDMALLS Store,Unknown,https://m.media-amazon.com/images/I/41NzLwyumfL.jpg,https://www.amazon.com/dp/B0DY18VBQQ,trendmalls women s art silk embroidery sequin work lehenga choli with dupatta ready to wear material lehenga choli blouse dupatta art silk inner crepecolor lehenga choli blouse offwhite dupatta redmeasurements lehenga flair 3 mt height 42 in waist 42 in choli blouse 1 mt dupatta length 2 5 mtwork golden embroidery sequin workpackage contains 1 semi stitched lehenga with cancan and canvas inner unstitched choli blouse dupatta,28.95,4.4,0.0,2686897.0,0.0,0
B0BN39ZRYD,TRENDMALLS Women 's White Georgette Embroidery Sequence Work Lehenga Choli Set with Dupatta For Women,TRENDMALLS Store,Dresses,https://m.media-amazon.com/images/I/31WDBa5YOmL.jpg,https://www.amazon.com/dp/B0BN39ZRYD,trendmalls women s white georgette embroidery sequence work lehenga choli set with dupatta for women care instructions dry clean onlylehenga fabric georgette fabric lehenga inner silk lehenga work lucknowi special embroidery with 3 mm sequence work lehenga stiching type semistich upto 44 with canvas patacholi fabric gorgette choli work embroidery with 3mm sequnce choli size unstich upto 44dupatafabric georgette dupatawork sequnce with rivet moti with moti lace broder four sidepackage contains 1 semi stitched lehenga with dupatta and unstitched blouse ideal occasion type festival wedding party traditional indian culture wear sophisticated trendy elegant wear,94.0,4.4,261.0,2686897.0,0.40822916666666664,10
B0D79971PT,"Kedar Fab Embroidered Georgette Fabric Lehenga Choli with Dupatta for Women, Green, Free Size",Brand: KEDARFAB,Unknown,https://m.media-amazon.com/images/I/41MyjbtadvL.jpg,https://www.amazon.com/dp/B0D79971PT,kedar fab embroidered georgette fabric lehenga choli with dupatta for women green free size lehenga details fabric georgette size and fit free size semi stitched hight 42 to 42 5 inches waist adjustable upto 44 inchesblouse details fabric georgette work embroidery size 0 8 mtr sleeves full sleeve neck v neckdupatta details fabric georgette colour green size and fit free size length 2 mtr,28.95,3.8,9.0,2686897.0,0.24953703703703703,3
B0D79795VN,"Embroidered Georgette Fabric Lehenga Choli with Dupatta for Women From Kedar Fab, Black, Free Size",Brand: KEDARFAB,Unknown,https://m.media-amazon.com/images/I/31Zpe2PNdeL.jpg,https://www.amazon.com/dp/B0D79795VN,embroidered georgette fabric lehenga choli with dupatta for women from kedar fab black free size lehenga details fabric georgette size and fit free size semi stitched hight 42 to 42 5 inches waist adjustable upto 44 inchesblouse details fabric georgette work embroidery size 0 8 mtr sleeves half sleeve neck v neckdupatta details fabric georgette colour black size and fit free size work embroidery length 2 mtr,28.95,3.1,15.0,2686897.0,0.3125,4
B0B4FWZB49,womens A-line,Brand: Stylum,Tunics,https://m.media-amazon.com/images/I/410o2SSIQKL.jpg,https://www.amazon.com/dp/B0B4FWZB49,womens a line floral printed rayon a line kurta with wooden button detailingmaterial rayon print pattern floral printoccasion casual style type a lineneck mandarin collar sleeve half sleeve length calf lengthproduct color might slightly vary due to photographic lighting sources or your monitor settings,27.0,3.8,812.0,2686897.0,0.382235347985348,10
B0DQ8CSQ6N,Women's Chanderi Stitched Printed Kurta Set for Women,Brand: Sun Fashion And Lifestyle,Unknown,https://m.media-amazon.com/images/I/410du1zaMEL.jpg,https://www.amazon.com/dp/B0DQ8CSQ6N,women s chanderi stitched printed kurta set for women kurti fabric chanderi perfect choice for gifting your loved onesstyle straight with side slit length calf length sleeves elbow sleeves work floral printedkurti size xs 34in s 36in m 38in l 40in xl 42in 2xl 44inbest for casual daily wear office wearproduct color may slightly vary due to photographic lighting sources or your monitor settings,28.95,3.7,13.0,2686897.0,0.47361111111111115,6
B0B391RPYX,rytras Women's Cotton Printed Straight Kurti (RYT311_Blue_XX-Large),Brand: rytras,Tunics,https://m.media-amazon.com/images/I/41RznQLDWiL.jpg,https://www.amazon.com/dp/B0B391RPYX,rytras women s cotton printed straight kurti ryt311 blue xx large pull on closuremachine wash,31.23,3.7,430.0,2686897.0,0.2666666666666666,3
B0C8LJ64HH,PURE CHAMP 3Pk Boys Sweatpants Fleece Athletic Workout Kids Clothes Boys Joggers with Zipper Pocket and Drawstring Size 4-20,PURE CHAMP Store,Sweatpants,https://m.media-amazon.com/images/I/51ssZxn-3nL.jpg,https://www.amazon.com/dp/B0C8LJ64HH,pure champ 3pk boys sweatpants fleece athletic workout kids clothes boys joggers with zipper pocket and drawstring size 4 20 a must for your little one s wardrobe whether you re looking to make sure your kids enjoy a comfortable modern look on their casual activities or you simply want them to be protected during those cold days these boys sweatpants are the perfect solution premium fleece fabric our joggers for boys are made employing superior grade highly durable materials a combination of 60 cotton and 40 polyester machine washable non fading and highly resilient for the active lifestyle stylish and modern look these boys athletic pants feature a chic sporty look with convenient and practical zipper pockets being ideal for wearing with your favorite t shirt hoodie or sports jacket convenient pack of 3 available in several beautiful color combinations arriving in sets of 3 per pack these kids sweatpants will instantly become their favorite the lightweight breathable texture keeps the skin ventilated and dry while the closed pockets are ideal for storing smartphone keys ear buds cash and more the possibilities are endless order these boys joggers as a practical birthday gift for your kids and you can be sure they ll love them our boys pants is perfect for running training sports gym class and other fun activities,38.83,4.2,2516.0,2686897.0,0.3489281763987646,10
B0743MHBYZ,Ultra Dry Thermal Underwear For Kids Long Johns Fleece Lined Leggings And Shirt Boy And Girl Unisex Underwear Base Layer,Ultra Dry Store,Sets,https://m.media-amazon.com/images/I/41vlMgC9OsL.jpg,https://www.amazon.com/dp/B0743MHBYZ,ultra dry thermal underwear for kids long johns fleece lined leggings and shirt boy and girl unisex underwear base layer children s extreme ultralight warmest top and tights sets make all favorite cold weather activities more pleasant whether snowboarding skiing camping or other outdoor sports traveling and even sleeping outland thermal set keeps your kids comfortable the thin lightweight thermal clothing maintains body heat at a cool temperature by wicking moisture away from the skin drying quickly and insulating from the cold the basic boy and girl underwear undershirt and bottom leggings have an interior microfiber fleece that is soft and cozy feels great against your skin and under a layer of clothingwe have your size for babies toddlers youth juniors teens boys and girls from 2 4 to 14 16 several solid color options including a tactical camo shirt and our new heather grey does not restrict movement feels like a second skin with four way stretch and gives your kids the needed warmth without thick or heavy layers the suit kids underwear long johns can be repeatedly washed without shrinking machine wash dries quickly,21.9,4.5,1035.0,2686897.0,0.305231351981352,10
B0CY29F6G4,"Toddler Boys Shirts Short-Sleeve Little Kids t Shirts Boys' Tops, Tees & Shirts Graphic TEE Age for 2-7 Years 4-Pack",DEEKEY Store,Tees,https://m.media-amazon.com/images/I/41kJPXeOOML.jpg,https://www.amazon.com/dp/B0CY29F6G4,toddler boys shirts short sleeve little kids t shirts boys tops tees shirts graphic tee age for 2 7 years 4 pack supreme toddler comfort experience the soft embrace of our deekey boys tees made from high quality cotton that is both breathable and gentle say goodbye to pilling with our durable lightweight fabric ensuring a comfortable all day fit for your active toddler engaging character designs our kids fashion tees are a treasure trove of imagination adorned with exciting characters such as dinosaurs excavators sharks and space motifs these fun patterns are perfect for your playful child making our shirts a favorite in their everyday wear collection built for playwear durability tailored to withstand the energy of toddlers these durable graphic tees feature a ribbed crew neckline and double stitched hems the easy pull on closure makes dressing hassle free ideal for kids on the go sized for growth our little boys clothes age from energetic two year olds to adventurous seven year olds our size range 2t 7t covers your growing child utilize our detailed size chart and live photos to confidently choose the perfect fitting tee for everyday comfort and style versatile gift for kids looking for a heartwarming birthday or christmas gift our soft texture boys top tees offer both indoor and outdoor versatility perfect for school park adventures beach outings or family dinners making them the ultimate gift for any child,24.98,4.6,1299.0,2686897.0,0.23096861471861468,10
B0CRHRSTZW,HILEELANG Kids Boy Basic Plain Cotton T-Shirts Short Sleeve Crew Neck Summer Tees 4packs 6-12 Years,HILEELANG Store,Tees,https://m.media-amazon.com/images/I/41s+C8mut+L.jpg,https://www.amazon.com/dp/B0CRHRSTZW,hileelang kids boy basic plain cotton t shirts short sleeve crew neck summer tees 4packs 6 12 years 1 everyday essentials these basic crew neck t shirts are a staple for every boy s wardrobe providing comfort and versatility for everyday wear note made from 100 cotton 150g m may shrink slightly after washing please consider ordering a size up for a comfortable fit 2 soft and breathable made from 100 cotton these shirts offer a soft feel against the skin and allow for breathability keeping your boy cool and comfortable 3 versatile colors value pack the classic navy blue and white colors make these t shirts easy to pair with any outfit from jeans to shorts get three 4pc for solid color style essential t shirts in one convenient pack offering great value for your money 4 durable quality these t shirts are built to last withstanding the rigors of everyday wear and tear perfect for layering the lightweight fabric makes these t shirts ideal for layering under sweaters or sweatshirts during cooler weather,18.99,4.2,85.0,2686897.0,0.2334137286102564,10
B0C3J6QB6L,"Hanes Boys' Originals Crewneck Undershirts Pack, Stretch Cotton, Black & Assorted, 5-Pack",Hanes Store,Undershirts,https://m.media-amazon.com/images/I/41ZFA7ibACL.jpg,https://www.amazon.com/dp/B0C3J6QB6L,hanes boys originals crewneck undershirts pack stretch cotton black assorted 5 pack hanes originals styles and silhouettes designed for the modern kid cotton rich blend hanes originals stretch cotton boys undershirts are soft and boast the breathability you can expect from cotton made to move spandex adds just the right amount of stretch to undershirts made to move when your boy does stay cool and dry boys stay cooler and drier no matter how hard they play in moisture wicking tees tuck it or not a clean finished bottom hem lets him or you decide whether to tuck it in or wear it out versatile layering use as a bottom layer or as a standalone solo piece,16.59,4.6,527.0,2686897.0,0.3015770427489177,10
B0BNDCRMP2,The Children's Place Boys' Athletic Basketball Shorts,The Children's Place Store,Shorts,https://m.media-amazon.com/images/I/31c3CgWtJ5L.jpg,https://www.amazon.com/dp/B0BNDCRMP2,the children s place boys athletic basketball shorts basketball shorts he s ready to play all day with the comfiest basketball shortsfabric made of 100 polyester dazzleclosure pull on elasticized waistbandmultipack pack of 3 basketball shorts makes getting dressed easythe children s place we offer a huge selection of kid s clothing shop us for jeans shorts leggings chinos polo shirts dresses pajamas and accessories,23.374,4.5,3906.0,2686897.0,0.26729052247355817,10
B01M3U4MS1,YuanLu Boys Suit for Kids Tuxedo Wedding Ring Bearer Outfit Boy Formal Suits 5 Piece Slim Fit Dresswear Suit Set,Brand: YuanLu,Suits,https://m.media-amazon.com/images/I/31GQS02OAlL.jpg,https://www.amazon.com/dp/B01M3U4MS1,yuanlu boys suit for kids tuxedo wedding ring bearer outfit boy formal suits 5 piece slim fit dresswear suit set boys suits size 2t 20 formal outfit suit set suit vest shirt bow tieboys suits with stylish and elegant neckline elegant bow tietoddler formal outfit boy real pockets beautiful and durable elastic waist adjustable sizeboys slim fit suits fine appearance details in place quality zipperfor best fitting please refer to size chart picture under product pictures size 2t 3t and 4t are equivalent to size 2 3 and 4,47.99,4.5,6477.0,2686897.0,0.67,1
B0C7G8SJMS,"Boys Cargo Shorts, Outdoor Quick Dry Hiking Shorts, Lightweight Athletic Short with Zipper Pockets",Brand: HONCAN,Active Shorts,https://m.media-amazon.com/images/I/41hotjSIiFL.jpg,https://www.amazon.com/dp/B0C7G8SJMS,boys cargo shorts outdoor quick dry hiking shorts lightweight athletic short with zipper pockets boys cargo shorts made with quick drying moisture wicking and lightweight sports fabric wicks sweat from the skin to help you stay comfortable and dryadjustable drawstring allows you to tighten or loosen the waist for the perfect fit when it comes to high quality waistbands this is as good as it getstwo open side pockets allow you to conveniently store and easily access your phone or wallet while you re on the go 2 side cargo flap pockets provide more space to keep handy itemshighly elastic fabric stretches in all directions giving you maximum range of motion and allowing you to bend twist flex and stretch with complete freedom side slits give you further added mobility allowing you to squat jump and sprint without restrictionkids hiking shorts are made from highly breathable polyester giving you maximum ventilation during those intense exercise sessions great for athletic sports travelling cycling climbing fishing hiking adventures these boys running shorts will keep you cool and comfortable during any activity,9.98,4.7,286.0,2686897.0,0.2728490375365375,10
B0BM8RKWD2,"The Children's Place Boys' Assorted Everday Short Sleeve Graphic T-Shirts,multipacks",The Children's Place Store,Tees,https://m.media-amazon.com/images/I/41gsUyLAWGL.jpg,https://www.amazon.com/dp/B0BM8RKWD2,the children s place boys assorted everday short sleeve graphic t shirts multipacks fabric made of 100 cotton jerseydesign features short sleeves and rib knit crew neckmultipack 3 pack of graphic tees 1 style with dinosaur graphic design at front 1 style with chameleon graphic design at front 1 style with shark graphic design at frontthe children s place we offer a huge selection of kid s clothing shop us for jeans shorts leggings chinos polo shirts dresses pajamas and accessories,20.37,4.8,1645.0,2686897.0,0.34181155303030303,10
B0874WPYV6,Under Armour Boys' Logo Short Sleeve Tee Shirt,Under Armour Store,T-Shirts,https://m.media-amazon.com/images/I/41FH-u4YbeL.jpg,https://www.amazon.com/dp/B0874WPYV6,under armour boys logo short sleeve tee shirt ua tech fabric is quick drying ultra soft has a more natural feelmaterial wicks sweat dries really fastraglan sleevesmany ua tech t s are made with recycled traceable polyester re use about 5 bottles per shirtloose fuller cut for complete comfort,14.9925,4.8,7087.0,2686897.0,0.4329543450376784,10
B07B8HYGXW,adidas Boys' Iconic Tricot Athletic Pants,adidas Store,Track Pants,https://m.media-amazon.com/images/I/31e9eGLbJCL.jpg,https://www.amazon.com/dp/B07B8HYGXW,adidas boys iconic tricot athletic pants design 1x1 rib cuffs applied dazzle 3 stripes down legs embroidered adidas brandmark on left legfit regular fit strikes a comfortable balance between loose and snugpockets on seam pocketscomfort waist elastic waist with drawstring in sizes small through x large so that the pants stay where you want them through from morning through recess gym and practicefabric 100 polyester tricot keeps them looking sharp with a slight sheen,24.0033,4.7,17944.0,2686897.0,0.5128571428571428,3
B00XPFFXKO,Hanes Boys' Eco Smart Pullover Hoodie,Hanes Store,Fashion Hoodies & Sweatshirts,https://m.media-amazon.com/images/I/31qgBv-j51L.jpg,https://www.amazon.com/dp/B00XPFFXKO,hanes boys eco smart pullover hoodie fleece to feel good about hanes ecosmart boys hoodie is made with cotton sourced from american farms sturdy high stitch density lasts wear after wear hooded designed with a kid safe cord free hood to help block out wind and chill design details features stretch ribbed cuffs and hem for a cozy fit tag free no need to worry about annoying tags bunching up thanks to our tagless interior cold water wash hanes recommends machine washing this boys hoodie in cold water to reduce energy usage,14.003,4.4,9150.0,2686897.0,0.3212534972322262,10
B084Q3ZJ4G,"Fruit of the Loom Boys' and Toddler Boxer Briefs, Tag Free & Breathable Underwear, Assorted Color Multipacks",Fruit of the Loom Store,Boxer Briefs,https://m.media-amazon.com/images/I/512Tq+eKevL.jpg,https://www.amazon.com/dp/B084Q3ZJ4G,fruit of the loom boys and toddler boxer briefs tag free breathable underwear assorted color multipacks this is an assorted color pack this pack may contain all solids all prints or a conbination10 pack toddler boys boxer briefsstay cool and drylegs don t ride uptag free soft touch waistband,13.98,4.8,28880.0,2686897.0,0.2952586894132653,8
B00XPFM1RC,"Hanes Boys EcoSmart Fleece Sweatpants, Midweight Cotton/Poly Fleece Pants for Boys, Cuffed Sweats",Hanes Store,Pants,https://m.media-amazon.com/images/I/21x8eFSKs5L.jpg,https://www.amazon.com/dp/B00XPFM1RC,hanes boys ecosmart fleece sweatpants midweight cotton poly fleece pants for boys cuffed sweats fleece to feel good about boys sweatpants are made with cotton sourced from american farms sturdy high stitch density helps them last longer without pilling comfort waistband covered elastic waistband stretches for a comfy fit double needle construction helps the elasticized cuffs seal out chilly air midweight fabric crafted from a 7 8 oz cotton polyester blend cold water wash hanes recommends machine washing these boys sweatpants in cold water to reduce energy usage,12.0025,4.3,19858.0,2686897.0,0.38267619044285717,10
B0872DSL47,Under Armour Boys' Brawler 2.0 Tapered Pants,Under Armour Store,Track Pants,https://m.media-amazon.com/images/I/31ZiQjmwdkL.jpg,https://www.amazon.com/dp/B0872DSL47,under armour boys brawler 2 0 tapered pants smooth tricot knit exterior with a brushed interior for soft comfort warmthmaterial wicks sweat dries really fastencased elastic waistband with external drawcordopen hand pocketsribbed cuffsinseam ymd 26 2 per size,22.5025,4.7,2758.0,2686897.0,0.2664017857142857,10
B09NF2Y5Y5,Under Armour Boys' Elite Short Sleeve T-Shirt,Under Armour Store,T-Shirts,https://m.media-amazon.com/images/I/41MHTQw6LeL.jpg,https://www.amazon.com/dp/B09NF2Y5Y5,under armour boys elite short sleeve t shirt an everyday staple featuring a stylish crew neckline and quick drying ultra soft fabric that wicks away sweat and dries fast this short sleeve t shirt is a go to for anything from casual school days to active days spent playing sports or running around premium quality we use high quality materials in all our clothing to ensure maximum comfort longevity and lasting power always a soft and comfortable fit the perfect gift a great item for gifting under armour under armour s vision is to inspire you with performance solutions you never knew you needed and can t imagine living without,11.0015,4.8,1398.0,2686897.0,0.40236452402816036,10
B0CJWNTM1L,Under Armour Boys' Tech Hybrid Print Short Sleeve T Shirt,Under Armour Store,T-Shirts,https://m.media-amazon.com/images/I/31WIMass+WL.jpg,https://www.amazon.com/dp/B0CJWNTM1L,under armour boys tech hybrid print short sleeve t shirt ua tech fabric is quick drying ultra soft has a more natural feelmaterial wicks sweat dries really fastunder armour s mission is simple to make you better,14.9725,4.7,239.0,2686897.0,0.48929067460317455,10
B0823DJNPR,The Children'S Place Boys Basic Long Sleeve Tee,The Children's Place Store,Tees,https://m.media-amazon.com/images/I/31MbnYOMs3L.jpg,https://www.amazon.com/dp/B0823DJNPR,the children s place boys basic long sleeve tee solid styles made of 100 cotton jerseysmoke style made of 50 cotton 50 polyester jerseyrib knit crew necktagless labelpre washed for added softness and to reduce shrinkage,59.95,4.7,2386.0,2686897.0,0.46154676870748296,10
B07K6V9763,The Children's Place Boys' Stretch Straight Leg Jeans,The Children's Place Store,Jeans,https://m.media-amazon.com/images/I/41i5ecxqgEL.jpg,https://www.amazon.com/dp/B07K6V9763,the children s place boys stretch straight leg jeans whiskered and handsanded for a lived in look this denim comes in a cotton blend with lots of stretch for comfy wear that lastsa classic straight leg with 5 pocket styling inner adjustable waist tabs and a tagless labelsnap closure with zipper fly for sizes 4 7 button closure with zipper fly for sizes 8 16fit for many occasions this everyday jean is great with polos and graphic tees alikethe children s place offers value priced clothes and apparel that are fun and easy to put togetherthey ll love this style you ll love this place,23.99,4.7,4270.0,2686897.0,0.3034583333666666,10
B01EMMB4LK,The Children's Place Boys' Uniform Short Sleeve Pique Polo,The Children's Place Store,Polos,https://m.media-amazon.com/images/I/41qmM6kd9pL.jpg,https://www.amazon.com/dp/B01EMMB4LK,the children s place boys uniform short sleeve pique polo they ll love this style you ll love this placeour place is always in stylevalue prices clothes and apparel that are fun and easy to put together,6.9946,4.6,18514.0,2686897.0,0.35920668088525226,10
B08P52ZV47,The Children's Place Boys Multipack Basic Bootcut Jeans,The Children's Place Store,Jeans,https://m.media-amazon.com/images/I/41tKlPV1IXL.jpg,https://www.amazon.com/dp/B08P52ZV47,the children s place boys multipack basic bootcut jeans pre washed for added softness and to reduce shrinkage this 3 pack comes in durable soft cotton for comfortable all day wear that lastsa classic bootcut look fitted through the thigh with a flare leg opening plus 5 pocket styling and inner adjustable waist tabssnap closure with zipper fly for sizes 4 7 button closure with zipper fly for sizes 8 16stock up on casual cool jeans for any day of the week pair with his favorite top or graphic teethe children s place offers value priced clothes and apparel that are fun and easy to put togetherthey ll love this style you ll love this place,55.4026,4.7,4661.0,2686897.0,0.34385695065843624,9
B08Y5SNZTY,The Children'S Place Boys Basic Short Sleeve Tee,The Children's Place Store,T-Shirts,https://m.media-amazon.com/images/I/31Lq+s02EyL.jpg,https://www.amazon.com/dp/B08Y5SNZTY,the children s place boys basic short sleeve tee this multipack of 4 boys tops is made from a soft and comfy cotton jersey fabricpack of 4 basic layering teesstyled with rib knit crew neckstock up on his favorite essential boys tops with this pack of 4 boys basic layering tees from the children s placethey ll love this style you ll love this place,23.0856,4.7,1599.0,2686897.0,0.3697073412698412,10
B0CJWGMKVD,Under Armour Boys' Tech Logo Shorts,Under Armour Store,Active Shorts,https://m.media-amazon.com/images/I/31IO8iGB1BL.jpg,https://www.amazon.com/dp/B0CJWGMKVD,under armour boys tech logo shorts ua tech fabric is quick drying ultra soft has a more natural feelmaterial wicks sweat dries really fastencased elastic waistband with internal drawcordopen hand pocketsinseam 7 pockets yes,11.5142,4.7,540.0,2686897.0,0.2760780423280423,5
B0DN2XJPRZ,"PUMA Boys' Fleece Jogger Set - 3 Piece Hoodie, T-Shirt, and Jogger Sweatpants - Athleisure Outfit Set for Boys (Sizes: 8-16)",PUMA Store,Active Tracksuits,https://m.media-amazon.com/images/I/41+dPGuA8wL.jpg,https://www.amazon.com/dp/B0DN2XJPRZ,puma boys fleece jogger set 3 piece hoodie t shirt and jogger sweatpants athleisure outfit set for boys sizes 8 16 officially licensed puma fleece hoodie sweatshirt crewneck tee and athletic jogger sweatpants for boys inspired by the values that make an excellent athlete be brave be confident be determined be joyful be pumaall day comfort for active kids this puma boys fleece jogger set delivers ultimate comfort perfect for all day wear designed for boys on the move the soft fleece hoodie and jogger sweatpants keep him warm during colder days while the lightweight t shirt ensures breathable comfort whether he s heading to school sports practice or just hanging out this athleisure set adapts to his every move versatile 3 piece set for any occasion with a fleece hoodie crewneck tee and matching jogger sweatpants this 3 piece set has all he needs to stay stylish and comfortable mix and match these pieces to create endless outfit options perfect for layering on chilly days or wearing separately as the weather warms up from school days to weekend adventures this set makes it easy to dress your boy in coordinated sporty style that he ll love showing off durable and easy to care for crafted with active kids in mind this puma set is built to handle all the rough and tumble moments of your boy s day made from durable materials that stand up to frequent wear and washing this set keeps its shape softness and puma branding easy to throw in the wash after a busy day it s designed to look just as good after each wash so he can keep rocking his favorite athleisure outfit without worry trendy puma style he ll love featuring the iconic puma logo and sporty details this boys sweatsuit set gives him that trendy athletic look he ll be excited to wear the hoodie and joggers make a statement while the crewneck tee adds an easygoing vibe perfect for kids who love sports inspired fashion this set lets him represent his favorite brand while staying effortlessly cool confident and ready for any adventure,29.99,4.6,26.0,2686897.0,0.33832864820364816,10
B096YJWVDD,adidas Boys' Classic 3-Stripes Shorts,adidas Store,Active Shorts,https://m.media-amazon.com/images/I/31+eKN93deL.jpg,https://www.amazon.com/dp/B096YJWVDD,adidas boys classic 3 stripes shorts made from soft polyester mesh with a stretchy snug fitting waistbandregular fit strikes a comfortable balance between loose and snugon seam pockets for small itemsdrawcord on elastic waistapplied 3 stripes and embroidered adidas brandmark on wearer s left leg,11.6653,4.7,2111.0,2686897.0,0.2798193843416065,10
B0C24NCRHX,The Children's Place Boys' Long Sleeve Thermal Henley Shirt,The Children's Place Store,Tops,https://m.media-amazon.com/images/I/51g6JhhAFJL.jpg,https://www.amazon.com/dp/B0C24NCRHX,the children s place boys long sleeve thermal henley shirt henley top an everyday top with a classic button placketfabric made of 60 cotton 40 polyester waffledesign features crew neck and long sleeves with banded cuffsthe children s place we offer a huge selection of kid s clothing shop us for jeans shorts leggings chinos polo shirts dresses pajamas and accessories,9.956,4.8,988.0,2686897.0,0.394125,10
B01FKZRV4M,The Children's Place Boys' Bottoms Cargo Shorts,The Children's Place Store,Shorts,https://m.media-amazon.com/images/I/41w0XwD++hL.jpg,https://www.amazon.com/dp/B01FKZRV4M,the children s place boys bottoms cargo shorts in durable soft cotton for reliable wear every day of the weeka classic straight short with a pull on elastic waist and inner adjustable tabs plus front slant side cargo and back patch pocketsa versatile play style for adventure forward occasionsthe children s place offers value priced clothes and apparel that are fun and easy to put togetherthey ll love this style you ll love this place,11.9729,4.7,15474.0,2686897.0,0.348041255041255,10
B08Q3H4W7T,"Burt's Bees Baby Baby Boys Pajamas, 2-Piece Long Sleeve Tee and Long Pant Cotton PJ Set, Sizes for 12 Months to 12 Years",Burt's Bees Baby Store,Pajama Sets,https://m.media-amazon.com/images/I/4192qjPpE1L.jpg,https://www.amazon.com/dp/B08Q3H4W7T,burt s bees baby baby boys pajamas 2 piece long sleeve tee and long pant cotton pj set sizes for 12 months to 12 years 100 organic cotton all burt s bees baby pajamas sets are crafted from pure breathable cotton our pj set is combed and ring spun for added durability while maintaining comfort snuggly soft comfort wrap your little one s dreams in organic cotton with these 2 piece burts bees baby boy long pajamas the stretchy rib fabric of our pj sets is super soft and moves with your little bee ensuring a cozy night s sleep stretchy rib fabric our baby girl clothes have super soft ribbed fabric that moves with your infant toddler or kids allowing flexibility and comfort for your little ones day and night the high quality organic fibers maintain strength and comfort true to size fit these boy tees and long pant sets are available in sizes from 12 months to 12 years they come in a wide range of fun watercolor prints that every toddler and kid will love makes for a great gift thoughtfully designed each burt s bees baby pant and long sleeve tees pjs set has ribbed cuffs at the wrists and ankles to lock in warmth and prevent from hiking up love our pjs be sure to check out our other boys clothing options,17.95,4.8,14919.0,2686897.0,0.3303352498196248,10
B0C8NGNT8L,Boy's Cargo Joggers Pants Youth Quick Dry Hiking Lightweight Pants for Sports Outdoor with Zipper Pockets,Brand: WaltZon,Pants,https://m.media-amazon.com/images/I/31IacSfimvL.jpg,https://www.amazon.com/dp/B0C8NGNT8L,boy s cargo joggers pants youth quick dry hiking lightweight pants for sports outdoor with zipper pockets boys lightweight jogger pants waistband has a elastic design for a smooth fit lightweight fabric for maximum comfortyouth hiking pants lightweight quick dry outdoor pants keep you comfortable and dry in the summer spring and windy weatherboys cargo pants boys durable cargo pant features multi pockets including 2 front pockets 2 side zipper pockets no problem to carry your phone or any other small itemsboys quick dry sun protection pants these kid s fishing pants upf 50 against harmful ultraviolet rays feature fabric for maximum protection against the sunsuitable for casual and outdoor recreation wear such as hiking travel fishing riding walking camping mountaineering hunt climb etc as well as daily clothing,14.99,4.3,551.0,2686897.0,0.24348412695555552,10
B0BGWBQ9VW,Under Armour Boys' Rival Fleece Joggers,Under Armour Store,Track Pants,https://m.media-amazon.com/images/I/31LFFe78sjL.jpg,https://www.amazon.com/dp/B0BGWBQ9VW,under armour boys rival fleece joggers ultra soft cotton blend fleece with brushed inside for extra warmthencased elastic waistband with external drawcordopen hand pockets secure snap back pocketinseam ymd 25 1 5 per size pockets yestapered leg fit with ribbed cuffs,29.6226,4.7,100.0,2686897.0,0.4932857142857143,10
B01BFJM9BW,French Toast Boys' Short Sleeve Crewneck Tee,French Toast Store,T-Shirts,https://m.media-amazon.com/images/I/31IJO6AR3FL.jpg,https://www.amazon.com/dp/B01BFJM9BW,french toast boys short sleeve crewneck tee 100 percent cotton jersey for most colorsheathers are cotton blend jersey1x1 rib collardyed to match topstitchingweave type knitspecial size type little boys,7.506,4.6,10985.0,2686897.0,0.4463690476190476,10
B07H3MYXFK,Simple Joys by Carter's Boys' 6-Piece Snug Fit Cotton Pajama Set,Simple Joys by Carter's Store,Pajama Sets,https://m.media-amazon.com/images/I/51MZ6RbOnNL.jpg,https://www.amazon.com/dp/B07H3MYXFK,simple joys by carter s boys 6 piece snug fit cotton pajama set 6 piece set includes two short sleeve pajama sets and one long sleeve set offering versatile fun options for little boys at a great value multiple prints and colors variety of playful patterns and vibrant color combinations that appeal to little boys snug fit design snug fit that ensures comfort and safety preventing any loose fabric for a secure sleep tagless design no tags for itch free comfort oeko tex certified made from materials that meet the oeko tex standard 100 ensuring they are free from harmful chemicals and safe for sensitive skin easy pull on style quick and hassle free dressing perfect for kids who are learning to dress themselves,24.99,4.8,41202.0,2686897.0,0.4271226551226551,10
B07GFPVS2M,Gerber Baby 8-Pack Short Sleeve Onesie Bodysuits,Brand: Gerber,Bodysuits,https://m.media-amazon.com/images/I/21gSGz-qusL.jpg,https://www.amazon.com/dp/B07GFPVS2M,gerber baby 8 pack short sleeve onesie bodysuits includes eight white gerber short sleeve onesies bodysuits100 cotton rib provides added breathabilityhigher in the front bottom snap closure for easy changingan easily expandable lap shoulder neckline makes them quick to pull on in the morningstreamlined laundry days are with the easy care machine wash and dry fabric,15.88,4.8,59259.0,2686897.0,0.3458728518955791,7
B01M5JGO6D,Simple Joys by Carter's unisex-baby 6-piece Bodysuits (Short and Long Sleeve) and Pants Set,Simple Joys by Carter's Store,Pant Sets,https://m.media-amazon.com/images/I/41hyrAKcBVL.jpg,https://www.amazon.com/dp/B01M5JGO6D,simple joys by carter s unisex baby 6 piece bodysuits short and long sleeve and pants set versatile 6 piece set includes four bodysuits short sleeve and long sleeve and two pairs of pants offering a complete outfit for every day of the week fun prints and patterns featuring playful designs such as animals stripes and geometric shapes to keep your baby boy looking stylish and adorable snap closures and envelope neckline designed for quick changes making dressing and diaper swaps simple and convenient easy care machine washable for effortless cleaning maintaining the softness and vibrant colors with every wash great value a budget friendly 6 piece set that provides a full wardrobe update with versatile mix and match options for any occasion seasonal flexibility with both short sleeve and long sleeve bodysuits this set is ideal for layering in cooler weather or wearing alone in warmer temperatures ensuring year round usability,23.305,4.8,14603.0,2686897.0,0.4063194444444444,10
B0744PN2MV,Simple Joys by Carter's Baby 3-Pack Neutral Cotton Sleeper Gown,Simple Joys by Carter's Store,Nightgowns,https://m.media-amazon.com/images/I/51HLCaUQvPL.jpg,https://www.amazon.com/dp/B0744PN2MV,simple joys by carter s baby 3 pack neutral cotton sleeper gown versatile design three sleep gowns featuring a mix of pull over shoulder and button down neck styles for easy dressing and undressing neutral color palette soft neutral colors that are perfect for any baby ensuring a stylish and timeless look suitable for both boys and girls comfortable fit elastic at the leg closure these gowns provide a snug fit around the legs ensuring that your baby s legs stay warm and cozy throughout the night easy care machine washable and durable these sleep gowns retain their shape and softness after multiple washes making them convenient for busy parents perfect for layering ideal for layering under swaddles or blankets allowing for versatility in various temperatures and sleeping environments great gift option an excellent baby shower or new parent gift providing a practical and stylish addition to any baby s wardrobe,16.5,4.8,18011.0,2686897.0,0.4368794823008533,10
B072JLTLQT,Simple Joys by Carter's baby-girls 3-pack Snap-up Rompers,Simple Joys by Carter's Store,Rompers,https://m.media-amazon.com/images/I/51gDMJsFiVL.jpg,https://www.amazon.com/dp/B072JLTLQT,simple joys by carter s baby girls 3 pack snap up rompers pack of 3 three baby girl rompers offering great variety and convenience perfect for everyday wear or as a gift fun prints patterns adorable and playful designs including vibrant colors cute animal characters florals and more to brighten up your little one s wardrobe snap up closure full length snaps from the neck to the legs make dressing and diaper changes quick and easy allowing for hassle free outfit swaps without pulling over the head short style rompers short sleeve and short leg design is ideal for warm weather keeping your baby cool and offering freedom of movement oeko tex certified made from materials that meet the oeko tex standard 100 ensuring they are free from harmful chemicals and safe for delicate skin,18.8412,4.8,25880.0,2686897.0,0.2254464285714286,2
B08FDXYMR5,Toddler Infant Baby Boy Clothes Striped Long Sleeve Hoodie Tops Sweatsuit Pants Outfit Set,Rebey Store,Pant Sets,https://m.media-amazon.com/images/I/51Ml-uNi6YL.jpg,https://www.amazon.com/dp/B08FDXYMR5,toddler infant baby boy clothes striped long sleeve hoodie tops sweatsuit pants outfit set comfortabletwo piece outfit set includes hoodie tops and pantsrefer the size information as below description,23.9914,4.7,2678.0,2686897.0,0.33501772186147183,10
B0983JZPV4,Fullfamous Baby Girl's 3pc Rib Frill Long Sleeve Romper and Pant Set,Fullfamous Store,Pant Sets,https://m.media-amazon.com/images/I/51A6Hs8kLJL.jpg,https://www.amazon.com/dp/B0983JZPV4,fullfamous baby girl s 3pc rib frill long sleeve romper and pant set premium quality cotton rib fabric for baby girl outfits soft and cozy skin friendly for baby perfect baby girl clothes for gifts baby girl outfits with adorable heart prints express great love from family the ruffled layered shoulder frill pant and headband will highlight your beloved baby beauty baby girl s clothing set are perfect for baby photo birthday gift indoor outdoor baby shower gifts christmas valentine s day new year and any occasions recommended age suitable for baby 3 6 months girl clothes 6 9 months baby girl clothes 9 12 months baby girl clothes and 12 to 18 month girl clothes baby girl outfits includes long sleeve romper pant headband,16.191,4.6,4248.0,2686897.0,0.5256983865914787,10
B0CW9NBPKZ,Unisex Baby Bodysuits Multipacks – Super Soft Cotton One-Piece Undershirt for Newborns and Infants (0-24 Months),Minicoco Store,Unknown,https://m.media-amazon.com/images/I/41OdR+cloaL.jpg,https://www.amazon.com/dp/B0CW9NBPKZ,unisex baby bodysuits multipacks super soft cotton one piece undershirt for newborns and infants 0 24 months 100 pure cotton made from high quality cotton fabric these bodysuits are soft breathable and gentle on your baby s sensitive skin ensuring comfort all day long easy to dress diaper change the retractable collar and snap button crotch make dressing and diaper changes simple and hassle free perfect for busy parents stylish fun designs carefully crafted with vibrant colors and cute patterns these bodysuits are designed to brighten your baby s wardrobe with timeless appeal sizes for all ages available in sizes ranging from 0 24 months 0 3 months 3 6 months 6 9 months 9 12 months 12 18 months 18 24 months ensuring a perfect fit for your growing baby perfect baby gift these bodysuits make a wonderful gift for baby showers birthdays or any special occasion capture the precious moments with your little one in these cozy and stylish outfits,20.99,4.7,49.0,2686897.0,0.33194444444444443,3
B01MSM0SU4,Simple Joys by Carter's baby-girls 6-piece Bodysuits (Short and Long Sleeve) and Pants Set,Simple Joys by Carter's Store,Pant Sets,https://m.media-amazon.com/images/I/51wy+vv31zL.jpg,https://www.amazon.com/dp/B01MSM0SU4,simple joys by carter s baby girls 6 piece bodysuits short and long sleeve and pants set 6 piece clothing set includes 2 short sleeve bodysuits 2 long sleeve bodysuits and 2 pair of pants snap closures reinforced snaps along the bottom make diaper changes quick and easy overlap shoulders expandable neckline with envelope style shoulders allows for hassle free dressing ruffle bottom design stylish playful ruffles on the pants give a cute look to your baby s outfit fun prints and patterns adorable vibrant prints and patterns for a cheerful and stylish look tagless design no scratchy tags ensuring extra comfort for the baby,24.5,4.8,29297.0,2686897.0,0.3201751926721957,10
B073WMFKPZ,Simple Joys by Carter's Baby Girls' 3-Pack Cotton Sleeper Gown,Simple Joys by Carter's Store,Nightgowns,https://m.media-amazon.com/images/I/51siJeViY1L.jpg,https://www.amazon.com/dp/B073WMFKPZ,simple joys by carter s baby girls 3 pack cotton sleeper gown baby girl color palette variety of colors that are perfect for any baby girl ensuring a stylish and timeless look suitable for new babies comfortable fit elastic at the leg closure these gowns provide a snug fit around the legs ensuring that your baby s legs stay warm and cozy throughout the night easy care machine washable and durable these sleep gowns retain their shape and softness after multiple washes making them convenient for busy parents perfect for layering ideal for layering under swaddles or blankets allowing for versatility in various temperatures and sleeping environments great gift option an excellent baby shower or new parent gift providing a practical and stylish addition to baby girls wardrobe certified safe oeko tex standard 100 certified ensuring the fabric is free from harmful substances and safe for your baby s delicate skin,16.5,4.8,16170.0,2686897.0,0.3711515151515152,10
B0DS6141ZT,Toddler Baby Girl Clothes Knit Floral Fly Sleeve Tops Shorts Cute Summer Spring Outfits Infant Clothing Set,Brand: Amnnchya,Short Sets,https://m.media-amazon.com/images/I/41bU4kIaf-L.jpg,https://www.amazon.com/dp/B0DS6141ZT,toddler baby girl clothes knit floral fly sleeve tops shorts cute summer spring outfits infant clothing set materia baby girl summer clothes toddler girl summer clothes soft texture skin friendly breathable suitable for children s delicate skinfeatures knit 3d flower sleeveless tops matching elastic waist shorts boho style 2pc outfit cute baby girl clothes cute toddler girl clothes toddler girl shorts setstyle baby girl summer outfit baby girl spring clothes toddler girl summer outfit baby girl shorts set toddler girl outfits toddler girl floral outfitoccasions suit for daily life at home regular clothes outing clothing photography vacation birthday toddler girl clothes infant girl clothespackage tops and shorts little girls clothes kids summer clothes summer baby girl clothes girls summer clothes toddler girl summer sets,6.99,5.0,1.0,2686897.0,0.6333333333333333,1
B074P49GC8,Hudson Baby Unisex Baby Plush Animal Face Bathrobe,Hudson Baby Store,Robes,https://m.media-amazon.com/images/I/51UWNPg9-sL.jpg,https://www.amazon.com/dp/B074P49GC8,hudson baby unisex baby plush animal face bathrobe animal face plush hooded bath robemade with 100 plush coral fleece fabricsoft and gentle on baby s skinoptimal for everyday useaffordable high quality bath robe,10.99,4.8,8286.0,2686897.0,0.2628284832451499,9
B07GG1R78H,Gerber Baby Girls' 8-Pack Short Sleeve Onesies Bodysuits,Brand: Gerber,Bodysuits,https://m.media-amazon.com/images/I/41RrvI91dhL.jpg,https://www.amazon.com/dp/B07GG1R78H,gerber baby girls 8 pack short sleeve onesies bodysuits includes eight gerber short sleeve onesies bodysuitssoft cotton ribhigher in the front bottom snap closure for easy changing,21.005,4.8,28556.0,2686897.0,0.40896428571428567,10
B071HWBZX1,"Little Me Baby Boys' Assorted, Multi, 0-12/12-24 Month",Little Me Store,Ankle Socks,https://m.media-amazon.com/images/I/51hLQYGULLL.jpg,https://www.amazon.com/dp/B071HWBZX1,little me baby boys assorted multi 0 12 12 24 month assorted size pack this 20 pack of soft ankle baby socks includes 10 pairs in size 0 12 months 10 pairs in size 12 24 months so your newborn can wear them until they are an infant toddler giving you enough socks to cover your baby s feet from 0 3 6 9 12 18 24 months multiple colors designs multiple color options make it easy for you to match with his various clothes and outfits best baby socks that actually stay on the 1 trusted brand for baby newborn infant toddler clothing socks quality baby socks that stay in place on your little one s feet and don t leave elastic marks around their precious little legs all day comfort our luxury cotton blend means less fuss and more fun designed with a mix of soft cotton durable polyester and stretchy spandex for all day long comfort breathability and softness to your baby s foot stretchy material provides a good fit to grow with your child medium thickness makes these baby anti skid socks suitable for all seasons with or without shoes non slip anti slip grip strong grips at the bottom of the socks that also shows its size the non skid pattern on the sole of each sock helps keep your baby safe as they move and play and provides great traction to help keep crawling babies and new walkers from slipping on the hardwood floors or any smooth surfaces non shrink long lasting we conduct extensive fit tests to improve styling and fit to achieve the right comfort level for your littles ones feet guaranteed not to shrink significantly in length and width and to last through many wears and washes,12.295,4.8,8994.0,2686897.0,0.37107142857142855,10
B07M6SSQXH,"Burt's Bees Baby Boys' Sleep & Play PJs, 100% Organic Cotton One-Piece Zip Front Jumpsuit, Baby Boys Footie Pajamas & PJs",Burt's Bees Baby Store,Footies,https://m.media-amazon.com/images/I/41+qqGgdNaL.jpg,https://www.amazon.com/dp/B07M6SSQXH,burt s bees baby boys sleep play pjs 100 organic cotton one piece zip front jumpsuit baby boys footie pajamas pjs organic comfort crafted from 100 organic cotton these baby boys jumpsuit pjs provide gentle softness for your newborn s delicate skin the relaxed and roomy fit ensures comfort for all day wear easy diaper changes designed with a hidden diagonal zip front these baby zip front pajamas make late night diaper changes simple and hassle free thanks to the zipper guard non slip bee grips each pair of these baby boys footie pajamas includes non slip bee grip footies offering stability for early movers during playtime footless options are also available for warmer seasons convertible mitts sizes for newborns and 0 3 months include no scratch mittens keeping your little one s hands warm and safe from tiny nails making them ideal as newborn boys pjs soft and certified organic these baby boys sleep pjs are gots certified by cu 831717 2024 ensuring breathable fabric for day to night comfort the combed and ring spun fabric adds durability making them perfect as baby one piece jumpsuit pjs,14.95,4.8,21640.0,2686897.0,0.22239467592592593,10
B07VKTGVV5,Hudson Baby Baby Girls' Cotton Dress and Cardigan Set,Hudson Baby Store,Playwear,https://m.media-amazon.com/images/I/51nl33jA-gL.jpg,https://www.amazon.com/dp/B07VKTGVV5,hudson baby baby girls cotton dress and cardigan set set includes dress and cardiganmade with 100 cottonsoft gentle and comfortable on baby s skinoptimal for everyday useaffordable high quality outfit,12.4911,4.7,15058.0,2686897.0,0.45625000000000004,2
B08G5FZK73,"HonestBaby Multipack Short Sleeve T-Shirt Tee 100% Organic Cotton Infant Baby, Toddler, Little Kids Boys, Girls, Unisex",HonestBaby Store,Tees,https://m.media-amazon.com/images/I/41kUWQW662L.jpg,https://www.amazon.com/dp/B08G5FZK73,honestbaby multipack short sleeve t shirt tee 100 organic cotton infant baby toddler little kids boys girls unisex 100 organic cotton certified by gots the leading world wide standard for products made in sustainable manufacturing facilities without the use of synthetic pesticides non toxic pvc free and without heavy metal phthalate dyesmulti pack includes 10 pack of stylish colors short sleeve t shirtsfashion function adorable prints and stylish details super cute and super comfy great gift these tees are a wardrobe essential easy to grab wear and wash this 10 pack makes for a perfect shower gift for a new mom new dad or growing familyfabric super soft combed and ring spun for durability softness and no pill washing,24.9958,4.6,5409.0,2686897.0,0.3306872441284206,10
B07CL5HT3S,Simple Joys by Carter's Baby Hooded Sweater Jacket with Sherpa Lining,Simple Joys by Carter's Store,Jackets,https://m.media-amazon.com/images/I/51v981He15L.jpg,https://www.amazon.com/dp/B07CL5HT3S,simple joys by carter s baby hooded sweater jacket with sherpa lining cozy warm quilted cotton blend shell with plush sherpa lining ensures your little one stays warm during chilly days adorable design features an attached hood with charming bear ears adding a playful touch to your baby s winter wardrobe easy layering full zip closure makes it simple to layer over outfits while long sleeves with ribbed cuffs keep the cold out practical stylish includes front pockets for added convenience and style high quality made from a soft cotton polyester blend for lasting comfort and durability unisex suitable for both baby boys and girls making it a versatile addition to any winter collection,18.0,4.8,31972.0,2686897.0,0.30056349206349203,10
B0C7HKDQH3,Carhartt Unisex Baby Long-Sleeve Pocket Bodysuit,Carhartt Store,Bodysuits,https://m.media-amazon.com/images/I/41hOfpLuvNL.jpg,https://www.amazon.com/dp/B0C7HKDQH3,carhartt unisex baby long sleeve pocket bodysuit rib knit crewneck and cuffs hold their shape throughout the dayshoulder and crotch snaps for easy on and offleft chest pocket with sewn on carhartt labeltagless neck label for a smooth feel,14.84,4.9,753.0,2686897.0,0.4337971230492063,10
B0CP3NQCN3,Kaipiclos Newborn Infant Girl Clothes Rib Knit Romper Daisy Print Pants Headband Baby Clothes for Girls 0 3 6 12 18 24 Months,Kaipiclos Store,Pant Sets,https://m.media-amazon.com/images/I/41MpsB3rYcL.jpg,https://www.amazon.com/dp/B0CP3NQCN3,kaipiclos newborn infant girl clothes rib knit romper daisy print pants headband baby clothes for girls 0 3 6 12 18 24 months material the baby girl fall outfits girls fashion clothes sets is made of cotton blend skin friendly soft and comfortable to wear cute baby girl clothes features fresh style toddler bell bottoms outfits sets including solid color ribbed knit cold shoulder solid romper with cute print flared baby bell bottoms pants cute and fashion baby girl fall outfits occasion popular cute newborn fall outfits baby girl clothes suits great for fall winter dailywear going out and coming home outfit parties playsuit family gathering photoshoot birthday christmas gifts valentines day gifts and other festivals etc size 0 3 months 3 6 months 6 12 months 12 18 months 18 24 months please check the size chart in the specification for the fall baby girl clothes before ordering package for winter baby girl clothes 1pc romper tops 1pc flare bell bottoms pants 1pc headbands,17.62,4.5,392.0,2686897.0,0.4195038136466708,10
B07ZPQ8VDN,"Simple Joys by Carter's Baby Boys' 2-Way Zip Thermal Footed Sleep and Play, Pack of 2",Simple Joys by Carter's Store,Clothing,https://m.media-amazon.com/images/I/51p5t5NPv8L.jpg,https://www.amazon.com/dp/B07ZPQ8VDN,simple joys by carter s baby boys 2 way zip thermal footed sleep and play pack of 2 100 cottonimportedzipper closuremachine wash,15.588,4.8,17883.0,2686897.0,0.35304654195011337,10
B01M2CO9DQ,"Simple Joys by Carter's Baby Girls' Long-Sleeve Bodysuit, Pack of 5",Simple Joys by Carter's Store,Bodysuits,https://m.media-amazon.com/images/I/51-yUoOIFPL.jpg,https://www.amazon.com/dp/B01M2CO9DQ,simple joys by carter s baby girls long sleeve bodysuit pack of 5 5 pack value exceptional value with six bodysuits in one pack comfortable long sleeves perfect for layering or wearing alone in warmer weather soft and comfortable made from soft fabric perfect for any season expandable shoulders shoulders overlap for easy over the head dressing and undressing tagless design enjoy comfort with no tags strong snaps durable snaps without nickel keep up with wear and ensure easy diaper changes certified safe oeko tex standard 100 certified ensuring the fabric is safe for your baby s delicate skin,15.2215,4.8,42115.0,2686897.0,0.4065000000222222,10
B088NSCVG2,Onesies Brand Baby Boys' 4-Pack Sleep 'N Play Footies,Brand: Onesies Brand,Footies,https://m.media-amazon.com/images/I/51f3oQfwHeL.jpg,https://www.amazon.com/dp/B088NSCVG2,onesies brand baby boys 4 pack sleep n play footies includes four sleep n playsfront zippers for easy changessafety tab atop zipper to prevent irritationfabric type 100 cotton,23.99,4.7,18534.0,2686897.0,0.32832341266507936,10
B09JFQ74YX,SUNNY PIGGY Newborn Infant Baby Girl Clothes Ruffle Romper Toddler Girl Floral Cotton Pant Sets Girls Clothing Outfit,SUNNY PIGGY Store,Pant Sets,https://m.media-amazon.com/images/I/51tsP5fuzgL.jpg,https://www.amazon.com/dp/B09JFQ74YX,sunny piggy newborn infant baby girl clothes ruffle romper toddler girl floral cotton pant sets girls clothing outfit materials high quality cotton blend fabric super soft and comfortable for your little girl design pretty ruffle sleeve romper top and floral pattern pant sets make your baby girl more adorable in all day cute letter printed is full of love size baby girl clothes 0 3 months 3 6 months baby girl clothes 6 12 month newborn girl outfits 12 18 months toddler girl clothes occasion fit for birthday gifts weddings baby shower parties photograph school park holiday outfits family days play wear indoor wear fall winter spring summer or any other occasion package 1 romper top 1 floral pants 2 cute headband,14.98,4.8,2327.0,2686897.0,0.29761904761904756,2
B07GG593DL,Gerber Baby Boy and Girls 4-Pack Sleeper Gown,Brand: Gerber,Nightgowns,https://m.media-amazon.com/images/I/41MNme3v7TL.jpg,https://www.amazon.com/dp/B07GG593DL,gerber baby boy and girls 4 pack sleeper gown includes four gerber lap shoulder gownssoft cotton ribexpandable lap shoulder necklinemachine wash tumble drybaby clothinggreat gift idea,20.99,4.8,33092.0,2686897.0,0.3507261153198653,10
B08L93432B,Newborn Baby Boy Girl Clothes Ribbed Knitted Cotton Long Sleeve Romper Long Pants Solid Color Fall Winter Outfits,MA&BABY Store,Pant Sets,https://m.media-amazon.com/images/I/41fCgtMuwTL.jpg,https://www.amazon.com/dp/B08L93432B,newborn baby boy girl clothes ribbed knitted cotton long sleeve romper long pants solid color fall winter outfits material made of soft cotton knitted ribbed stretchy and skin friendly fabric super breathable and warm lightweight and comfortable for baby girl and baby boy cute style pull on closure two piece unisex baby pjs set solid color v neck and button design ribbed long sleeve romper top matching drawstring long pants simple yet stylish perfect for spring fall winter size this unisex baby girl boy fall clothes suitable for toddler newborn infant baby of 0 24 months please check the size chart carefully before buying occasions casual tracksuit for your little princess or prince suitable for daily wear baby shower birthday beach photography props play wear family day coming home outfit great fall winter outfit package includes 1 x long sleeve romper top 1 x long pants best gift for your baby who will enjoy the super comfort wearing it,14.9912,4.6,4972.0,2686897.0,0.22409020146520145,10
B0B6DCY8GT,Gerber Baby Girls' 4-Pack Footed Pajamas,Brand: Gerber,Footies,https://m.media-amazon.com/images/I/51b7Q1JOiUL.jpg,https://www.amazon.com/dp/B0B6DCY8GT,gerber baby girls 4 pack footed pajamas includes four pairs of footed snug fit cotton pajamasfeatures snug fit for safety against fires long sleeves crew neck with zipper tab to prevent poking front zipper allows for quick easy changes pj s may be layered under with our onesies bodysuitsdesigned with soft gentle fabric snug design to ensure a comfortable safe night of sleepone purple with allover pink geometric pattern one with allover purple woodland print,23.0023,4.5,4285.0,2686897.0,0.16201042774763882,10
B083XHS9XY,Simple Joys by Carter's unisex-baby 5-pack Side Snap Short-sleeve Bodysuit,Simple Joys by Carter's Store,Bodysuits,https://m.media-amazon.com/images/I/41e08ex7h8L.jpg,https://www.amazon.com/dp/B083XHS9XY,simple joys by carter s unisex baby 5 pack side snap short sleeve bodysuit value pack includes five bodysuits offering great value for everyday wear and easy outfit rotation unisex design perfect for both boys and girls making it a versatile and practical addition to any baby wardrobe side snap closure convenient side snaps for easy dressing and diaper changes minimizing the need to pull over baby s head soft comfortable fabric made from soft breathable cotton to keep your baby comfortable throughout the day durable construction designed for frequent washing without losing shape or softness offering long lasting use easy to layer ideal as a base layer or to wear alone during warmer months providing multiple styling options,19.57,4.8,4553.0,2686897.0,0.24072023809523807,10
B07ZPQHFLC,Simple Joys by Carter's Baby Boys' 2-Pack Fleece Footed Sleep and Play,Simple Joys by Carter's Store,Blanket Sleepers,https://m.media-amazon.com/images/I/41o3+wf5bxL.jpg,https://www.amazon.com/dp/B07ZPQHFLC,simple joys by carter s baby boys 2 pack fleece footed sleep and play great value in a convenient 2 pack get double the style and comfort in this affordable set perfect for building your little one s wardrobe with essential everyday pieces fun prints and colors bright and cheerful designs with playful patterns make these outfits a joy for both parents and little ones adding a touch of charm to any day or night easy two way zipper zips from neck to toe ensure hassle free dressing and diaper changes making these perfect for busy parents and wriggly little ones versatile design comfy fleece is ideal for sleep or play these one pieces keep your little boy comfortable and cute around the clock snug secure fit designed with a tailored fit that stays comfortably in place as your baby moves crawls and explores easy care designed for busy parents this set is machine washable allowing for hassle free cleaning and maintenance,17.249,4.8,21214.0,2686897.0,0.3356940836940837,10
B08Z755PCH,Mioglrie Newborn Infant Baby Girl Clothes Romper Shorts Set Floral Summer Outfits Cute Baby Clothes Girl,Mioglrie Store,Short Sets,https://m.media-amazon.com/images/I/41N0lrCbPML.jpg,https://www.amazon.com/dp/B08Z755PCH,mioglrie newborn infant baby girl clothes romper shorts set floral summer outfits cute baby clothes girl great quality cotton ribbed baby girl romper shorts set bring comfortable feelings soft safe and harmless to baby s skin pretty baby girl clothes for giftsnovel design lovely i got it from my mama express great love from family super soft and stretchy materials for comfortable dressing and sporting pure romper ruffle princess shorts and matching headband create more appealing impression convenient snap closure for easy diaper changes various occasions great baby girls clothing for birthday gifts party and family days nice for photography props dress up and holiday comfy for home wearing and outdoor playing recommended age suitable for newborn baby 0 3 months girl clothes 3 6 months baby girl clothes 6 12 month baby girl clothes and 12 to 18 month girl clothes and baby girl clothes 18 24 months cute newborn baby girl outfits for summer gifts,14.98,4.8,4038.0,2686897.0,0.45869196428571424,10
B0B6Z9MVTF,Onesies Brand baby-girls 3-pack Romper,Brand: Onesies Brand,Rompers,https://m.media-amazon.com/images/I/51ewKexjxWL.jpg,https://www.amazon.com/dp/B0B6Z9MVTF,onesies brand baby girls 3 pack romper includes three baby rompersfeatures inner thigh snaps back placket for easier changesmade with soft breathable cotton fabric perfect to wear in warm weather pair with a cute cardigan on breezy days and our adorable baby shoes purple white mint green with screen print floral art,19.99,4.8,718.0,2686897.0,0.4225,10
B07QPQLW34,Gerber baby-boys 5-pack Short Sleeve Variety Onesies Bodysuits,Brand: Gerber,Bodysuits,https://m.media-amazon.com/images/I/51eMKjd1OqL.jpg,https://www.amazon.com/dp/B07QPQLW34,gerber baby boys 5 pack short sleeve variety onesies bodysuits includes 5 onesies weave type knitcotton rib cotton rayon ribvariety of colors patternsart is screen print and puff print,15.99,4.8,18934.0,2686897.0,0.5339668560272728,10
B07QPQLWYB,Gerber Baby Girls' 5-Pack Short Sleeve Variety Onesies Bodysuits,Brand: Gerber,Bodysuits,https://m.media-amazon.com/images/I/41jw1VoVbrL.jpg,https://www.amazon.com/dp/B07QPQLWYB,gerber baby girls 5 pack short sleeve variety onesies bodysuits includes 5 onesiescotton ribvariety of colors patternsart is screen print and foilspecial size type standard,15.99,4.8,45427.0,2686897.0,0.3962586805555555,8
B092YTHSSV,Gerber Baby 5-Pack Solid Onesie Bodysuits,Brand: Gerber,Bodysuits,https://m.media-amazon.com/images/I/31pMw-k6riL.jpg,https://www.amazon.com/dp/B092YTHSSV,gerber baby 5 pack solid onesie bodysuits includes five solid short sleeve onesies brand bodysuitseasier changes with expandable necklines high positioned bottom snaps sizes pm 0 3m feature two snaps all larger sizes feature three perfect for layering pair our baby girl baby boy bodysuits with our coordinating baby pants baby caps baby socksour solid bodysuits are perfect for personalized baby gifts baby shower gifts or diy projectssolid black,14.99,4.8,55915.0,2686897.0,0.2368576069752178,10
B07Y2KBF2W,Simple Joys by Carter's Baby 3-Pack Snap-up Rompers,Simple Joys by Carter's Store,Rompers,https://m.media-amazon.com/images/I/41+59X5DCyL.jpg,https://www.amazon.com/dp/B07Y2KBF2W,simple joys by carter s baby 3 pack snap up rompers pack of 3 three unisex neutral rompers offering great variety and convenience perfect for everyday wear or as a gift fun unisex prints patterns adorable and playful designs including vibrant colors cute animal characters and more to brighten up your little one s wardrobe snap up closure full length snaps from the neck to the legs make dressing and diaper changes quick and easy allowing for hassle free outfit swaps without pulling over the head short style rompers short sleeve and short leg design is ideal for warm weather keeping your baby cool and offering freedom of movement oeko tex certified made from materials that meet the oeko tex standard 100 ensuring they are free from harmful chemicals and safe for delicate skin,21.5,4.8,20505.0,2686897.0,0.3634048271720969,10
B08GHLBW8P,Gerber Baby Boys' 4-Pack Footed Pajamas,Gerber Store,Footies,https://m.media-amazon.com/images/I/512q+TZZ2UL.jpg,https://www.amazon.com/dp/B08GHLBW8P,gerber baby boys 4 pack footed pajamas snug fit to follow safe sleep regulationsfront zippers for easy changessafety tab atop zipper to promote comfortbaby clothingbaby pajamas baby sleeper baby unionsut,23.003,4.4,3433.0,2686897.0,0.24589880947460316,10
B0DYSWTXH4,PORCLAY Men's Polo Shirt Summer Waffle Short Sleeve Blouses Button Down Beach Tops Textured Golf Shirts with Pocket,PORCLAY Store,Polos,https://m.media-amazon.com/images/I/41KNrR6RC1L.jpg,https://www.amazon.com/dp/B0DYSWTXH4,porclay men s polo shirt summer waffle short sleeve blouses button down beach tops textured golf shirts with pocket material this men s button down short sleeve shirt is made of polyester waffle textured fabric which is wrinkle free moisture wicking breathable skin friendly lightweight perfect for beach vacations and other summer trips features the golf shirts for men features turn down collar and contrast color design short sleeve v neck one front chest pocket can store your pens or sunglasses mens vintage polo shirts make you look more capable and neat basic and stylih styles occasion mens button down shirt is suitable for all occasions such as beach vacation party vintage cosplay golf course cruises holiday travel dating wedding school office business casual hawaiian island work or any casual daily wear match our shirts for men could be easy to match with linen shorts or pants casual pants or shorts to create a simple but fashionable style these casual shirts are great either solo buttoned up or worn unbuttoned over a form fitting t shirt or tank note mens beach clothes is machine washable this fabric are prone to snagging so avoid excessive contact with sharp objects please refer to our size chart information before ordering to choose the best size for you if you want a looser fit plan to purchase one size larger,25.99,4.4,0.0,2686897.0,0.0,0
B0DR8Q5186,ZITY Men's 3 Pack Polo Shirts Short Sleeve Moisture-Wicking Golf Shirt Business Causal Tops,ZITY Store,Polos,https://m.media-amazon.com/images/I/31eiJB+bh-L.jpg,https://www.amazon.com/dp/B0DR8Q5186,zity men s 3 pack polo shirts short sleeve moisture wicking golf shirt business causal tops great value offered in a 3 pack allowing you to get three high quality shirts at an affordable price the 3 pack polo shirts includes three classic colors such as navy gray and black making it easy to match with various outfits and occasions adding versatility to your wardrobepremium fabric these mens short sleeve polo shirts are made from high quality moisture wicking blended fabric which is breathable and quick drying keeping you cool and dry whether in the office or enjoying outdoor activities they provide lasting comfortexquisite appearance this men s polo shirts features a classic minimalist design with textured ribbed collar and cuffs for a refined stylish touch the flexible fit flatters your figure while offering ample freedom of movement making it perfect for sports like golfversatile style our 3 piece men s polo summer shirt strikes the perfect balance between fashion and comfort making it ideal for business casual settings or weekend activities like golf it s an essential wardrobe staple for every modern mandurable easy care these golf shirts are wrinkle resistant and shrink resistant maintaining their shape after washing and eliminating the need for frequent ironing even on busy workdays they help you maintain a neat and polished appearance,29.9947,4.6,5.0,2686897.0,0.23862439613526565,5
B0DSDL34G4,Aulemen Men's Casual Polo Shirts Short Sleeve Classic Collar T-Shirt Slim Fit Button Basic Golf Shirts with Pocket,Aulemen Store,Polos,https://m.media-amazon.com/images/I/412PDeCBVJL.jpg,https://www.amazon.com/dp/B0DSDL34G4,aulemen men s casual polo shirts short sleeve classic collar t shirt slim fit button basic golf shirts with pocket material men s short sleeve casual polo shirt is made of 35 cotton 60 polyester 5 elastane it feels soft nonrestrictive and light design two delicate front pocket and 3 buttons contrast placket design make these men s short sleeve pockets polo shirts more classy high stretch adjustable buttons ensure maximum comfort of the neck slim fit mens golf polo shirts show the masculinity full of confidence and vitality match mens fashion polo t shirt could be matched with stylish jeans chinos or casual pants for leisure look all match and casual create a modern and stylish new look occasion these casual golf tshirt comfortable and slim fit casual wear suit for any casual occasions such as daily wear business office work date golfing outdoor party travel camping street beach etc size please refer to the size chart before you ordering any other questions please contact us freely,19.99,3.8,5.0,2686897.0,0.04020557434018965,2
B0DMSVLHJ1,COOFANDY Men's Textured Polo Shirts Short Sleeve Slim Fit Casual Button Polo T-Shirt Summer Collared Golf Shirt,COOFANDY Store,Polos,https://m.media-amazon.com/images/I/412E5FY0pFL.jpg,https://www.amazon.com/dp/B0DMSVLHJ1,coofandy men s textured polo shirts short sleeve slim fit casual button polo t shirt summer collared golf shirt stretchy fabric men s ribbed polo shirt made from high quality stretchy soft fabric which gives the tee wrinkle free lightweight and soft golf polo shirt will keeping you comfortable skin touch all day classic design casual slim fit polo shirts for men features textured pattern polo collar 3 button closure ribbed hem slim fit solid color polo shirt is a trendy essential addition to men s wardrobe easy match coofandy textured polo shirts can pair with denim or casual pants to get a fashion casual look also with blazer and dress pants for a classy business look the slim fit is also suitable for muscle men classic solid color can be freely matched to create a fashion style multiple occasions this men s polo pullover t shirt is suitable for daily business casual work office dating proms and outdoor activities like golf bowling tennis gym and vacation looking it s perfect gift for your husband dad grandpa and friends garment care the casual business polo shirt is machine washable please check size chart before ordering these men s ribbed fitted polo shirts if you want a looser fit style please take one size up,24.99,4.5,39.0,2686897.0,0.21667622257236224,10
B07L124QBK,Men's Cotton Double Dhoti With Silver Border,Brand: Generic,Casual,https://m.media-amazon.com/images/I/31CnuuTg-nL.jpg,https://www.amazon.com/dp/B07L124QBK,men s cotton double dhoti with silver border material 100 cottonlength 4 mtrsideal for regular and ceremonial use hand wash,29.95,4.4,0.0,2686897.0,0.0,0
B07J31WFNB,Amazon Essentials Skinny Jeans for Women (Stretchy),Amazon Essentials Store,Jeans,https://m.media-amazon.com/images/I/317ELdbuOjL.jpg,https://www.amazon.com/dp/B07J31WFNB,amazon essentials skinny jeans for women stretchy skinny fit experience a snug fit with these stretchy skinny jeans for women that sit comfortably below the natural waist great for all day wear and versatile stylinghigh stretch denim crafted from a cotton blend denim these women s stretchy jeans offer enhanced comfort and fit allowing for movement throughout your day with style and easewardrobe essential these trendy women s jeans feature a slim silhouette making them a versatile piece with various styling options for any occasiondetails enjoy classic five pocket styling a zip fly and shank button closure in these stretchy skinny jeans for women all denim is unique and will vary in color due to wash finish and dyeinseam options choose your ideal fit including petite jeans for women and plus size jeans for women with three inseam lengths for style and comfort inclusivity offered in 3 lengths short 27 regular 29 long 31 each with a 4 7 8 leg opening on us size 6,17.2613,4.2,14065.0,2686897.0,0.21373663009921126,10
B0D1H1HV5F,AEROPOSTALE Women's Aero High Waisted Jegging,AEROPOSTALE Store,Jeans,https://m.media-amazon.com/images/I/41WtHVsJ7wL.jpg,https://www.amazon.com/dp/B0D1H1HV5F,aeropostale women s aero high waisted jegging repreve made from recycled plastic bottles to minimize waste production heavier weight 10 5oz super soft premium seriously stretchy denim2 way stretch fabric holds you in doesn t bag out or gap at the waist and lifts for the best bootyzipper fly5 pocketclean hem contour waistband,49.959,4.4,297.0,2686897.0,0.4020833333333333,1
B07B6KT78H,Lee Women's Ultra Lux Comfort with Flex Motion Bootcut Jean,Lee Store,Jeans,https://m.media-amazon.com/images/I/31jIzmKQGkL.jpg,https://www.amazon.com/dp/B07B6KT78H,lee women s ultra lux comfort with flex motion bootcut jean mid rise regular fitfeaturing flexible non binding waistband5 pocket denim with back pocket detail stitchingrise 10 inches leg opening 18 inches n short 30 inches medium 32 inches long 34 inchesproduct measurements were taken using size 10 medium please note that measurements may vary by size,27.7025,4.4,16561.0,2686897.0,0.2154500869054009,9
B00021NY28,Gloria Vanderbilt Women's Amanda Classic High Rise Tapered Jean,Gloria Vanderbilt Store,Jeans,https://m.media-amazon.com/images/I/31SOCuKTHTL.jpg,https://www.amazon.com/dp/B00021NY28,gloria vanderbilt women s amanda classic high rise tapered jean style classic high rise taper jean sits at natural waist with functional pockets easy zipper fly and belt loops for the fit you love versatility goes great with all tops from fashionable to basic t shirts and all footwear from stylish boots to your favorit shoes length this high rise pant have a 31 inch average inseam 29 inch short inseam and 33 inch long inseam with a 15 inch leg opening availability offered in many different colors prints as well as details see color name for specificsbrand effortlessly fun and stylish gloria vanderbilt is a versatile yet classic look that attracts and connects with the modern sensibility of consumers of all ages,16.7665,4.3,74113.0,2686897.0,0.2690618914815343,10
B0C3L9HJRZ,XZQTIVE 3 Pack Women Belts For Jeans Dresses Pants Ladies Leather Waist Belt with Gold Buckle,XZQTIVE Store,Belts,https://m.media-amazon.com/images/I/41J4EgAOBpL.jpg,https://www.amazon.com/dp/B0C3L9HJRZ,xzqtive 3 pack women belts for jeans dresses pants ladies leather waist belt with gold buckle xzqtive s casual leather belt is made of quality leather material which is soft light weight and touch smooth 1 1in width narrow leather help to make your outfit look more elegant fresh and lively in any season shiny gold buckle golden metal buckle stay classic but still get the fashion trendy capable with two gold metal loops are designed to hang the tail of belt help to stay neat and elegant the metal loops is fixed on belt no worry about loosing like the removable leather loops small to plus size size small fit women pant 24 29 inches size medium fit pant 30 36 inches size large fit pant 37 41 inches size x large fit pant 42 47 inches size xx large fit pant 48 52 inches each set of belts come with a metal pouch to help to make holes on belt to fit your waistline fashion leather belt muti trendy color option black brown tan beige and white two ways to wear leather belt can be used as a pant belt for jean short and dress pant also a waist belt for dress coat sweater blouse and jacket you will get a tun of compliments when you wear this quality women belts xzqtive leather belt 3 pieces leather belts are suitable for women and teen school girl it is a nice choice to share it with your mother friends sisters daughter or girlfriend in christmas holiday birthday valentine s day mother s day and christmas day,21.501,4.5,2353.0,2686897.0,0.43770264202172093,10
B0D91GGC4Z,KUNMI Women's Skinny Ripped Trendy Jeans Distressed Stretchy Denim Pants,KUNMI Store,Jeans,https://m.media-amazon.com/images/I/31THCiHmJIL.jpg,https://www.amazon.com/dp/B0D91GGC4Z,kunmi women s skinny ripped trendy jeans distressed stretchy denim pants 73 cotton 14 rayon 11 polyester 2 spandexa version of the skinny fit these mid waisted distressed jeans offers a comfortable wear with a power stretch denim fabrication featuring the highest elastic and recovery this slim fit jeans for women finished with classic wash and raw tassel hem cute destroyed details at the leg five pocket construction engineered with an eased belt loop waistband that prevents both gapping and muffin top these women distressed jeans are suitable for casual outtings school vacation picnic traveling driving home and daily wear these will be an excellent gift for your friends at any festival for example christmas day birthday valentine s day,36.99,4.3,448.0,2686897.0,0.27618213268213265,5
B07QL1H7KS,Levi Strauss Signature Gold Women's Mid-Rise Slim Fit Capris (Available in Plus Size),Levi Strauss Signature Gold Store,Jeans,https://m.media-amazon.com/images/I/31VlLzcPwCL.jpg,https://www.amazon.com/dp/B07QL1H7KS,levi strauss signature gold women s mid rise slim fit capris available in plus size same great jeans brand new name signature by levi strauss co is now levi strauss signature goldinseam 22 5 available in extended sizespremium quality super stretchy denimhugs your curves and keeps its shape all dayquality is our signature,27.99,4.3,32921.0,2686897.0,0.311265522875817,10
B0DSW6C8PT,Women's Cow Leather Belt for Jeans Pants Fashion Ladies Skinny Dress Waist belt with Gold Buckle,Brand: KONQUWA,Belts,https://m.media-amazon.com/images/I/31u8N8HXU7L.jpg,https://www.amazon.com/dp/B0DSW6C8PT,women s cow leather belt for jeans pants fashion ladies skinny dress waist belt with gold buckle top notch quality this women s belt is made of cowhide high quality materials and rigorous production processes ensure the excellent quality of each productwhich is soft and lightweight ensuring durability and comfort shiny gold buckle the women vintage belt comes with a sparkling gold buckle and gold belt loops it adds a lot of highlights to your outfit and makes your outfit more vintage and stylish the buckle of the ladies western belt is solid metal and is beautifully crafted and antique you can style your favorite outfit by wearing this ladies vintage leather belt size color the thin leather belt length is from 37 6 42 6inches which suit for waist size from 27 38 inches belt width 2 3cm 0 24inch please kindly measure your waist size before purchasing to ensure the belt fits well each belt comes with a hole punch helping to punch holes in the belt to fit your waist the belt comes in black and coffee colors with gold or silver or matte buckles and can be used as a belt for jeans shorts and formal pants as well as for dresses jackets sweaters matching occasions the ladies western thin belt can be worn with many different outfits you add one of these vintage belts for women to pretty much any outfit it will instantly elevate your outfit and add a touch of vintage and style to your overall look the women leather belt with gold buckle not only goes with your daily casual clothes but also works for halloween cosplay music festivals carnivals beach seashores birthday parties and more best choice this women s belt features an elegant design and high quality structure making it the perfect gift for any special occasion whether it s a birthday anniversary valentine s day christmas thanksgiving or just a thoughtful surprise this belt is sure to leave a deep impression on people,19.9,4.8,29.0,2686897.0,0.31434783549783546,10
B09YPYFC4Q,VIPONES Women Jeans High Waisted Skinny Stretchy Soft Slim Fit Distressed Comfy Classic Jeggings Denim Pants,VIPONES Store,Jeans,https://m.media-amazon.com/images/I/41Msj231vXL.jpg,https://www.amazon.com/dp/B09YPYFC4Q,vipones women jeans high waisted skinny stretchy soft slim fit distressed comfy classic jeggings denim pants this denim jeggings for women is made of soft denim with comfortable stretch to flatter all shapes it s sleek and comfortable giving you long and lean look this skinny jeans for women features with a light indigo wash and frayed hem soft cotton blend denim ankle length cut with frayed detail on knee and leg opening to create a distressed lived in look this butt lifting blue straight leg jeans offers you the movement freedom not found in traditional denim giving you curves and flexibility 5 buttons pockets hold you in a slimming effect instant confidence boost conveniently for your daily life long lasting shape holds its shape and hugs in all the right places slim fitted jeans suits for most occasions such as casual school office shopping going out party club vacation and so on garment care hand wash or machine wash separately in cool water wash and dry inside out with like colors don t bleach tumble dry low,32.998,4.0,1839.0,2686897.0,0.22909080502830492,2
B089CJT9NX,Lee Women's Legendary Mid Rise Bootcut Jean,Lee Store,Jeans,https://m.media-amazon.com/images/I/31N8EOg2AIL.jpg,https://www.amazon.com/dp/B089CJT9NX,lee women s legendary mid rise bootcut jean 78 cotton 20 polyester 2 spandeximportedzipper closuremachine washregular fit with a regular fit and a mid rise these bootcut jeans sit comfortably on the hips and have a skimming fit through the seat and thigh designed for everyday comfort these jeans have a leg opening that s perfect for your favorite booties wardrobe classic a great pair of bootcut jeans is a staple for every woman s wardrobe with a flattering silhouette for any shape this style pairs perfectly with your favorite pair of heels or booties,26.0039,4.3,4988.0,2686897.0,0.30640446839485297,10
B09PDMRNNZ,KDF Flare Jeans for Women Women's Bootcut Bell Bottom Jeans High Waisted Stretch Slimming Bell Bottoms Jeans,KDF Store,Jeans,https://m.media-amazon.com/images/I/31rxj2oVC9L.jpg,https://www.amazon.com/dp/B09PDMRNNZ,kdf flare jeans for women women s bootcut bell bottom jeans high waisted stretch slimming bell bottoms jeans black bell bottom jeans style we are obsessing over these black bell bottom jeans for your new season wardrobe featuring a classic black and stretch denim material with a flared design and skinny tights flare jeans are designed with a high waistline to show your perfect curve and let you enjoy it the vintage washes and flared leg make a great pair for your favorite sweaters and tees blue flare jeans style the shape of these flare jeans is designed with you in mind with a few figure and curve enhancing tweaks to give you the perfect fit featuring a blue washed denim material with button fastenings zipper fly distressed knees and a flared hem to the bottom matching occasions add these jeans to your wishlist for effortless everyday styling team these with a blouse and platform heels for a date or party and these women s flare jeans are the good selection for your friend mom at any festival such as valentine s day birthday halloween day christmas day boot cut jeans size details us2 waist 25 1 2 inches hip 33 1 2 inches us4 waist 26 1 2 inches hip 34 1 2 inches us6 waist 27 1 2 inches hip 35 1 2 inches us8 waist 28 1 2 inches hip 36 1 2 inches us10 waist 29 1 2 inches hip 37 1 2 inches us12 waist 31 inches hip 39 inches us14 waist 32 1 2 inches hip 40 1 2 us16 waist 34 inches hip 42 inches us18 waist 35 1 2 inches hip 43 1 2 inches please see more flare jeans size details in the picture attention hand washes cold line dry please note vintage wash will vary slightly with each pair 80 cotton 18 polyester 5 spandex,36.66,4.2,1686.0,2686897.0,0.26858700327450324,10
B07PLVGLW8,Levi's Women's 311 Shaping Skinny Jeans (Also Available in Plus),Levi's Store,Jeans,https://m.media-amazon.com/images/I/316rvUWQYvS.jpg,https://www.amazon.com/dp/B07PLVGLW8,levi s women s 311 shaping skinny jeans also available in plus you might also like the classic straight mid rise sits at waistshapes through hip and thighinseam 28 short 30 medium 32 long front rise 9 1 4 back rise 14 1 8 leg opening 11,48.653,4.4,21243.0,2686897.0,0.3726078869047619,4
B09K1K8117,Levi Strauss Signature Gold Women's Modern Straight Jeans,Levi Strauss Signature Gold Store,Jeans,https://m.media-amazon.com/images/I/31s-q+tWTUL.jpg,https://www.amazon.com/dp/B09K1K8117,levi strauss signature gold women s modern straight jeans same great jeans brand new name signature by levi strauss co is now levi strauss signature goldinseam 29 short 31 medium 33 longavailable in extended sizespremium quality super stretchy denimhugs your curves and keeps its shape all day,27.99,4.4,24332.0,2686897.0,0.2334061237907392,1
B07SH9F51B,Lee Women's Ultra Lux Comfort with Flex Motion Trouser Pant,Lee Store,Casual,https://m.media-amazon.com/images/I/31auobuO1GL.jpg,https://www.amazon.com/dp/B07SH9F51B,lee women s ultra lux comfort with flex motion trouser pant regular fit with a regular fit and mid rise these pants are a work wear must these women s trousers have a flexible non binding waistband for all day comfort flex motion made with flexible fabric and a non binding waistband these women s dress pants are made for long days a work appropriate classic perfect for mixing and matching with your favorite tops discreet pockets two front slant pockets and back welt pockets offer convenient small item storage a lifetime of quality for over 100 years lee has produced quality apparel with durability and long lasting construction in mind lee is committed to designing clothing that conforms to your body allowing you to move through life freely specifications zipper fly with button closure rise 9 75 leg opening 20 inseam short 30 medium 32 long 34 product measurements were taken using size 10 medium please note that measurements may vary by size,36.9914,4.2,19982.0,2686897.0,0.24364739906737407,10
B0C5N9XPCF,Lee Women's Legendary High Rise Trouser Jean,Lee Store,Jeans,https://m.media-amazon.com/images/I/41sjUK0U4BL.jpg,https://www.amazon.com/dp/B0C5N9XPCF,lee women s legendary high rise trouser jean high rise show the world a thing or two about being the fashionable legend you already know you are with these high rise jeans a relaxed high rise fit gives way to a trouser silhouette with front creases for a fashionable twist to your everyday jeans legendary details these high waisted jeans are finished with our iconic logo patch spade pockets and hardware that make lee jeans unique stretch denim strut with confidence in these fashionable trouser jeans made from authentic stretch denim they move with you for all day comfort a lifetime of quality for over 100 years lee has produced quality apparel with durability and long lasting construction in mind lee is committed to designing clothing that conforms to your body allowing you to move through life freely specifications 5 pockets zipper fly with button closure inseam 30 short 32 medium 34 long rise 10 5 bottom leg opening 22 625,44.95,4.2,1612.0,2686897.0,0.210385942571473,10
B09GHFT3M9,Nine West Women's One Step Ready Pull On Jegging,Nine West Store,Jeans,https://m.media-amazon.com/images/I/31YQwbjxKvL.jpg,https://www.amazon.com/dp/B09GHFT3M9,nine west women s one step ready pull on jegging style pull on jegging with midrise hidden elastic comfort waistband usable back pockets mock front details and skinny fitversatility goes great with all tops from fashionable to tee shirts and all your favorite footwear for the flexability you wantlength this flattering jegging come in a 27 5 short inseam 29 5 regular inseam and 31 5 long inseam all with 10 leg openingnine west jeans designed for the eternally evolving modern woman and merges her vivacious sensibility with trending jeanswear essentialsweave type woven,21.7946,4.4,1281.0,2686897.0,0.39416666666666667,10
B0BTSFVMKS,Gloria Vanderbilt Women's Amanda Capri Jean Regular,Gloria Vanderbilt Store,Jeans,https://m.media-amazon.com/images/I/41R8BNkiaSL.jpg,https://www.amazon.com/dp/B0BTSFVMKS,gloria vanderbilt women s amanda capri jean regular style classic capri sits at natural waist with usable pockets zip fly belt loops and stretch for a perfect fit feeling everytimeversatility goes great with all tops and footwear a comfortable movement with maximum recovery ideal for work or play length this high rise waist capri has a 21 inch inseam from crotch to hem with a 16 inch leg openingeffortlessly fun and stylish gloria vanderbilt is a versatile classic look that attracts connects with modern sensibility of consumers of all ages,21.6,4.3,8110.0,2686897.0,0.214625850340136,1
B01DTY5PGW,Lee Women's Plus Size Relaxed Fit Straight Leg Jean,Lee Store,Jeans,https://m.media-amazon.com/images/I/31MTDJYW5KL.jpg,https://www.amazon.com/dp/B01DTY5PGW,lee women s plus size relaxed fit straight leg jean straight leg jean in relaxed fit with embroidered back pocketsrelaxed through seat and thighflex stretch waistband for all day comfortinseams petite 29 regular 32 long 34 bottom opening 19 25,28.0035,4.3,10572.0,2686897.0,0.30653220826792255,10
B0D9G8FPF1,Women High Waisted Cargo Jean for Women with 6 Pockets Straight Wide Leg Jean Casual Baggy Pants,Brand: QICAMO,Jeans,https://m.media-amazon.com/images/I/41l66GgYcxL.jpg,https://www.amazon.com/dp/B0D9G8FPF1,women high waisted cargo jean for women with 6 pockets straight wide leg jean casual baggy pants comfortable high waist fit these cargo jean women feature a high waisted design that flatters your figure and provides a comfortable secure fit perfect for all day wear slight stretch for flexibility with a touch of elasticity these baggy jeans for women offer just the right amount of stretch ensuring ease of movement without compromising style wide leg silhouette the wide leg cut adds a modern and relaxed look to your outfit making these jeans versatile enough for both casual and dressy occasions functional cargo pockets equipped with spacious cargo pockets these wide leg cargo jean for women combine practicality with style offering ample storage while enhancing the overall rugged aesthetic durable denim material made from premium denim with a hint of stretch these pants are both durable and comfortable providing a soft feel and a long lasting addition to your wardrobe,45.99,4.4,245.0,2686897.0,0.27012822247197243,10
B0BN1PZ1VX,"VOOVEEYA Women's Bootcut Leggings - Bootleg Yoga Pants Flare with 4 Pockets,Tummy Control High Waisted Casual Dress Pants",VOOVEEYA Store,Pants,https://m.media-amazon.com/images/I/318Pke7A5KL.jpg,https://www.amazon.com/dp/B0BN1PZ1VX,vooveeya women s bootcut leggings bootleg yoga pants flare with 4 pockets tummy control high waisted casual dress pants buttery soft comfortable trendy jean look boot cut yoga dressy pants with 4 way stretchy quick drying and sweat wicking compressive fabric designed with a high waistband you can wear bootcut jeggings comfortably with tanks t shirts or a sports bra for an easy athleisure look slightly flared deep 4 pockets casual flare leggings for women with 2 roomy front pockets 2 back pockets for storing small personal items such as your phone cash or keys just empty your hands and make your outing convenient with cute flared leggings high waist tummy control slimming fit bootcut dressy leggings for women are designed with high waistband and buttery soft fabric without rolling down or slipping during workout like a gentle hug to your skin visually bootcut leggings for women elongates the legs and accentuates curves customize size unique design stretch lounge athletic pants with pockets can work with different inseam lengths they re completely customizable which flatter every body type and shape all you need to do is cut below the mark of bootleg yoga pants to trim off the extra length you don t need excellent service high waisted bootcut jeans leggings are stretchy squat proof comfortable flare pants just add these bootcut yoga leggings for women with pockets to your cart by clicking the add to cart button,28.98,4.4,3107.0,2686897.0,0.20133460235233738,10
B0C1L9X2Y7,Womens Jeans Mid Waisted Straight Leg Loose Stretchy Lightweight Tummy Control Trendy Jeans for Women 2024,ETTELO Store,Jeans,https://m.media-amazon.com/images/I/31Y0KzBgP-L.jpg,https://www.amazon.com/dp/B0C1L9X2Y7,womens jeans mid waisted straight leg loose stretchy lightweight tummy control trendy jeans for women 2024 jean for women excellent workmanship no odor soft and lightweight straight design stand accentuate your attractive legs more slender sexy is a must have in your closet trendy jeans for women 2025 comes light blue wash process and straight design 4 pockets relaxed fit design more comfortable to wear casual high waisted jeans for women is perfect choice for your daily wear outdoor activities office shopping club party during the holiday dates and any other occasionsflamingo jeans for women which can be worn in all seasons is a must have item for your mother wife and friends to wear with a denim jacket camisole and loafers they will be very happy and love it stretchy jeans for women recommened hand machine wash in cold water do not bleach dry in a dry place please allow 1 2 inch difference due to hand measurement please refer size chart before ordering if you are not sure about the size please contact us,37.9912,3.9,2842.0,2686897.0,0.14600242289753365,10
B0C38W6M1C,Lepunuo Cargo Pants for Women High Waisted Casual Pants Baggy Stretchy Wide Leg Y2K Streetwear with 6 Pockets,Lepunuo Store,Casual,https://m.media-amazon.com/images/I/31qOVkbmuTL.jpg,https://www.amazon.com/dp/B0C38W6M1C,lepunuo cargo pants for women high waisted casual pants baggy stretchy wide leg y2k streetwear with 6 pockets materials lepunuo cargo pants are made of high quality cotton fabric and soft elastic wear resistant fabric suitable for all day wear high stretch high light moisture wicking and comfortable natural cotton fabrics are not recommended for tumble drying or low temperature drying features cargo pants with 6 pockets stretch elastic high waist relaxed fit zipper and button closure hip hop joggers sweatpants wide leg cargo pants y2k style hippie outfits and the loose fit is ideal for casual or sporty match this cargo pants with smooth contour and beautiful appearance basic style which is bloggers favorite perfect for your everyday essentials collection in your closet these cool girl style pants can be paired with crop tops t shirts sweaters cardigans and jackets for spring summer fall and winter occasion this cargo pant is simple but stylish it is a all match item that every fashionable woman or girls will choose anywhere such as school dance room vacation party dating picnics home street gym running club daily life work shopping office indoor and outdoor activities size garment care please refer to the size chart in the instructions to select your normal size loose fit design normal size can be worn in a baggy style or we recommend sizing down for a better fit fully machine washable for easy care wash before wearing wash with like colors wash cold water do not bleach do not wring or twist line dry in the shade,29.99,4.2,5166.0,2686897.0,0.24500404397585504,8
B0C2VD1HN2,Women's Cargo Jeans Pants,GuYongZ Store,Jeans,https://m.media-amazon.com/images/I/41ZWjcrz4HL.jpg,https://www.amazon.com/dp/B0C2VD1HN2,women s cargo jeans pants material the cargo jeans are made 70 cotton 23 chemical fiber 5 viscose 2 spandex skin friendly comfortable for all day wear design women s casual jeans women s straight cargo pants are simple and stylish adding style to your overall attire occasion women s cargo pants are suitable for party shopping office travel daily wear vacation outdoor activities etc it is a good choice for your girlfriend wife or daughter matching straight cargo pants can be matched with shirts camisoles sweatshirts denim tops t shirts pullovers sweaters jackets etc for a stylish and sexy look casual women s cargo pants we recommend washing these women s tight fitting cargo pants in cold water hand wash or machine wash if necessary please wash separately from solid or light colored clothing to avoid fading and staining please do not bleach,36.99,3.7,498.0,2686897.0,0.16682699938913306,10
